Order_ID,Order_Date,Customer_ID,Product_ID,Product_Name,Category,Brand,MRP,Discount_Percent,Sale_Price,Quantity,Revenue,Profit,State,City,Payment_Method,Rating,Delivery_Days,Return_Flag
BBD-0110500,2025-11-09 22:52:00,CUST-85879,PROD-1462,Sony WH-1000XM5 Headphones,Electronics,Sony,29990.0,28.1,21562.81,1,21562.81,2635.91,Gujarat,Vadodara,UPI,4.0,4,0
BBD-0110501,2025-10-22 09:57:00,CUST-25344,PROD-5805,LG 8kg Front Load Washing Machine,Appliances,LG,41990.0,27.9,30274.79,1,30274.79,1700.51,Gujarat,Ahmedabad,Credit Card,4.5,2,0
BBD-0110502,2025-10-25 21:29:00,CUST-85112,PROD-5305,Maybelline New York Matte Lipstick,Beauty & Grooming,Maybelline,449.0,25.0,336.75,4,1347.0,396.94,Haryana,Panipat,Cash on Delivery,5.0,2,0
BBD-0110503,2025-10-24 16:35:00,CUST-13891,PROD-0367,Whirlpool 265L Frost Free Refrigerator,Appliances,Whirlpool,32490.0,26.3,23945.13,1,23945.13,2304.85,Karnataka,Mysore,UPI,3.0,4,0
BBD-0110504,2025-11-13 09:37:00,CUST-69398,PROD-5353,Samsung Galaxy S24 5G,Mobiles,Samsung,74999.0,22.2,58349.22,1,58349.22,1185.69,West Bengal,Siliguri,UPI,5.0,2,0
BBD-0110505,2025-11-13 15:07:00,CUST-34625,PROD-4226,JBL Flip 6 Bluetooth Speaker,Electronics,JBL,11999.0,19.2,9695.19,1,9695.19,1058.73,Kerala,Thiruvananthapuram,Cash on Delivery,2.0,2,0
BBD-0110506,2025-11-20 21:54:00,CUST-52865,PROD-9632,Google Pixel 8a,Mobiles,Google,52999.0,22.0,41339.22,1,41339.22,1097.0,Karnataka,Mangalore,Debit Card,4.5,2,0
BBD-0110507,2025-10-22 05:07:00,CUST-67483,PROD-6684,Apple iPhone 15 (128GB),Mobiles,Apple,79900.0,9.6,72229.6,1,72229.6,6332.42,Maharashtra,Nagpur,Credit Card,5.0,4,0
BBD-0110508,2025-10-17 00:01:00,CUST-72855,PROD-8021,POCO X6 Pro 5G,Mobiles,POCO,24999.0,31.0,17249.31,1,17249.31,344.99,Uttar Pradesh,Agra,UPI,5.0,3,0
BBD-0110509,2025-11-16 21:05:00,CUST-64499,PROD-6814,Noise ColorFit Pro 5 Smartwatch,Electronics,Noise,3999.0,50.5,1979.5,1,1979.5,148.94,Uttar Pradesh,Varanasi,Credit Card,5.0,2,0
BBD-0110510,2025-11-16 01:26:00,CUST-54267,PROD-8627,Apple iPad 10th Gen,Electronics,Apple,39900.0,15.9,33555.9,1,33555.9,4175.55,Rajasthan,Jaipur,Credit Card,3.5,1,0
BBD-0110511,2025-11-12 15:44:00,CUST-25289,PROD-1712,Prestige Iris 750W Mixer Grinder,Home & Kitchen,Prestige,4295.0,40.7,2546.93,1,2546.93,391.3,Telangana,Nizamabad,Debit Card,5.0,3,0
BBD-0110512,2025-11-11 19:36:00,CUST-39441,PROD-9760,Wakefit Orthopedic Memory Mattress,Home & Kitchen,Wakefit,12499.0,34.0,8249.34,3,24748.02,3380.89,Uttar Pradesh,Noida,Cash on Delivery,5.0,1,0
BBD-0110513,2025-10-16 01:40:00,CUST-16591,PROD-5353,Samsung Galaxy S24 5G,Mobiles,Samsung,74999.0,25.3,56024.25,1,56024.25,1120.49,Karnataka,Mysore,Credit Card,5.0,3,0
BBD-0110514,2025-11-13 13:46:00,CUST-80859,PROD-2405,HP Pavilion Gaming Laptop,Electronics,HP,68990.0,16.2,57813.62,1,57813.62,7829.14,Haryana,Panipat,UPI,4.0,3,0
BBD-0110515,2025-10-23 03:12:00,CUST-86082,PROD-5910,LG 43-inch UHD Smart TV,Electronics,LG,38990.0,39.4,23627.94,1,23627.94,2085.4,Gujarat,Ahmedabad,Debit Card,4.5,1,0
BBD-0110516,2025-10-29 20:15:00,CUST-57923,PROD-0694,Bajaj New Shakti Neo Water Heater,Home & Kitchen,Bajaj,6999.0,38.8,4283.39,3,12850.17,2249.65,Telangana,Warangal,Debit Card,4.0,4,0
BBD-0110517,2025-11-07 12:13:00,CUST-65052,PROD-2405,HP Pavilion Gaming Laptop,Electronics,HP,68990.0,17.6,56847.76,2,113695.52,11983.51,West Bengal,Kolkata,UPI,5.0,7,0
BBD-0110518,2025-11-13 19:22:00,CUST-80895,PROD-6684,Apple iPhone 15 (128GB),Mobiles,Apple,79900.0,15.3,67675.3,1,67675.3,4354.59,Tamil Nadu,Coimbatore,UPI,3.5,1,0
BBD-0110519,2025-10-27 13:36:00,CUST-88431,PROD-9760,Wakefit Orthopedic Memory Mattress,Home & Kitchen,Wakefit,12499.0,25.8,9274.26,1,9274.26,1661.12,Maharashtra,Nashik,UPI,5.0,5,0
BBD-0110520,2025-11-20 06:22:00,CUST-71775,PROD-2993,Xiaomi Redmi Note 13 Pro,Mobiles,Xiaomi,25999.0,18.8,21111.19,2,42222.38,844.45,Tamil Nadu,Chennai,UPI,5.0,4,0
BBD-0110521,2025-11-19 01:52:00,CUST-75453,PROD-5910,LG 43-inch UHD Smart TV,Electronics,LG,38990.0,30.1,27254.01,3,81762.03,9427.48,Tamil Nadu,Madurai,UPI,4.0,1,0
BBD-0110522,2025-10-28 15:30:00,CUST-40283,PROD-5305,Maybelline New York Matte Lipstick,Beauty & Grooming,Maybelline,449.0,34.4,294.54,1,294.54,90.49,Haryana,Faridabad,Debit Card,5.0,3,0
BBD-0110523,2025-11-06 17:13:00,CUST-15900,PROD-2993,Xiaomi Redmi Note 13 Pro,Mobiles,Xiaomi,25999.0,24.9,19525.25,1,19525.25,390.5,Kerala,Kochi,UPI,4.5,2,0
BBD-0110524,2025-11-10 13:47:00,CUST-66836,PROD-0367,Whirlpool 265L Frost Free Refrigerator,Appliances,Whirlpool,32490.0,30.6,22548.06,2,45096.12,2334.76,Haryana,Panipat,UPI,4.5,1,0
BBD-0110525,2025-11-02 15:31:00,CUST-80739,PROD-9252,Levi's 511 Slim Fit Jeans,Fashion,Levi's,3999.0,40.8,2367.41,2,4734.82,1126.0,Delhi,New Delhi,Debit Card,5.0,3,0
BBD-0110526,2025-10-22 15:31:00,CUST-15341,PROD-7214,Realme 12 Pro+ 5G,Mobiles,Realme,29999.0,29.2,21239.29,1,21239.29,424.79,Delhi,South Delhi,UPI,3.5,4,1
BBD-0110527,2025-11-02 22:51:00,CUST-41942,PROD-5353,Samsung Galaxy S24 5G,Mobiles,Samsung,74999.0,21.6,58799.22,2,117598.44,3611.51,Tamil Nadu,Coimbatore,Debit Card,5.0,3,0
BBD-0110528,2025-11-18 11:45:00,CUST-15315,PROD-5846,Boat Nirvana Ion Earbuds,Electronics,boAt,4990.0,65.5,1721.55,1,1721.55,56.03,Uttar Pradesh,Varanasi,Credit Card,5.0,5,0
BBD-0110529,2025-10-31 21:58:00,CUST-52726,PROD-1712,Prestige Iris 750W Mixer Grinder,Home & Kitchen,Prestige,4295.0,51.6,2078.78,1,2078.78,323.25,Kerala,Kochi,Debit Card,4.5,1,0
BBD-0110530,2025-11-12 16:21:00,CUST-23072,PROD-4226,JBL Flip 6 Bluetooth Speaker,Electronics,JBL,11999.0,28.2,8615.28,1,8615.28,732.37,Uttar Pradesh,Varanasi,UPI,4.5,1,0
BBD-0110531,2025-11-10 22:28:00,CUST-20831,PROD-6684,Apple iPhone 15 (128GB),Mobiles,Apple,79900.0,18.3,65278.3,1,65278.3,3303.54,Telangana,Nizamabad,Cash on Delivery,3.5,2,0
BBD-0110532,2025-10-28 05:59:00,CUST-21122,PROD-9632,Google Pixel 8a,Mobiles,Google,52999.0,13.6,45791.14,1,45791.14,1898.2,Delhi,New Delhi,UPI,4.0,2,0
BBD-0110533,2025-11-02 00:19:00,CUST-51036,PROD-7356,Biba Women Embroidered Kurta,Fashion,Biba,3299.0,57.8,1392.18,1,1392.18,315.13,West Bengal,Durgapur,UPI,5.0,2,0
BBD-0110534,2025-11-01 22:39:00,CUST-81986,PROD-9235,Nike Air Max Impact Shoes,Fashion,Nike,7995.0,33.3,5332.66,4,21330.64,5927.3,Uttar Pradesh,Lucknow,Credit Card,4.0,1,0
BBD-0110535,2025-11-09 02:44:00,CUST-81629,PROD-8021,POCO X6 Pro 5G,Mobiles,POCO,24999.0,26.0,18499.26,1,18499.26,396.18,Telangana,Nizamabad,UPI,3.0,5,0
BBD-0110536,2025-10-18 22:07:00,CUST-96308,PROD-5910,LG 43-inch UHD Smart TV,Electronics,LG,38990.0,38.2,24095.82,2,48191.64,4823.7,Telangana,Hyderabad,Net Banking,4.0,3,0
BBD-0110537,2025-11-20 19:47:00,CUST-98435,PROD-2405,HP Pavilion Gaming Laptop,Electronics,HP,68990.0,23.8,52570.38,1,52570.38,5792.25,Tamil Nadu,Madurai,UPI,4.5,1,0
BBD-0110538,2025-10-27 17:59:00,CUST-34859,PROD-5910,LG 43-inch UHD Smart TV,Electronics,LG,38990.0,27.0,28462.7,1,28462.7,2016.18,Haryana,Faridabad,Debit Card,4.5,3,0
BBD-0110539,2025-11-08 12:16:00,CUST-80441,PROD-8347,FabIndia Cotton Printed Saree,Fashion,FabIndia,4990.0,26.0,3692.6,1,3692.6,1104.33,Telangana,Hyderabad,Cash on Delivery,5.0,4,0
BBD-0110540,2025-11-19 10:10:00,CUST-73662,PROD-9235,Nike Air Max Impact Shoes,Fashion,Nike,7995.0,27.7,5780.39,1,5780.39,1691.41,Rajasthan,Udaipur,UPI,4.5,4,0
BBD-0110541,2025-11-16 18:08:00,CUST-23887,PROD-9632,Google Pixel 8a,Mobiles,Google,52999.0,21.5,41604.22,1,41604.22,2292.44,Delhi,West Delhi,Credit Card,4.5,2,0
BBD-0110542,2025-11-04 02:01:00,CUST-96299,PROD-2480,Allen Solly Formal Trousers,Fashion,Allen Solly,2499.0,33.6,1659.34,4,6637.36,1639.5,Delhi,New Delhi,UPI,5.0,2,0
BBD-0110543,2025-10-18 15:51:00,CUST-42224,PROD-9399,Motorola Edge 50 Fusion,Mobiles,Motorola,22999.0,20.9,18192.21,2,36384.42,727.69,Kerala,Kozhikode,Net Banking,4.0,3,0
BBD-0110544,2025-11-13 18:41:00,CUST-84223,PROD-9235,Nike Air Max Impact Shoes,Fashion,Nike,7995.0,25.2,5980.26,1,5980.26,1644.79,Tamil Nadu,Salem,UPI,5.0,3,0
BBD-0110545,2025-11-18 23:01:00,CUST-39698,PROD-0694,Bajaj New Shakti Neo Water Heater,Home & Kitchen,Bajaj,6999.0,42.5,4024.42,1,4024.42,676.77,Telangana,Nizamabad,UPI,3.0,3,0
BBD-0110546,2025-11-06 13:47:00,CUST-59035,PROD-1208,Adidas Originals Trefoil Hoodie,Fashion,Adidas,4599.0,41.1,2708.81,2,5417.62,1284.48,Gujarat,Rajkot,Net Banking,4.5,2,0
BBD-0110547,2025-10-23 03:31:00,CUST-23495,PROD-7214,Realme 12 Pro+ 5G,Mobiles,Realme,29999.0,14.7,25589.15,1,25589.15,1049.01,Tamil Nadu,Coimbatore,Debit Card,4.5,2,0
BBD-0110548,2025-11-12 09:49:00,CUST-77813,PROD-9632,Google Pixel 8a,Mobiles,Google,52999.0,19.5,42664.19,1,42664.19,1298.59,Delhi,South Delhi,Debit Card,4.5,2,0
BBD-0110549,2025-10-31 20:02:00,CUST-11584,PROD-5387,Minimalist 10% Niacinamide Serum,Beauty & Grooming,Minimalist,599.0,17.6,493.58,1,493.58,163.97,West Bengal,Siliguri,Credit Card,3.5,7,1
BBD-0110550,2025-10-27 21:30:00,CUST-59310,PROD-1712,Prestige Iris 750W Mixer Grinder,Home & Kitchen,Prestige,4295.0,48.3,2220.51,1,2220.51,337.87,Uttar Pradesh,Agra,UPI,5.0,3,0
BBD-0110551,2025-10-17 14:43:00,CUST-38609,PROD-1208,Adidas Originals Trefoil Hoodie,Fashion,Adidas,4599.0,35.7,2957.16,1,2957.16,708.03,Rajasthan,Jaipur,Credit Card,5.0,2,0
BBD-0110552,2025-10-29 04:38:00,CUST-47325,PROD-9399,Motorola Edge 50 Fusion,Mobiles,Motorola,22999.0,27.5,16674.27,1,16674.27,333.49,Kerala,Kozhikode,Debit Card,3.5,1,0
BBD-0110553,2025-11-18 13:18:00,CUST-39215,PROD-8482,Kent Grand Plus RO Water Purifier,Home & Kitchen,Kent,18500.0,25.6,13764.0,2,27528.0,5435.3,Kerala,Kozhikode,Net Banking,5.0,2,0
BBD-0110554,2025-10-21 00:23:00,CUST-98190,PROD-7180,Philips Series 3000 Beard Trimmer,Beauty & Grooming,Philips,1895.0,24.7,1426.93,2,2853.86,817.6,Gujarat,Ahmedabad,Debit Card,4.0,1,0
BBD-0110555,2025-11-16 13:26:00,CUST-91991,PROD-5353,Samsung Galaxy S24 5G,Mobiles,Samsung,74999.0,29.8,52649.3,1,52649.3,1324.36,Tamil Nadu,Coimbatore,Credit Card,5.0,3,0
BBD-0110556,2025-11-03 20:45:00,CUST-82756,PROD-6305,The Derma Co 1% Hyaluronic Sunscreen,Beauty & Grooming,The Derma Co,499.0,26.0,369.26,1,369.26,110.34,West Bengal,Howrah,UPI,4.0,4,0
BBD-0110557,2025-10-20 08:42:00,CUST-22509,PROD-6098,OnePlus 12R,Mobiles,OnePlus,39999.0,20.7,31719.21,1,31719.21,1985.06,Haryana,Gurgaon,Credit Card,4.0,2,0
BBD-0110558,2025-10-23 17:42:00,CUST-94660,PROD-6098,OnePlus 12R,Mobiles,OnePlus,39999.0,16.8,33279.17,1,33279.17,2486.17,West Bengal,Siliguri,EMI,4.5,1,0
BBD-0110559,2025-10-24 00:59:00,CUST-55496,PROD-5910,LG 43-inch UHD Smart TV,Electronics,LG,38990.0,29.5,27487.95,1,27487.95,2334.21,Delhi,South Delhi,UPI,5.0,2,0
BBD-0110560,2025-11-10 10:02:00,CUST-93212,PROD-2480,Allen Solly Formal Trousers,Fashion,Allen Solly,2499.0,45.3,1366.95,2,2733.9,720.73,Gujarat,Rajkot,UPI,4.5,3,0
BBD-0110561,2025-11-02 03:43:00,CUST-90362,PROD-5846,Boat Nirvana Ion Earbuds,Electronics,boAt,4990.0,63.0,1846.3,1,1846.3,36.93,Uttar Pradesh,Lucknow,EMI,4.5,4,0
BBD-0110562,2025-10-29 13:36:00,CUST-82641,PROD-9632,Google Pixel 8a,Mobiles,Google,52999.0,26.0,39219.26,1,39219.26,784.39,Kerala,Kochi,UPI,5.0,1,0
BBD-0110563,2025-11-19 20:40:00,CUST-43825,PROD-9632,Google Pixel 8a,Mobiles,Google,52999.0,22.4,41127.22,2,82254.44,3497.65,Telangana,Hyderabad,UPI,4.5,1,0
BBD-0110564,2025-10-23 10:09:00,CUST-66566,PROD-1208,Adidas Originals Trefoil Hoodie,Fashion,Adidas,4599.0,34.2,3026.14,1,3026.14,836.48,Karnataka,Mysore,Cash on Delivery,3.5,1,0
BBD-0110565,2025-11-01 10:00:00,CUST-24036,PROD-8021,POCO X6 Pro 5G,Mobiles,POCO,24999.0,22.3,19424.22,1,19424.22,767.98,Maharashtra,Pune,Cash on Delivery,5.0,3,0
BBD-0110566,2025-11-01 04:18:00,CUST-88342,PROD-1712,Prestige Iris 750W Mixer Grinder,Home & Kitchen,Prestige,4295.0,41.7,2503.98,1,2503.98,293.32,Karnataka,Bangalore,UPI,3.5,5,0
BBD-0110567,2025-11-04 06:14:00,CUST-32433,PROD-6082,Samsung 55-inch 4K Smart TV,Electronics,Samsung,54990.0,35.8,35303.58,1,35303.58,1954.47,Kerala,Kochi,UPI,5.0,1,0
BBD-0110568,2025-10-25 20:39:00,CUST-80778,PROD-7725,Milton Thermosteel 1L Flask,Home & Kitchen,Milton,1150.0,21.8,899.3,1,899.3,174.09,Kerala,Kozhikode,Cash on Delivery,1.0,3,0
BBD-0110569,2025-10-18 14:12:00,CUST-31423,PROD-4226,JBL Flip 6 Bluetooth Speaker,Electronics,JBL,11999.0,19.6,9647.2,2,19294.4,1724.86,Kerala,Kochi,Credit Card,1.0,4,0
BBD-0110570,2025-10-17 06:03:00,CUST-46075,PROD-0367,Whirlpool 265L Frost Free Refrigerator,Appliances,Whirlpool,32490.0,28.0,23392.8,1,23392.8,2346.06,Tamil Nadu,Chennai,Cash on Delivery,5.0,2,0
BBD-0110571,2025-10-23 01:46:00,CUST-28703,PROD-5910,LG 43-inch UHD Smart TV,Electronics,LG,38990.0,36.3,24836.63,1,24836.63,1897.81,Maharashtra,Nashik,UPI,5.0,3,0
BBD-0110572,2025-10-31 10:09:00,CUST-65870,PROD-9760,Wakefit Orthopedic Memory Mattress,Home & Kitchen,Wakefit,12499.0,33.1,8361.83,1,8361.83,1360.49,Rajasthan,Kota,Cash on Delivery,4.0,5,1
BBD-0110573,2025-10-21 16:44:00,CUST-97859,PROD-8409,Zara Textured Casual Shirt,Fashion,Zara,2990.0,29.3,2113.93,2,4227.86,1057.63,Uttar Pradesh,Noida,UPI,3.5,3,0
BBD-0110574,2025-10-28 14:26:00,CUST-40396,PROD-3168,Puma Men Motorsport Sneakers,Fashion,Puma,5499.0,54.3,2513.04,1,2513.04,483.24,Kerala,Thiruvananthapuram,UPI,4.5,1,0
BBD-0110575,2025-10-28 01:11:00,CUST-79270,PROD-6082,Samsung 55-inch 4K Smart TV,Electronics,Samsung,54990.0,38.6,33763.86,1,33763.86,2984.78,Haryana,Gurgaon,Credit Card,4.5,2,0
BBD-0110576,2025-11-16 01:36:00,CUST-87160,PROD-8482,Kent Grand Plus RO Water Purifier,Home & Kitchen,Kent,18500.0,27.4,13431.0,1,13431.0,2517.09,Maharashtra,Nashik,Debit Card,5.0,1,0
BBD-0110577,2025-11-03 14:19:00,CUST-84566,PROD-7214,Realme 12 Pro+ 5G,Mobiles,Realme,29999.0,30.2,20939.3,1,20939.3,418.79,Karnataka,Hubli,EMI,5.0,2,0
BBD-0110578,2025-10-23 09:59:00,CUST-78065,PROD-0023,Philips Digital Air Fryer,Home & Kitchen,Philips,10995.0,42.6,6311.13,1,6311.13,937.62,Karnataka,Hubli,Credit Card,4.5,2,0
BBD-0110579,2025-11-01 05:11:00,CUST-16077,PROD-2405,HP Pavilion Gaming Laptop,Electronics,HP,68990.0,20.6,54778.06,3,164334.18,14757.29,Maharashtra,Pune,Cash on Delivery,4.5,2,0
BBD-0110580,2025-11-10 03:01:00,CUST-77922,PROD-1462,Sony WH-1000XM5 Headphones,Electronics,Sony,29990.0,22.1,23362.21,3,70086.63,6702.75,Maharashtra,Pune,Debit Card,4.0,2,0
BBD-0110581,2025-11-06 01:50:00,CUST-33125,PROD-6684,Apple iPhone 15 (128GB),Mobiles,Apple,79900.0,12.7,69752.7,1,69752.7,3807.54,Uttar Pradesh,Agra,UPI,4.5,1,0
BBD-0110582,2025-11-15 13:19:00,CUST-32618,PROD-8021,POCO X6 Pro 5G,Mobiles,POCO,24999.0,20.9,19774.21,1,19774.21,596.88,Uttar Pradesh,Noida,Credit Card,3.0,6,0
BBD-0110583,2025-10-18 10:45:00,CUST-20616,PROD-1712,Prestige Iris 750W Mixer Grinder,Home & Kitchen,Prestige,4295.0,40.8,2542.64,1,2542.64,394.76,West Bengal,Kolkata,Credit Card,4.5,3,1
BBD-0110584,2025-11-16 14:54:00,CUST-91034,PROD-8627,Apple iPad 10th Gen,Electronics,Apple,39900.0,13.5,34513.5,1,34513.5,3896.96,Rajasthan,Jaipur,Credit Card,5.0,2,0
BBD-0110585,2025-11-12 08:16:00,CUST-55594,PROD-9949,Daikin 1.5 Ton 5 Star Inverter AC,Appliances,Daikin,45990.0,31.0,31733.1,1,31733.1,2055.79,Rajasthan,Jodhpur,UPI,5.0,1,0
BBD-0110586,2025-10-29 19:22:00,CUST-49915,PROD-6098,OnePlus 12R,Mobiles,OnePlus,39999.0,7.7,36919.08,1,36919.08,2011.15,Telangana,Nizamabad,Net Banking,4.5,3,0
BBD-0110587,2025-11-15 11:50:00,CUST-97997,PROD-7356,Biba Women Embroidered Kurta,Fashion,Biba,3299.0,61.8,1260.22,3,3780.66,684.44,Maharashtra,Nashik,UPI,5.0,3,0
BBD-0110588,2025-11-14 04:42:00,CUST-48312,PROD-5675,L'Oreal Paris Total Repair Hair Mask,Beauty & Grooming,L'Oreal,499.0,19.0,404.19,1,404.19,118.05,Delhi,North Delhi,Net Banking,5.0,3,0
BBD-0110589,2025-11-04 13:09:00,CUST-81005,PROD-2405,HP Pavilion Gaming Laptop,Electronics,HP,68990.0,21.4,54226.14,1,54226.14,5407.65,Rajasthan,Udaipur,UPI,4.5,3,0
BBD-0110590,2025-11-07 18:25:00,CUST-34756,PROD-2405,HP Pavilion Gaming Laptop,Electronics,HP,68990.0,30.5,47948.05,1,47948.05,3595.78,Tamil Nadu,Salem,UPI,4.5,1,0
BBD-0110591,2025-11-14 15:21:00,CUST-55392,PROD-5353,Samsung Galaxy S24 5G,Mobiles,Samsung,74999.0,20.2,59849.2,1,59849.2,2129.1,Gujarat,Rajkot,Cash on Delivery,5.0,3,0
BBD-0110592,2025-10-25 13:22:00,CUST-58463,PROD-8627,Apple iPad 10th Gen,Electronics,Apple,39900.0,18.0,32718.0,2,65436.0,5863.32,West Bengal,Howrah,UPI,5.0,3,0
BBD-0110593,2025-11-10 12:19:00,CUST-34162,PROD-7180,Philips Series 3000 Beard Trimmer,Beauty & Grooming,Philips,1895.0,19.4,1527.37,1,1527.37,457.32,Rajasthan,Jodhpur,Credit Card,3.0,1,0
BBD-0110594,2025-10-22 03:00:00,CUST-82572,PROD-1208,Adidas Originals Trefoil Hoodie,Fashion,Adidas,4599.0,37.9,2855.98,1,2855.98,676.49,Rajasthan,Kota,UPI,4.0,3,0
BBD-0110595,2025-11-01 22:21:00,CUST-52146,PROD-2875,Dell Inspiron 15 Laptop,Electronics,Dell,56990.0,26.9,41659.69,1,41659.69,3529.66,Telangana,Hyderabad,Cash on Delivery,5.0,1,0
BBD-0110596,2025-10-19 18:37:00,CUST-12511,PROD-9399,Motorola Edge 50 Fusion,Mobiles,Motorola,22999.0,15.7,19388.16,1,19388.16,598.29,Tamil Nadu,Coimbatore,EMI,4.0,3,0
BBD-0110597,2025-10-16 00:42:00,CUST-42962,PROD-4226,JBL Flip 6 Bluetooth Speaker,Electronics,JBL,11999.0,25.2,8975.25,1,8975.25,653.17,Maharashtra,Nashik,Credit Card,5.0,3,0
BBD-0110598,2025-10-24 01:17:00,CUST-41388,PROD-9252,Levi's 511 Slim Fit Jeans,Fashion,Levi's,3999.0,44.7,2211.45,1,2211.45,556.81,Karnataka,Bangalore,UPI,4.0,5,0
BBD-0110599,2025-10-27 16:23:00,CUST-69510,PROD-1712,Prestige Iris 750W Mixer Grinder,Home & Kitchen,Prestige,4295.0,47.1,2272.05,1,2272.05,327.06,Delhi,North Delhi,Debit Card,5.0,2,0
BBD-0110600,2025-11-02 11:09:00,CUST-87769,PROD-6684,Apple iPhone 15 (128GB),Mobiles,Apple,79900.0,15.4,67595.4,1,67595.4,1813.99,West Bengal,Durgapur,UPI,2.0,4,0
BBD-0110601,2025-11-15 11:07:00,CUST-67153,PROD-1462,Sony WH-1000XM5 Headphones,Electronics,Sony,29990.0,31.5,20543.15,1,20543.15,1891.49,Uttar Pradesh,Noida,Credit Card,4.0,2,1
BBD-0110602,2025-10-19 04:27:00,CUST-45601,PROD-2405,HP Pavilion Gaming Laptop,Electronics,HP,68990.0,31.5,47258.15,2,94516.3,7579.72,West Bengal,Durgapur,UPI,4.5,3,0
BBD-0110603,2025-11-18 05:27:00,CUST-63037,PROD-8347,FabIndia Cotton Printed Saree,Fashion,FabIndia,4990.0,31.3,3428.13,1,3428.13,976.2,Tamil Nadu,Madurai,Debit Card,5.0,2,0
BBD-0110604,2025-11-07 21:28:00,CUST-32924,PROD-9632,Google Pixel 8a,Mobiles,Google,52999.0,26.5,38954.26,2,77908.52,1558.17,Uttar Pradesh,Agra,UPI,4.0,3,0
BBD-0110605,2025-10-17 06:18:00,CUST-86936,PROD-6157,Godrej 190L Direct Cool Refrigerator,Appliances,Godrej,16990.0,27.5,12317.75,1,12317.75,584.58,Haryana,Gurgaon,EMI,5.0,1,0
BBD-0110606,2025-11-05 08:31:00,CUST-75802,PROD-9632,Google Pixel 8a,Mobiles,Google,52999.0,16.2,44413.16,1,44413.16,2636.91,Karnataka,Bangalore,UPI,4.5,3,0
BBD-0110607,2025-11-08 01:02:00,CUST-87532,PROD-2993,Xiaomi Redmi Note 13 Pro,Mobiles,Xiaomi,25999.0,28.5,18589.29,1,18589.29,371.79,Telangana,Hyderabad,UPI,4.5,4,0
BBD-0110608,2025-10-18 22:42:00,CUST-81808,PROD-8482,Kent Grand Plus RO Water Purifier,Home & Kitchen,Kent,18500.0,32.4,12506.0,1,12506.0,2035.2,Gujarat,Surat,EMI,5.0,4,0
BBD-0110609,2025-11-13 15:27:00,CUST-75429,PROD-8021,POCO X6 Pro 5G,Mobiles,POCO,24999.0,35.8,16049.36,1,16049.36,320.99,Karnataka,Mysore,Credit Card,4.0,2,0
BBD-0110610,2025-11-06 20:45:00,CUST-61395,PROD-3168,Puma Men Motorsport Sneakers,Fashion,Puma,5499.0,55.7,2436.06,2,4872.12,936.91,Maharashtra,Nashik,UPI,5.0,3,0
BBD-0110611,2025-10-31 12:51:00,CUST-86634,PROD-7356,Biba Women Embroidered Kurta,Fashion,Biba,3299.0,59.2,1345.99,1,1345.99,295.99,Gujarat,Ahmedabad,Debit Card,4.5,1,0
BBD-0110612,2025-11-11 06:55:00,CUST-57948,PROD-8021,POCO X6 Pro 5G,Mobiles,POCO,24999.0,20.5,19874.21,1,19874.21,1287.08,Maharashtra,Mumbai,UPI,2.0,2,0
BBD-0110613,2025-11-20 18:04:00,CUST-99058,PROD-8347,FabIndia Cotton Printed Saree,Fashion,FabIndia,4990.0,31.2,3433.12,2,6866.24,1777.66,Haryana,Faridabad,UPI,4.0,5,0
BBD-0110614,2025-10-17 20:45:00,CUST-82957,PROD-7356,Biba Women Embroidered Kurta,Fashion,Biba,3299.0,56.2,1444.96,1,1444.96,334.98,Tamil Nadu,Coimbatore,UPI,4.5,4,0
BBD-0110615,2025-10-31 22:25:00,CUST-27998,PROD-8347,FabIndia Cotton Printed Saree,Fashion,FabIndia,4990.0,30.4,3473.04,2,6946.08,1824.2,Kerala,Thiruvananthapuram,Credit Card,3.5,3,0
BBD-0110616,2025-11-09 18:30:00,CUST-23516,PROD-1712,Prestige Iris 750W Mixer Grinder,Home & Kitchen,Prestige,4295.0,35.5,2770.28,1,2770.28,403.61,Kerala,Kochi,Net Banking,5.0,2,1
BBD-0110617,2025-11-08 08:19:00,CUST-44468,PROD-7180,Philips Series 3000 Beard Trimmer,Beauty & Grooming,Philips,1895.0,30.8,1311.34,1,1311.34,389.62,Kerala,Kozhikode,Credit Card,3.0,5,0
BBD-0110618,2025-10-26 05:34:00,CUST-64308,PROD-6684,Apple iPhone 15 (128GB),Mobiles,Apple,79900.0,14.7,68154.7,1,68154.7,3685.61,Delhi,North Delhi,Credit Card,5.0,2,0
BBD-0110619,2025-10-25 07:33:00,CUST-33144,PROD-5353,Samsung Galaxy S24 5G,Mobiles,Samsung,74999.0,12.6,65549.13,1,65549.13,1791.08,Tamil Nadu,Coimbatore,Debit Card,4.5,3,0
BBD-0110620,2025-10-23 21:12:00,CUST-51397,PROD-6082,Samsung 55-inch 4K Smart TV,Electronics,Samsung,54990.0,35.8,35303.58,1,35303.58,3019.23,West Bengal,Howrah,UPI,5.0,3,0
BBD-0110621,2025-11-14 04:29:00,CUST-45409,PROD-9252,Levi's 511 Slim Fit Jeans,Fashion,Levi's,3999.0,47.4,2103.47,1,2103.47,454.21,Uttar Pradesh,Lucknow,Debit Card,4.0,2,0
BBD-0110622,2025-10-25 14:47:00,CUST-76260,PROD-9399,Motorola Edge 50 Fusion,Mobiles,Motorola,22999.0,25.4,17157.25,1,17157.25,942.46,Tamil Nadu,Salem,UPI,5.0,3,0
BBD-0110623,2025-11-13 16:54:00,CUST-23678,PROD-6098,OnePlus 12R,Mobiles,OnePlus,39999.0,13.3,34679.13,1,34679.13,2769.72,Delhi,South Delhi,Cash on Delivery,4.5,1,1
BBD-0110624,2025-10-28 20:15:00,CUST-14860,PROD-6814,Noise ColorFit Pro 5 Smartwatch,Electronics,Noise,3999.0,58.6,1655.59,1,1655.59,33.11,Uttar Pradesh,Varanasi,UPI,5.0,1,0
BBD-0110625,2025-11-01 17:41:00,CUST-37204,PROD-9399,Motorola Edge 50 Fusion,Mobiles,Motorola,22999.0,25.9,17042.26,2,34084.52,681.69,Haryana,Panipat,Cash on Delivery,4.5,2,0
BBD-0110626,2025-11-14 02:26:00,CUST-77847,PROD-6098,OnePlus 12R,Mobiles,OnePlus,39999.0,20.8,31679.21,1,31679.21,652.07,Uttar Pradesh,Lucknow,Credit Card,2.0,2,0
BBD-0110627,2025-11-03 20:35:00,CUST-11584,PROD-8627,Apple iPad 10th Gen,Electronics,Apple,39900.0,21.6,31281.6,1,31281.6,3316.68,Gujarat,Rajkot,UPI,3.5,3,0
BBD-0110628,2025-11-20 11:22:00,CUST-78707,PROD-9399,Motorola Edge 50 Fusion,Mobiles,Motorola,22999.0,25.1,17226.25,1,17226.25,472.5,West Bengal,Durgapur,UPI,5.0,1,0
BBD-0110629,2025-11-08 16:05:00,CUST-33292,PROD-5353,Samsung Galaxy S24 5G,Mobiles,Samsung,74999.0,14.4,64199.14,1,64199.14,1676.53,Karnataka,Mysore,EMI,5.0,3,0
BBD-0110630,2025-10-25 02:37:00,CUST-16146,PROD-2897,Bombay Shaving Co Grooming Kit,Beauty & Grooming,Bombay Shaving Co,1499.0,41.5,876.91,2,1753.82,468.09,Kerala,Thiruvananthapuram,UPI,5.0,2,0
BBD-0110631,2025-11-16 19:51:00,CUST-86308,PROD-1208,Adidas Originals Trefoil Hoodie,Fashion,Adidas,4599.0,30.6,3191.71,4,12766.84,3780.63,Maharashtra,Pune,Debit Card,4.5,3,0
BBD-0110632,2025-10-22 05:57:00,CUST-35361,PROD-0694,Bajaj New Shakti Neo Water Heater,Home & Kitchen,Bajaj,6999.0,32.7,4710.33,2,9420.66,1381.62,Uttar Pradesh,Noida,Debit Card,4.0,2,0
BBD-0110633,2025-11-18 17:22:00,CUST-63850,PROD-9632,Google Pixel 8a,Mobiles,Google,52999.0,24.4,40067.24,2,80134.48,1602.69,Gujarat,Rajkot,UPI,4.0,1,0
BBD-0110634,2025-10-22 03:44:00,CUST-60726,PROD-2480,Allen Solly Formal Trousers,Fashion,Allen Solly,2499.0,31.6,1709.32,2,3418.64,896.25,Tamil Nadu,Salem,Debit Card,4.5,1,0
BBD-0110635,2025-11-18 16:27:00,CUST-18756,PROD-8627,Apple iPad 10th Gen,Electronics,Apple,39900.0,21.5,31321.5,2,62643.0,7067.59,Rajasthan,Jaipur,UPI,4.5,2,0
BBD-0110636,2025-10-25 16:38:00,CUST-38873,PROD-6814,Noise ColorFit Pro 5 Smartwatch,Electronics,Noise,3999.0,64.8,1407.65,1,1407.65,28.46,Rajasthan,Udaipur,Credit Card,5.0,3,0
BBD-0110637,2025-10-23 07:20:00,CUST-36682,PROD-8021,POCO X6 Pro 5G,Mobiles,POCO,24999.0,31.2,17199.31,1,17199.31,343.99,Tamil Nadu,Salem,UPI,4.0,3,0
BBD-0110638,2025-10-24 14:50:00,CUST-35288,PROD-6082,Samsung 55-inch 4K Smart TV,Electronics,Samsung,54990.0,36.2,35083.62,1,35083.62,2080.22,Karnataka,Mysore,UPI,5.0,1,0
BBD-0110639,2025-11-05 04:12:00,CUST-76300,PROD-8627,Apple iPad 10th Gen,Electronics,Apple,39900.0,20.0,31920.0,2,63840.0,5652.48,Kerala,Thiruvananthapuram,UPI,4.5,1,0
BBD-0110640,2025-11-20 22:51:00,CUST-37204,PROD-9632,Google Pixel 8a,Mobiles,Google,52999.0,19.0,42929.19,1,42929.19,2449.41,West Bengal,Durgapur,UPI,5.0,2,0
BBD-0110641,2025-11-11 15:43:00,CUST-96878,PROD-2993,Xiaomi Redmi Note 13 Pro,Mobiles,Xiaomi,25999.0,27.9,18745.28,1,18745.28,673.19,Haryana,Faridabad,Credit Card,5.0,3,0
BBD-0110642,2025-11-10 19:24:00,CUST-25516,PROD-8482,Kent Grand Plus RO Water Purifier,Home & Kitchen,Kent,18500.0,23.3,14189.5,1,14189.5,2593.74,Delhi,New Delhi,UPI,4.0,1,1
BBD-0110643,2025-10-25 06:38:00,CUST-17057,PROD-8482,Kent Grand Plus RO Water Purifier,Home & Kitchen,Kent,18500.0,17.2,15318.0,1,15318.0,3296.55,Kerala,Kochi,UPI,5.0,2,0
BBD-0110644,2025-10-28 01:54:00,CUST-78253,PROD-8021,POCO X6 Pro 5G,Mobiles,POCO,24999.0,35.3,16174.35,1,16174.35,323.49,Telangana,Warangal,Debit Card,5.0,2,0
BBD-0110645,2025-10-22 07:37:00,CUST-95689,PROD-3168,Puma Men Motorsport Sneakers,Fashion,Puma,5499.0,46.5,2941.96,1,2941.96,769.55,Uttar Pradesh,Agra,UPI,4.5,2,0
BBD-0110646,2025-11-12 20:08:00,CUST-72747,PROD-5846,Boat Nirvana Ion Earbuds,Electronics,boAt,4990.0,71.2,1437.12,2,2874.24,98.86,Maharashtra,Nagpur,UPI,5.0,2,0
BBD-0110647,2025-10-17 23:45:00,CUST-80859,PROD-1712,Prestige Iris 750W Mixer Grinder,Home & Kitchen,Prestige,4295.0,34.0,2834.7,1,2834.7,395.91,Kerala,Kozhikode,Credit Card,5.0,4,0
BBD-0110648,2025-11-06 07:10:00,CUST-80586,PROD-8347,FabIndia Cotton Printed Saree,Fashion,FabIndia,4990.0,24.7,3757.47,1,3757.47,1164.97,Kerala,Kozhikode,Credit Card,5.0,6,0
BBD-0110649,2025-10-20 08:26:00,CUST-17498,PROD-9235,Nike Air Max Impact Shoes,Fashion,Nike,7995.0,35.6,5148.78,1,5148.78,1357.69,Telangana,Nizamabad,Credit Card,4.5,2,0
BBD-0110650,2025-11-19 00:04:00,CUST-89709,PROD-9632,Google Pixel 8a,Mobiles,Google,52999.0,20.5,42134.21,1,42134.21,842.68,Haryana,Gurgaon,EMI,3.5,1,0
BBD-0110651,2025-10-18 12:59:00,CUST-58450,PROD-1712,Prestige Iris 750W Mixer Grinder,Home & Kitchen,Prestige,4295.0,42.5,2469.62,1,2469.62,423.1,Rajasthan,Jodhpur,Cash on Delivery,4.0,3,0
BBD-0110652,2025-10-23 22:54:00,CUST-65361,PROD-2480,Allen Solly Formal Trousers,Fashion,Allen Solly,2499.0,44.1,1396.94,4,5587.76,1264.44,Karnataka,Bangalore,Debit Card,5.0,2,0
BBD-0110653,2025-10-23 17:52:00,CUST-56718,PROD-6082,Samsung 55-inch 4K Smart TV,Electronics,Samsung,54990.0,36.4,34973.64,3,104920.92,7755.96,Karnataka,Mysore,Credit Card,5.0,2,0
BBD-0110654,2025-11-04 11:03:00,CUST-23678,PROD-8347,FabIndia Cotton Printed Saree,Fashion,FabIndia,4990.0,37.8,3103.78,2,6207.56,1612.47,Uttar Pradesh,Varanasi,UPI,5.0,1,0
BBD-0110655,2025-11-06 13:40:00,CUST-95689,PROD-7214,Realme 12 Pro+ 5G,Mobiles,Realme,29999.0,27.2,21839.27,1,21839.27,436.79,Delhi,South Delhi,Cash on Delivery,3.0,2,0
BBD-0110656,2025-11-04 05:47:00,CUST-86953,PROD-5305,Maybelline New York Matte Lipstick,Beauty & Grooming,Maybelline,449.0,33.5,298.59,3,895.77,236.62,Karnataka,Mangalore,Debit Card,5.0,1,0
BBD-0110657,2025-10-28 19:40:00,CUST-45366,PROD-5910,LG 43-inch UHD Smart TV,Electronics,LG,38990.0,28.6,27838.86,1,27838.86,3142.63,Maharashtra,Mumbai,Credit Card,5.0,6,0
BBD-0110658,2025-10-21 05:37:00,CUST-71641,PROD-5846,Boat Nirvana Ion Earbuds,Electronics,boAt,4990.0,62.0,1896.2,2,3792.4,75.85,Rajasthan,Jodhpur,Net Banking,2.0,2,0
BBD-0110659,2025-11-11 07:08:00,CUST-92081,PROD-2480,Allen Solly Formal Trousers,Fashion,Allen Solly,2499.0,39.5,1511.89,1,1511.89,374.11,Maharashtra,Nagpur,UPI,3.5,2,0
BBD-0110660,2025-10-24 19:59:00,CUST-10039,PROD-8627,Apple iPad 10th Gen,Electronics,Apple,39900.0,7.7,36827.7,1,36827.7,4619.24,Haryana,Faridabad,Debit Card,4.5,3,0
BBD-0110661,2025-10-30 03:06:00,CUST-45202,PROD-6684,Apple iPhone 15 (128GB),Mobiles,Apple,79900.0,9.6,72229.6,1,72229.6,5377.52,Karnataka,Hubli,UPI,5.0,2,0
BBD-0110662,2025-10-16 16:31:00,CUST-61925,PROD-2405,HP Pavilion Gaming Laptop,Electronics,HP,68990.0,33.0,46223.3,1,46223.3,3256.46,West Bengal,Siliguri,UPI,4.5,1,0
BBD-0110663,2025-11-06 06:38:00,CUST-34190,PROD-0367,Whirlpool 265L Frost Free Refrigerator,Appliances,Whirlpool,32490.0,27.9,23425.29,1,23425.29,1829.43,Uttar Pradesh,Lucknow,UPI,4.0,3,0
BBD-0110664,2025-10-21 05:21:00,CUST-93090,PROD-8347,FabIndia Cotton Printed Saree,Fashion,FabIndia,4990.0,32.7,3358.27,1,3358.27,902.88,Karnataka,Bangalore,EMI,5.0,1,0
BBD-0110665,2025-11-11 05:50:00,CUST-79173,PROD-8021,POCO X6 Pro 5G,Mobiles,POCO,24999.0,23.2,19199.23,1,19199.23,631.57,Karnataka,Bangalore,Credit Card,5.0,2,0
BBD-0110666,2025-11-01 05:23:00,CUST-29944,PROD-8409,Zara Textured Casual Shirt,Fashion,Zara,2990.0,29.7,2101.97,1,2101.97,603.51,Maharashtra,Mumbai,Debit Card,5.0,3,1
BBD-0110667,2025-10-25 10:02:00,CUST-23887,PROD-1208,Adidas Originals Trefoil Hoodie,Fashion,Adidas,4599.0,36.0,2943.36,1,2943.36,749.44,Gujarat,Rajkot,UPI,5.0,3,0
BBD-0110668,2025-10-26 19:28:00,CUST-15509,PROD-9252,Levi's 511 Slim Fit Jeans,Fashion,Levi's,3999.0,37.0,2519.37,3,7558.11,1805.21,Delhi,West Delhi,UPI,2.0,2,0
BBD-0110669,2025-11-12 19:07:00,CUST-31991,PROD-9399,Motorola Edge 50 Fusion,Mobiles,Motorola,22999.0,25.2,17203.25,1,17203.25,673.91,Telangana,Warangal,UPI,4.5,2,0
BBD-0110670,2025-11-17 22:11:00,CUST-98761,PROD-8482,Kent Grand Plus RO Water Purifier,Home & Kitchen,Kent,18500.0,32.6,12469.0,1,12469.0,1890.67,Tamil Nadu,Salem,Debit Card,5.0,1,0
BBD-0110671,2025-11-18 17:50:00,CUST-44450,PROD-1208,Adidas Originals Trefoil Hoodie,Fashion,Adidas,4599.0,33.8,3044.54,4,12178.16,3232.8,Tamil Nadu,Madurai,Debit Card,5.0,6,0
BBD-0110672,2025-11-10 09:11:00,CUST-82128,PROD-9632,Google Pixel 8a,Mobiles,Google,52999.0,16.7,44148.17,1,44148.17,2131.69,Rajasthan,Jaipur,Cash on Delivery,5.0,2,0
BBD-0110673,2025-11-20 22:58:00,CUST-73968,PROD-6814,Noise ColorFit Pro 5 Smartwatch,Electronics,Noise,3999.0,55.3,1787.55,2,3575.1,154.56,Rajasthan,Jodhpur,Credit Card,5.0,2,0
BBD-0110674,2025-11-01 22:08:00,CUST-15131,PROD-8347,FabIndia Cotton Printed Saree,Fashion,FabIndia,4990.0,24.5,3767.45,1,3767.45,1144.36,Delhi,New Delhi,Cash on Delivery,5.0,3,0
BBD-0110675,2025-10-23 01:54:00,CUST-40585,PROD-1208,Adidas Originals Trefoil Hoodie,Fashion,Adidas,4599.0,36.3,2929.56,1,2929.56,690.41,West Bengal,Howrah,Credit Card,4.0,1,0
BBD-0110676,2025-10-25 02:02:00,CUST-23491,PROD-2405,HP Pavilion Gaming Laptop,Electronics,HP,68990.0,30.2,48155.02,1,48155.02,3367.87,Haryana,Faridabad,UPI,4.0,4,0
BBD-0110677,2025-10-31 12:40:00,CUST-78166,PROD-1208,Adidas Originals Trefoil Hoodie,Fashion,Adidas,4599.0,41.1,2708.81,2,5417.62,1249.78,Kerala,Thiruvananthapuram,Credit Card,5.0,1,0
BBD-0110678,2025-10-29 23:53:00,CUST-98823,PROD-9399,Motorola Edge 50 Fusion,Mobiles,Motorola,22999.0,14.6,19641.15,1,19641.15,1402.94,Delhi,West Delhi,Credit Card,5.0,2,0
BBD-0110679,2025-11-01 19:32:00,CUST-68883,PROD-9632,Google Pixel 8a,Mobiles,Google,52999.0,19.2,42823.19,2,85646.38,2941.3,Haryana,Panipat,UPI,3.5,3,0
BBD-0110680,2025-10-29 18:01:00,CUST-98403,PROD-3168,Puma Men Motorsport Sneakers,Fashion,Puma,5499.0,42.3,3172.92,1,3172.92,818.83,Delhi,New Delhi,UPI,5.0,3,0
BBD-0110681,2025-11-18 10:24:00,CUST-29565,PROD-9632,Google Pixel 8a,Mobiles,Google,52999.0,24.2,40173.24,1,40173.24,2369.2,Karnataka,Mangalore,UPI,2.0,2,0
BBD-0110682,2025-10-21 13:18:00,CUST-31028,PROD-6157,Godrej 190L Direct Cool Refrigerator,Appliances,Godrej,16990.0,17.2,14067.72,1,14067.72,1046.27,Haryana,Panipat,EMI,1.0,3,0
BBD-0110683,2025-10-24 10:47:00,CUST-62925,PROD-6305,The Derma Co 1% Hyaluronic Sunscreen,Beauty & Grooming,The Derma Co,499.0,17.6,411.18,1,411.18,144.57,Telangana,Warangal,UPI,3.0,3,0
BBD-0110684,2025-11-02 15:46:00,CUST-99725,PROD-9235,Nike Air Max Impact Shoes,Fashion,Nike,7995.0,32.4,5404.62,1,5404.62,1515.74,Karnataka,Bangalore,Credit Card,4.5,2,1
BBD-0110685,2025-11-19 11:50:00,CUST-52168,PROD-2897,Bombay Shaving Co Grooming Kit,Beauty & Grooming,Bombay Shaving Co,1499.0,38.7,918.89,1,918.89,255.0,Rajasthan,Kota,Cash on Delivery,4.5,3,0
BBD-0110686,2025-11-08 19:56:00,CUST-76987,PROD-9949,Daikin 1.5 Ton 5 Star Inverter AC,Appliances,Daikin,45990.0,28.8,32744.88,1,32744.88,1728.37,Kerala,Thiruvananthapuram,Credit Card,5.0,5,0
BBD-0110687,2025-11-16 05:30:00,CUST-11660,PROD-1208,Adidas Originals Trefoil Hoodie,Fashion,Adidas,4599.0,29.1,3260.69,1,3260.69,973.07,Kerala,Kochi,Credit Card,3.0,1,0
BBD-0110688,2025-10-30 18:44:00,CUST-93200,PROD-6814,Noise ColorFit Pro 5 Smartwatch,Electronics,Noise,3999.0,66.9,1323.67,2,2647.34,52.95,Tamil Nadu,Chennai,EMI,4.0,2,0
BBD-0110689,2025-11-04 12:00:00,CUST-19529,PROD-2993,Xiaomi Redmi Note 13 Pro,Mobiles,Xiaomi,25999.0,22.6,20123.23,1,20123.23,673.54,West Bengal,Kolkata,Credit Card,4.5,1,0
BBD-0110690,2025-10-25 18:56:00,CUST-69456,PROD-2405,HP Pavilion Gaming Laptop,Electronics,HP,68990.0,27.7,49879.77,1,49879.77,5811.37,West Bengal,Howrah,EMI,5.0,2,0
BBD-0110691,2025-10-17 23:25:00,CUST-40962,PROD-2405,HP Pavilion Gaming Laptop,Electronics,HP,68990.0,21.9,53881.19,1,53881.19,5707.75,Tamil Nadu,Salem,UPI,5.0,1,0
BBD-0110692,2025-10-19 06:24:00,CUST-63175,PROD-5910,LG 43-inch UHD Smart TV,Electronics,LG,38990.0,35.6,25109.56,2,50219.12,3354.68,West Bengal,Durgapur,Debit Card,4.0,2,0
BBD-0110693,2025-11-01 22:46:00,CUST-39769,PROD-4226,JBL Flip 6 Bluetooth Speaker,Electronics,JBL,11999.0,35.2,7775.35,1,7775.35,770.22,Haryana,Gurgaon,Cash on Delivery,5.0,2,0
BBD-0110694,2025-11-02 10:17:00,CUST-16882,PROD-7725,Milton Thermosteel 1L Flask,Home & Kitchen,Milton,1150.0,17.3,951.05,1,951.05,209.59,Karnataka,Bangalore,Credit Card,3.5,3,0
BBD-0110695,2025-10-18 02:17:00,CUST-20878,PROD-2405,HP Pavilion Gaming Laptop,Electronics,HP,68990.0,16.4,57675.64,1,57675.64,7712.57,Uttar Pradesh,Noida,UPI,3.0,2,0
BBD-0110696,2025-11-08 14:43:00,CUST-35365,PROD-2897,Bombay Shaving Co Grooming Kit,Beauty & Grooming,Bombay Shaving Co,1499.0,47.7,783.98,1,783.98,219.9,West Bengal,Kolkata,UPI,2.0,2,0
BBD-0110697,2025-10-28 12:37:00,CUST-82722,PROD-6082,Samsung 55-inch 4K Smart TV,Electronics,Samsung,54990.0,30.1,38438.01,1,38438.01,4103.35,Uttar Pradesh,Lucknow,UPI,5.0,1,0
BBD-0110698,2025-11-13 20:54:00,CUST-25663,PROD-5353,Samsung Galaxy S24 5G,Mobiles,Samsung,74999.0,28.4,53699.28,2,107398.56,2147.97,Delhi,South Delhi,UPI,4.5,3,0
BBD-0110699,2025-10-22 10:37:00,CUST-40192,PROD-1462,Sony WH-1000XM5 Headphones,Electronics,Sony,29990.0,29.2,21232.92,1,21232.92,2344.26,Telangana,Nizamabad,UPI,5.0,1,0
BBD-0110700,2025-10-25 16:32:00,CUST-82641,PROD-9760,Wakefit Orthopedic Memory Mattress,Home & Kitchen,Wakefit,12499.0,31.4,8574.31,2,17148.62,2526.04,Uttar Pradesh,Noida,Debit Card,5.0,2,0
BBD-0110701,2025-11-07 07:13:00,CUST-18049,PROD-9632,Google Pixel 8a,Mobiles,Google,52999.0,9.9,47752.1,1,47752.1,2657.95,Telangana,Warangal,Cash on Delivery,4.0,2,0
BBD-0110702,2025-11-10 17:52:00,CUST-34707,PROD-5353,Samsung Galaxy S24 5G,Mobiles,Samsung,74999.0,17.7,61724.18,1,61724.18,1644.16,Karnataka,Bangalore,UPI,5.0,2,0
BBD-0110703,2025-10-24 17:56:00,CUST-15742,PROD-2405,HP Pavilion Gaming Laptop,Electronics,HP,68990.0,17.9,56640.79,1,56640.79,6009.95,Delhi,South Delhi,Debit Card,4.5,1,0
BBD-0110704,2025-10-25 00:50:00,CUST-89855,PROD-7214,Realme 12 Pro+ 5G,Mobiles,Realme,29999.0,17.2,24839.17,1,24839.17,1671.84,Gujarat,Surat,UPI,4.5,5,0
BBD-0110705,2025-11-18 17:55:00,CUST-58334,PROD-5353,Samsung Galaxy S24 5G,Mobiles,Samsung,74999.0,16.5,62624.17,1,62624.17,2750.31,Tamil Nadu,Salem,Debit Card,4.5,1,0
BBD-0110706,2025-11-09 05:50:00,CUST-16614,PROD-1208,Adidas Originals Trefoil Hoodie,Fashion,Adidas,4599.0,46.0,2483.46,1,2483.46,592.22,Delhi,West Delhi,UPI,3.5,3,0
BBD-0110707,2025-10-29 18:35:00,CUST-31682,PROD-5387,Minimalist 10% Niacinamide Serum,Beauty & Grooming,Minimalist,599.0,12.2,525.92,1,525.92,190.82,Telangana,Hyderabad,UPI,4.0,2,0
BBD-0110708,2025-11-17 12:29:00,CUST-75700,PROD-5353,Samsung Galaxy S24 5G,Mobiles,Samsung,74999.0,29.6,52799.3,1,52799.3,1693.62,Karnataka,Bangalore,UPI,5.0,1,0
BBD-0110709,2025-10-18 08:37:00,CUST-57552,PROD-5846,Boat Nirvana Ion Earbuds,Electronics,boAt,4990.0,69.0,1546.9,1,1546.9,47.52,West Bengal,Kolkata,Debit Card,4.0,5,0
BBD-0110710,2025-10-22 18:29:00,CUST-25687,PROD-5805,LG 8kg Front Load Washing Machine,Appliances,LG,41990.0,32.2,28469.22,1,28469.22,1628.8,Gujarat,Vadodara,EMI,4.0,4,0
BBD-0110711,2025-11-14 21:36:00,CUST-11908,PROD-7214,Realme 12 Pro+ 5G,Mobiles,Realme,29999.0,23.3,23009.23,1,23009.23,460.18,Kerala,Kochi,UPI,4.5,3,0
BBD-0110712,2025-10-20 16:52:00,CUST-59855,PROD-5387,Minimalist 10% Niacinamide Serum,Beauty & Grooming,Minimalist,599.0,16.6,499.57,1,499.57,171.15,West Bengal,Durgapur,Credit Card,3.5,6,0
BBD-0110713,2025-11-08 15:29:00,CUST-65873,PROD-4226,JBL Flip 6 Bluetooth Speaker,Electronics,JBL,11999.0,22.2,9335.22,1,9335.22,757.57,Delhi,North Delhi,UPI,5.0,3,0
BBD-0110714,2025-11-02 17:20:00,CUST-85254,PROD-9252,Levi's 511 Slim Fit Jeans,Fashion,Levi's,3999.0,40.8,2367.41,2,4734.82,1085.89,Rajasthan,Jaipur,UPI,5.0,3,0
BBD-0110715,2025-10-30 23:38:00,CUST-73940,PROD-7180,Philips Series 3000 Beard Trimmer,Beauty & Grooming,Philips,1895.0,30.9,1309.45,1,1309.45,404.92,Gujarat,Vadodara,Debit Card,4.5,3,0
BBD-0110716,2025-11-18 23:06:00,CUST-25984,PROD-9632,Google Pixel 8a,Mobiles,Google,52999.0,9.4,48017.09,1,48017.09,2145.92,Maharashtra,Pune,UPI,3.5,3,0
BBD-0110717,2025-11-15 23:19:00,CUST-87669,PROD-9399,Motorola Edge 50 Fusion,Mobiles,Motorola,22999.0,27.9,16582.28,1,16582.28,331.65,Karnataka,Mangalore,EMI,3.5,1,0
BBD-0110718,2025-11-06 16:32:00,CUST-10082,PROD-7725,Milton Thermosteel 1L Flask,Home & Kitchen,Milton,1150.0,26.3,847.55,2,1695.1,278.35,Uttar Pradesh,Agra,UPI,4.5,1,0
BBD-0110719,2025-10-30 12:56:00,CUST-34540,PROD-5846,Boat Nirvana Ion Earbuds,Electronics,boAt,4990.0,64.5,1771.45,1,1771.45,61.32,Gujarat,Ahmedabad,UPI,4.0,2,0
BBD-0110720,2025-10-16 03:58:00,CUST-47633,PROD-1712,Prestige Iris 750W Mixer Grinder,Home & Kitchen,Prestige,4295.0,50.2,2138.91,1,2138.91,245.16,Delhi,South Delhi,Net Banking,3.0,3,1
BBD-0110721,2025-10-22 10:50:00,CUST-44717,PROD-6814,Noise ColorFit Pro 5 Smartwatch,Electronics,Noise,3999.0,55.7,1771.56,1,1771.56,111.04,Maharashtra,Nagpur,Debit Card,5.0,1,0
BBD-0110722,2025-11-01 18:09:00,CUST-73968,PROD-4226,JBL Flip 6 Bluetooth Speaker,Electronics,JBL,11999.0,23.9,9131.24,1,9131.24,939.96,Telangana,Warangal,UPI,3.5,2,0
BBD-0110723,2025-11-14 15:48:00,CUST-65061,PROD-2993,Xiaomi Redmi Note 13 Pro,Mobiles,Xiaomi,25999.0,16.6,21683.17,1,21683.17,1488.6,Kerala,Thiruvananthapuram,UPI,4.0,2,0
BBD-0110724,2025-11-17 00:02:00,CUST-71790,PROD-7356,Biba Women Embroidered Kurta,Fashion,Biba,3299.0,49.8,1656.1,2,3312.2,728.4,Telangana,Hyderabad,Debit Card,5.0,3,0
BBD-0110725,2025-10-26 14:56:00,CUST-57433,PROD-1208,Adidas Originals Trefoil Hoodie,Fashion,Adidas,4599.0,35.2,2980.15,4,11920.6,3241.62,Kerala,Kochi,Debit Card,4.0,5,0
BBD-0110726,2025-10-22 16:54:00,CUST-20034,PROD-9949,Daikin 1.5 Ton 5 Star Inverter AC,Appliances,Daikin,45990.0,18.0,37711.8,1,37711.8,4343.28,Karnataka,Mysore,Credit Card,5.0,1,0
BBD-0110727,2025-10-20 19:14:00,CUST-10440,PROD-9632,Google Pixel 8a,Mobiles,Google,52999.0,13.4,45897.13,1,45897.13,1936.82,Haryana,Faridabad,Net Banking,5.0,2,0
BBD-0110728,2025-11-19 16:19:00,CUST-94016,PROD-6082,Samsung 55-inch 4K Smart TV,Electronics,Samsung,54990.0,40.0,32994.0,2,65988.0,6433.43,Maharashtra,Pune,UPI,3.5,3,0
BBD-0110729,2025-10-27 10:46:00,CUST-45128,PROD-2875,Dell Inspiron 15 Laptop,Electronics,Dell,56990.0,16.7,47472.67,2,94945.34,11332.88,Uttar Pradesh,Lucknow,Credit Card,5.0,3,0
BBD-0110730,2025-10-21 16:47:00,CUST-94795,PROD-8347,FabIndia Cotton Printed Saree,Fashion,FabIndia,4990.0,34.1,3288.41,1,3288.41,923.65,West Bengal,Durgapur,UPI,4.5,3,0
BBD-0110731,2025-11-13 10:38:00,CUST-88394,PROD-8627,Apple iPad 10th Gen,Electronics,Apple,39900.0,19.6,32079.6,2,64159.2,5378.09,Rajasthan,Jaipur,Debit Card,5.0,2,0
BBD-0110732,2025-10-30 16:15:00,CUST-50117,PROD-6814,Noise ColorFit Pro 5 Smartwatch,Electronics,Noise,3999.0,64.3,1427.64,1,1427.64,35.11,Maharashtra,Nashik,Credit Card,4.5,2,0
BBD-0110733,2025-11-02 14:18:00,CUST-43040,PROD-9399,Motorola Edge 50 Fusion,Mobiles,Motorola,22999.0,22.2,17893.22,1,17893.22,357.86,Uttar Pradesh,Kanpur,UPI,5.0,1,0
BBD-0110734,2025-11-08 18:09:00,CUST-17069,PROD-6814,Noise ColorFit Pro 5 Smartwatch,Electronics,Noise,3999.0,62.3,1507.62,2,3015.24,81.28,Delhi,New Delhi,UPI,4.5,2,0
BBD-0110735,2025-10-29 14:13:00,CUST-93983,PROD-2993,Xiaomi Redmi Note 13 Pro,Mobiles,Xiaomi,25999.0,22.7,20097.23,1,20097.23,1218.69,Karnataka,Mangalore,UPI,4.0,1,0
BBD-0110736,2025-10-18 20:04:00,CUST-53488,PROD-5846,Boat Nirvana Ion Earbuds,Electronics,boAt,4990.0,63.8,1806.38,1,1806.38,59.44,Karnataka,Bangalore,Credit Card,5.0,3,0
BBD-0110737,2025-11-03 00:38:00,CUST-47100,PROD-7725,Milton Thermosteel 1L Flask,Home & Kitchen,Milton,1150.0,24.5,868.25,1,868.25,150.94,Haryana,Panipat,Credit Card,4.5,3,0
BBD-0110738,2025-11-01 00:04:00,CUST-30577,PROD-5675,L'Oreal Paris Total Repair Hair Mask,Beauty & Grooming,L'Oreal,499.0,18.8,405.19,3,1215.57,391.67,Rajasthan,Jodhpur,UPI,4.5,3,0
BBD-0110739,2025-11-12 22:57:00,CUST-33728,PROD-6098,OnePlus 12R,Mobiles,OnePlus,39999.0,11.4,35439.11,1,35439.11,2651.11,Uttar Pradesh,Kanpur,Credit Card,4.5,2,0
BBD-0110740,2025-10-20 03:24:00,CUST-22579,PROD-0367,Whirlpool 265L Frost Free Refrigerator,Appliances,Whirlpool,32490.0,31.6,22223.16,1,22223.16,1224.62,Tamil Nadu,Coimbatore,Debit Card,5.0,2,0
BBD-0110741,2025-11-20 14:49:00,CUST-46807,PROD-8021,POCO X6 Pro 5G,Mobiles,POCO,24999.0,22.4,19399.22,1,19399.22,387.98,Uttar Pradesh,Noida,UPI,4.5,3,0
BBD-0110742,2025-11-12 19:11:00,CUST-49987,PROD-9235,Nike Air Max Impact Shoes,Fashion,Nike,7995.0,40.8,4733.04,1,4733.04,1049.51,Tamil Nadu,Madurai,UPI,3.5,2,0
BBD-0110743,2025-11-10 06:34:00,CUST-99046,PROD-8595,IFB 6.5kg Top Load Washer,Appliances,IFB,21990.0,31.9,14975.19,1,14975.19,1260.68,Haryana,Panipat,UPI,5.0,3,0
BBD-0110744,2025-10-19 00:38:00,CUST-50146,PROD-2405,HP Pavilion Gaming Laptop,Electronics,HP,68990.0,17.7,56778.77,1,56778.77,7462.89,Rajasthan,Kota,Credit Card,3.0,4,0
BBD-0110745,2025-11-04 11:21:00,CUST-26854,PROD-4226,JBL Flip 6 Bluetooth Speaker,Electronics,JBL,11999.0,31.6,8207.32,1,8207.32,710.09,Tamil Nadu,Chennai,Credit Card,4.0,3,0
BBD-0110746,2025-11-14 18:46:00,CUST-52168,PROD-1462,Sony WH-1000XM5 Headphones,Electronics,Sony,29990.0,20.8,23752.08,2,47504.16,6435.67,Delhi,West Delhi,Debit Card,4.5,1,0
BBD-0110747,2025-10-27 19:08:00,CUST-61813,PROD-9235,Nike Air Max Impact Shoes,Fashion,Nike,7995.0,31.5,5476.58,3,16429.74,4167.85,Uttar Pradesh,Kanpur,UPI,4.0,5,0
BBD-0110748,2025-10-19 00:06:00,CUST-58707,PROD-6157,Godrej 190L Direct Cool Refrigerator,Appliances,Godrej,16990.0,26.3,12521.63,1,12521.63,628.5,Gujarat,Surat,Net Banking,5.0,3,0
BBD-0110749,2025-10-18 07:49:00,CUST-99857,PROD-3168,Puma Men Motorsport Sneakers,Fashion,Puma,5499.0,55.6,2441.56,1,2441.56,548.43,Karnataka,Mangalore,EMI,4.5,1,1
BBD-0110750,2025-10-28 21:33:00,CUST-82512,PROD-5846,Boat Nirvana Ion Earbuds,Electronics,boAt,4990.0,59.7,2010.97,1,2010.97,55.96,Telangana,Hyderabad,Credit Card,5.0,4,0
BBD-0110751,2025-10-26 06:00:00,CUST-77253,PROD-5846,Boat Nirvana Ion Earbuds,Electronics,boAt,4990.0,61.5,1921.15,1,1921.15,69.04,Telangana,Hyderabad,Cash on Delivery,5.0,4,0
BBD-0110752,2025-11-06 07:17:00,CUST-47670,PROD-1462,Sony WH-1000XM5 Headphones,Electronics,Sony,29990.0,23.3,23002.33,1,23002.33,2411.02,Delhi,South Delhi,Credit Card,3.0,7,0
BBD-0110753,2025-10-27 03:47:00,CUST-74169,PROD-9632,Google Pixel 8a,Mobiles,Google,52999.0,11.8,46745.12,1,46745.12,2771.11,Karnataka,Mysore,Credit Card,5.0,4,0
BBD-0110754,2025-11-18 15:30:00,CUST-99700,PROD-6082,Samsung 55-inch 4K Smart TV,Electronics,Samsung,54990.0,39.7,33158.97,2,66317.94,5967.37,Tamil Nadu,Chennai,Debit Card,5.0,4,0
BBD-0110755,2025-11-13 01:16:00,CUST-94460,PROD-9399,Motorola Edge 50 Fusion,Mobiles,Motorola,22999.0,22.4,17847.22,2,35694.44,1877.06,Kerala,Kozhikode,Net Banking,5.0,1,0
BBD-0110756,2025-10-31 04:09:00,CUST-46074,PROD-1462,Sony WH-1000XM5 Headphones,Electronics,Sony,29990.0,17.6,24711.76,1,24711.76,2609.78,Tamil Nadu,Coimbatore,Debit Card,4.5,4,0
BBD-0110757,2025-11-13 11:19:00,CUST-85802,PROD-7356,Biba Women Embroidered Kurta,Fashion,Biba,3299.0,50.5,1633.0,1,1633.0,336.81,Telangana,Hyderabad,UPI,5.0,2,0
BBD-0110758,2025-11-07 08:49:00,CUST-59957,PROD-8627,Apple iPad 10th Gen,Electronics,Apple,39900.0,14.9,33954.9,1,33954.9,4753.82,Uttar Pradesh,Noida,UPI,5.0,1,0
BBD-0110759,2025-11-01 18:09:00,CUST-93072,PROD-1712,Prestige Iris 750W Mixer Grinder,Home & Kitchen,Prestige,4295.0,44.2,2396.61,2,4793.22,781.45,Tamil Nadu,Chennai,Debit Card,4.5,2,0
BBD-0110760,2025-10-16 09:34:00,CUST-74390,PROD-6098,OnePlus 12R,Mobiles,OnePlus,39999.0,7.9,36839.08,1,36839.08,2816.03,Gujarat,Vadodara,Debit Card,4.5,1,0
BBD-0110761,2025-10-18 01:30:00,CUST-94004,PROD-7214,Realme 12 Pro+ 5G,Mobiles,Realme,29999.0,16.3,25109.16,1,25109.16,698.88,Karnataka,Hubli,UPI,5.0,2,0
BBD-0110762,2025-11-03 03:47:00,CUST-10039,PROD-5305,Maybelline New York Matte Lipstick,Beauty & Grooming,Maybelline,449.0,41.4,263.11,2,526.22,132.76,Delhi,West Delhi,UPI,3.5,3,0
BBD-0110763,2025-11-04 11:19:00,CUST-72162,PROD-6305,The Derma Co 1% Hyaluronic Sunscreen,Beauty & Grooming,The Derma Co,499.0,26.6,366.27,2,732.54,209.49,Maharashtra,Nagpur,Credit Card,5.0,1,0
BBD-0110764,2025-10-31 14:48:00,CUST-16052,PROD-8482,Kent Grand Plus RO Water Purifier,Home & Kitchen,Kent,18500.0,31.1,12746.5,1,12746.5,2471.76,Telangana,Warangal,UPI,4.5,2,0
BBD-0110765,2025-11-03 07:23:00,CUST-84827,PROD-6082,Samsung 55-inch 4K Smart TV,Electronics,Samsung,54990.0,34.3,36128.43,1,36128.43,3960.72,Karnataka,Bangalore,UPI,5.0,1,0
BBD-0110766,2025-10-19 23:47:00,CUST-32619,PROD-5805,LG 8kg Front Load Washing Machine,Appliances,LG,41990.0,23.3,32206.33,1,32206.33,2933.68,Gujarat,Vadodara,UPI,5.0,7,0
BBD-0110767,2025-10-20 18:01:00,CUST-43825,PROD-1462,Sony WH-1000XM5 Headphones,Electronics,Sony,29990.0,24.0,22792.4,1,22792.4,2939.89,West Bengal,Howrah,UPI,3.0,2,0
BBD-0110768,2025-10-27 09:57:00,CUST-24394,PROD-7214,Realme 12 Pro+ 5G,Mobiles,Realme,29999.0,14.2,25739.14,1,25739.14,1551.8,Rajasthan,Jaipur,UPI,4.0,2,0
BBD-0110769,2025-10-21 07:56:00,CUST-18803,PROD-8021,POCO X6 Pro 5G,Mobiles,POCO,24999.0,25.3,18674.25,1,18674.25,373.49,Kerala,Kochi,EMI,5.0,3,0
BBD-0110770,2025-10-22 16:58:00,CUST-46822,PROD-2480,Allen Solly Formal Trousers,Fashion,Allen Solly,2499.0,33.7,1656.84,2,3313.68,860.3,West Bengal,Siliguri,Net Banking,4.5,4,0
BBD-0110771,2025-11-03 10:41:00,CUST-97509,PROD-6098,OnePlus 12R,Mobiles,OnePlus,39999.0,14.2,34319.14,1,34319.14,2773.79,Gujarat,Surat,Debit Card,5.0,4,0
BBD-0110772,2025-11-08 23:02:00,CUST-71239,PROD-9632,Google Pixel 8a,Mobiles,Google,52999.0,19.4,42717.19,1,42717.19,987.6,Delhi,South Delhi,Credit Card,4.5,2,0
BBD-0110773,2025-10-20 19:53:00,CUST-77771,PROD-5353,Samsung Galaxy S24 5G,Mobiles,Samsung,74999.0,27.0,54749.27,1,54749.27,2410.26,Karnataka,Mysore,Credit Card,5.0,2,0
BBD-0110774,2025-10-27 20:27:00,CUST-95094,PROD-2993,Xiaomi Redmi Note 13 Pro,Mobiles,Xiaomi,25999.0,26.0,19239.26,2,38478.52,769.57,Kerala,Kozhikode,Credit Card,4.0,2,0
BBD-0110775,2025-10-28 02:48:00,CUST-96225,PROD-8021,POCO X6 Pro 5G,Mobiles,POCO,24999.0,26.0,18499.26,1,18499.26,782.09,Tamil Nadu,Chennai,Credit Card,5.0,1,0
BBD-0110776,2025-10-20 21:02:00,CUST-80569,PROD-2993,Xiaomi Redmi Note 13 Pro,Mobiles,Xiaomi,25999.0,33.7,17237.34,2,34474.68,689.49,Gujarat,Ahmedabad,Credit Card,5.0,3,0
BBD-0110777,2025-10-24 16:16:00,CUST-62545,PROD-8409,Zara Textured Casual Shirt,Fashion,Zara,2990.0,29.5,2107.95,3,6323.85,1885.57,Tamil Nadu,Madurai,Cash on Delivery,3.5,5,0
BBD-0110778,2025-10-29 08:35:00,CUST-18625,PROD-8482,Kent Grand Plus RO Water Purifier,Home & Kitchen,Kent,18500.0,28.9,13153.5,1,13153.5,2131.9,Uttar Pradesh,Varanasi,EMI,5.0,3,0
BBD-0110779,2025-10-28 05:08:00,CUST-75919,PROD-8409,Zara Textured Casual Shirt,Fashion,Zara,2990.0,28.4,2140.84,1,2140.84,574.36,Karnataka,Hubli,EMI,4.5,2,0
BBD-0110780,2025-11-16 20:01:00,CUST-21406,PROD-0367,Whirlpool 265L Frost Free Refrigerator,Appliances,Whirlpool,32490.0,19.3,26219.43,1,26219.43,2421.9,Uttar Pradesh,Noida,UPI,4.5,1,0
BBD-0110781,2025-11-08 05:21:00,CUST-28182,PROD-1462,Sony WH-1000XM5 Headphones,Electronics,Sony,29990.0,22.7,23182.27,3,69546.81,9039.21,Telangana,Nizamabad,UPI,4.5,3,0
BBD-0110782,2025-10-26 11:25:00,CUST-41460,PROD-5805,LG 8kg Front Load Washing Machine,Appliances,LG,41990.0,33.7,27839.37,1,27839.37,2530.01,Rajasthan,Kota,Credit Card,4.5,3,0
BBD-0110783,2025-10-29 23:00:00,CUST-10445,PROD-9252,Levi's 511 Slim Fit Jeans,Fashion,Levi's,3999.0,35.9,2563.36,2,5126.72,1357.21,Tamil Nadu,Chennai,UPI,4.0,2,0
BBD-0110784,2025-11-13 06:16:00,CUST-26438,PROD-4226,JBL Flip 6 Bluetooth Speaker,Electronics,JBL,11999.0,34.5,7859.35,1,7859.35,706.67,Karnataka,Bangalore,Credit Card,5.0,2,0
BBD-0110785,2025-11-09 14:55:00,CUST-27731,PROD-5353,Samsung Galaxy S24 5G,Mobiles,Samsung,74999.0,13.0,65249.13,2,130498.26,10266.12,West Bengal,Durgapur,Credit Card,4.0,2,0
BBD-0110786,2025-10-16 17:07:00,CUST-74077,PROD-2405,HP Pavilion Gaming Laptop,Electronics,HP,68990.0,33.1,46154.31,1,46154.31,4930.84,Gujarat,Ahmedabad,Cash on Delivery,5.0,4,0
BBD-0110787,2025-10-30 09:38:00,CUST-58907,PROD-6684,Apple iPhone 15 (128GB),Mobiles,Apple,79900.0,11.1,71031.1,1,71031.1,5118.69,Maharashtra,Pune,UPI,4.0,6,0
BBD-0110788,2025-10-30 17:41:00,CUST-57638,PROD-8021,POCO X6 Pro 5G,Mobiles,POCO,24999.0,31.8,17049.32,1,17049.32,599.66,Kerala,Thiruvananthapuram,UPI,4.5,3,0
BBD-0110789,2025-10-20 09:26:00,CUST-42315,PROD-5910,LG 43-inch UHD Smart TV,Electronics,LG,38990.0,28.4,27916.84,1,27916.84,3038.61,Kerala,Thiruvananthapuram,Net Banking,4.0,3,0
BBD-0110790,2025-10-24 18:23:00,CUST-96462,PROD-0023,Philips Digital Air Fryer,Home & Kitchen,Philips,10995.0,46.2,5915.31,1,5915.31,711.24,West Bengal,Durgapur,Credit Card,4.5,2,0
BBD-0110791,2025-11-06 14:47:00,CUST-35248,PROD-2993,Xiaomi Redmi Note 13 Pro,Mobiles,Xiaomi,25999.0,30.4,18095.3,1,18095.3,811.54,West Bengal,Siliguri,UPI,3.5,3,0
BBD-0110792,2025-11-20 02:18:00,CUST-29376,PROD-6305,The Derma Co 1% Hyaluronic Sunscreen,Beauty & Grooming,The Derma Co,499.0,19.8,400.2,1,400.2,128.39,Karnataka,Mysore,UPI,5.0,3,0
BBD-0110793,2025-10-20 23:03:00,CUST-55923,PROD-2405,HP Pavilion Gaming Laptop,Electronics,HP,68990.0,24.3,52225.43,1,52225.43,5006.9,Karnataka,Mangalore,Credit Card,5.0,2,0
BBD-0110794,2025-10-21 19:52:00,CUST-57298,PROD-6305,The Derma Co 1% Hyaluronic Sunscreen,Beauty & Grooming,The Derma Co,499.0,21.8,390.22,1,390.22,126.94,Rajasthan,Kota,Debit Card,5.0,1,1
BBD-0110795,2025-11-20 18:01:00,CUST-57490,PROD-9252,Levi's 511 Slim Fit Jeans,Fashion,Levi's,3999.0,42.6,2295.43,2,4590.86,1214.63,West Bengal,Kolkata,UPI,4.0,1,1
BBD-0110796,2025-11-11 14:19:00,CUST-47548,PROD-0023,Philips Digital Air Fryer,Home & Kitchen,Philips,10995.0,37.9,6827.89,1,6827.89,1120.93,Telangana,Hyderabad,UPI,5.0,2,0
BBD-0110797,2025-10-21 14:36:00,CUST-50795,PROD-8595,IFB 6.5kg Top Load Washer,Appliances,IFB,21990.0,25.1,16470.51,1,16470.51,1462.65,Uttar Pradesh,Agra,UPI,5.0,1,0
BBD-0110798,2025-10-22 16:53:00,CUST-14008,PROD-2897,Bombay Shaving Co Grooming Kit,Beauty & Grooming,Bombay Shaving Co,1499.0,34.5,981.85,1,981.85,277.02,Haryana,Gurgaon,Credit Card,4.0,1,0
BBD-0110799,2025-10-24 19:27:00,CUST-70373,PROD-8482,Kent Grand Plus RO Water Purifier,Home & Kitchen,Kent,18500.0,25.0,13875.0,1,13875.0,2252.71,Tamil Nadu,Chennai,Credit Card,5.0,1,1
BBD-0110800,2025-11-03 01:38:00,CUST-22595,PROD-1208,Adidas Originals Trefoil Hoodie,Fashion,Adidas,4599.0,29.2,3256.09,4,13024.36,3463.29,Tamil Nadu,Chennai,EMI,4.0,4,0
BBD-0110801,2025-10-28 23:50:00,CUST-42123,PROD-2993,Xiaomi Redmi Note 13 Pro,Mobiles,Xiaomi,25999.0,22.3,20201.22,1,20201.22,404.02,Haryana,Panipat,Credit Card,4.5,2,0
BBD-0110802,2025-11-19 21:12:00,CUST-30098,PROD-9399,Motorola Edge 50 Fusion,Mobiles,Motorola,22999.0,22.8,17755.23,2,35510.46,710.21,Delhi,New Delhi,Credit Card,5.0,1,0
BBD-0110803,2025-11-07 18:36:00,CUST-49596,PROD-0023,Philips Digital Air Fryer,Home & Kitchen,Philips,10995.0,34.3,7223.72,1,7223.72,1369.47,Delhi,New Delhi,Cash on Delivery,4.5,3,0
BBD-0110804,2025-10-17 23:59:00,CUST-47071,PROD-8021,POCO X6 Pro 5G,Mobiles,POCO,24999.0,29.4,17649.29,1,17649.29,352.99,Karnataka,Mysore,UPI,5.0,3,0
BBD-0110805,2025-10-26 07:23:00,CUST-45732,PROD-6082,Samsung 55-inch 4K Smart TV,Electronics,Samsung,54990.0,46.2,29584.62,1,29584.62,1035.61,Telangana,Hyderabad,Net Banking,3.5,4,0
BBD-0110806,2025-11-15 16:03:00,CUST-31308,PROD-6098,OnePlus 12R,Mobiles,OnePlus,39999.0,23.1,30759.23,1,30759.23,1069.64,West Bengal,Kolkata,Credit Card,4.5,4,0
BBD-0110807,2025-11-09 00:57:00,CUST-40570,PROD-2405,HP Pavilion Gaming Laptop,Electronics,HP,68990.0,30.7,47810.07,1,47810.07,4478.3,Rajasthan,Jodhpur,Debit Card,4.0,5,0
BBD-0110808,2025-10-31 22:19:00,CUST-50735,PROD-7356,Biba Women Embroidered Kurta,Fashion,Biba,3299.0,55.9,1454.86,2,2909.72,598.25,Gujarat,Surat,Credit Card,5.0,4,0
BBD-0110809,2025-10-26 19:04:00,CUST-17325,PROD-8021,POCO X6 Pro 5G,Mobiles,POCO,24999.0,26.9,18274.27,2,36548.54,730.97,Rajasthan,Jodhpur,UPI,4.0,3,0
BBD-0110810,2025-10-27 00:13:00,CUST-31235,PROD-7214,Realme 12 Pro+ 5G,Mobiles,Realme,29999.0,31.6,20519.32,1,20519.32,410.39,Uttar Pradesh,Kanpur,Cash on Delivery,4.5,3,0
BBD-0110811,2025-11-09 18:05:00,CUST-15331,PROD-8627,Apple iPad 10th Gen,Electronics,Apple,39900.0,20.1,31880.1,1,31880.1,2560.31,Uttar Pradesh,Varanasi,UPI,5.0,2,0
BBD-0110812,2025-10-23 07:28:00,CUST-55514,PROD-1208,Adidas Originals Trefoil Hoodie,Fashion,Adidas,4599.0,30.1,3214.7,3,9644.1,2841.77,Gujarat,Surat,UPI,5.0,6,0
BBD-0110813,2025-10-22 22:17:00,CUST-25507,PROD-2480,Allen Solly Formal Trousers,Fashion,Allen Solly,2499.0,35.8,1604.36,1,1604.36,385.96,Delhi,New Delhi,Cash on Delivery,4.0,2,1
BBD-0110814,2025-10-30 07:31:00,CUST-39257,PROD-6305,The Derma Co 1% Hyaluronic Sunscreen,Beauty & Grooming,The Derma Co,499.0,16.9,414.67,1,414.67,129.41,Uttar Pradesh,Noida,Credit Card,4.5,3,0
BBD-0110815,2025-10-21 10:29:00,CUST-30342,PROD-0367,Whirlpool 265L Frost Free Refrigerator,Appliances,Whirlpool,32490.0,23.1,24984.81,1,24984.81,1405.28,Karnataka,Hubli,Debit Card,3.5,2,0
BBD-0110816,2025-11-03 08:09:00,CUST-59428,PROD-8627,Apple iPad 10th Gen,Electronics,Apple,39900.0,6.1,37466.1,1,37466.1,4656.18,Telangana,Nizamabad,UPI,5.0,3,0
BBD-0110817,2025-10-28 02:03:00,CUST-61925,PROD-6684,Apple iPhone 15 (128GB),Mobiles,Apple,79900.0,17.1,66237.1,1,66237.1,4040.41,Karnataka,Mysore,EMI,5.0,3,0
BBD-0110818,2025-10-27 02:35:00,CUST-70855,PROD-6814,Noise ColorFit Pro 5 Smartwatch,Electronics,Noise,3999.0,52.4,1903.52,1,1903.52,132.9,Delhi,North Delhi,UPI,4.5,2,0
BBD-0110819,2025-10-28 10:41:00,CUST-89635,PROD-4226,JBL Flip 6 Bluetooth Speaker,Electronics,JBL,11999.0,30.1,8387.3,1,8387.3,543.01,Delhi,North Delhi,EMI,5.0,2,0
BBD-0110820,2025-11-03 05:06:00,CUST-10043,PROD-2875,Dell Inspiron 15 Laptop,Electronics,Dell,56990.0,29.0,40462.9,1,40462.9,3763.04,Telangana,Hyderabad,Debit Card,5.0,4,0
BBD-0110821,2025-11-12 18:40:00,CUST-19919,PROD-6814,Noise ColorFit Pro 5 Smartwatch,Electronics,Noise,3999.0,55.8,1767.56,1,1767.56,89.52,Haryana,Faridabad,UPI,2.0,2,0
BBD-0110822,2025-10-27 14:54:00,CUST-37879,PROD-0023,Philips Digital Air Fryer,Home & Kitchen,Philips,10995.0,44.5,6102.22,2,12204.44,1725.03,Uttar Pradesh,Noida,Credit Card,4.5,1,0
BBD-0110823,2025-11-03 12:48:00,CUST-13961,PROD-9632,Google Pixel 8a,Mobiles,Google,52999.0,10.3,47540.1,1,47540.1,3546.39,Kerala,Kochi,UPI,4.0,2,0
BBD-0110824,2025-10-31 10:11:00,CUST-84474,PROD-8627,Apple iPad 10th Gen,Electronics,Apple,39900.0,9.9,35949.9,2,71899.8,10768.84,Maharashtra,Mumbai,UPI,4.5,5,0
BBD-0110825,2025-10-16 13:27:00,CUST-79085,PROD-3168,Puma Men Motorsport Sneakers,Fashion,Puma,5499.0,51.8,2650.52,3,7951.56,1598.55,Telangana,Hyderabad,Net Banking,4.5,2,0
BBD-0110826,2025-10-21 14:02:00,CUST-22040,PROD-6082,Samsung 55-inch 4K Smart TV,Electronics,Samsung,54990.0,38.6,33763.86,1,33763.86,3413.96,Rajasthan,Jodhpur,Debit Card,4.0,5,0
BBD-0110827,2025-11-06 03:46:00,CUST-81230,PROD-1462,Sony WH-1000XM5 Headphones,Electronics,Sony,29990.0,22.7,23182.27,1,23182.27,2031.54,Uttar Pradesh,Kanpur,Debit Card,5.0,2,0
BBD-0110828,2025-11-13 15:14:00,CUST-97884,PROD-1208,Adidas Originals Trefoil Hoodie,Fashion,Adidas,4599.0,33.0,3081.33,1,3081.33,799.01,Haryana,Faridabad,UPI,4.5,2,0
BBD-0110829,2025-11-16 03:11:00,CUST-28498,PROD-5305,Maybelline New York Matte Lipstick,Beauty & Grooming,Maybelline,449.0,37.5,280.62,1,280.62,84.33,Tamil Nadu,Salem,UPI,3.0,4,0
BBD-0110830,2025-11-03 16:43:00,CUST-56857,PROD-6305,The Derma Co 1% Hyaluronic Sunscreen,Beauty & Grooming,The Derma Co,499.0,20.3,397.7,3,1193.1,406.46,Kerala,Kozhikode,UPI,4.5,5,0
BBD-0110831,2025-10-29 16:14:00,CUST-79674,PROD-6082,Samsung 55-inch 4K Smart TV,Electronics,Samsung,54990.0,30.5,38218.05,1,38218.05,2803.67,Kerala,Kochi,UPI,5.0,1,0
BBD-0110832,2025-11-02 19:05:00,CUST-55105,PROD-6814,Noise ColorFit Pro 5 Smartwatch,Electronics,Noise,3999.0,65.7,1371.66,3,4114.98,196.08,West Bengal,Howrah,Credit Card,5.0,1,0
BBD-0110833,2025-10-24 13:10:00,CUST-88342,PROD-6098,OnePlus 12R,Mobiles,OnePlus,39999.0,19.3,32279.19,1,32279.19,1371.93,Uttar Pradesh,Varanasi,Credit Card,5.0,4,0
BBD-0110834,2025-11-13 16:35:00,CUST-96798,PROD-2897,Bombay Shaving Co Grooming Kit,Beauty & Grooming,Bombay Shaving Co,1499.0,36.7,948.87,1,948.87,278.9,Karnataka,Mangalore,UPI,3.5,2,0
BBD-0110835,2025-10-27 00:10:00,CUST-26590,PROD-9252,Levi's 511 Slim Fit Jeans,Fashion,Levi's,3999.0,38.6,2455.39,1,2455.39,618.98,Delhi,South Delhi,Net Banking,5.0,2,0
BBD-0110836,2025-11-06 18:50:00,CUST-73616,PROD-4226,JBL Flip 6 Bluetooth Speaker,Electronics,JBL,11999.0,35.9,7691.36,1,7691.36,606.47,Kerala,Thiruvananthapuram,Credit Card,4.5,3,0
BBD-0110837,2025-10-22 23:52:00,CUST-81607,PROD-1462,Sony WH-1000XM5 Headphones,Electronics,Sony,29990.0,31.4,20573.14,1,20573.14,1915.34,West Bengal,Howrah,Debit Card,5.0,3,0
BBD-0110838,2025-10-30 13:32:00,CUST-28282,PROD-0694,Bajaj New Shakti Neo Water Heater,Home & Kitchen,Bajaj,6999.0,37.8,4353.38,3,13060.14,1859.86,Tamil Nadu,Chennai,UPI,4.5,3,0
BBD-0110839,2025-10-22 14:20:00,CUST-39758,PROD-1462,Sony WH-1000XM5 Headphones,Electronics,Sony,29990.0,16.8,24951.68,1,24951.68,3304.64,Maharashtra,Pune,Cash on Delivery,5.0,4,0
BBD-0110840,2025-11-14 10:21:00,CUST-78369,PROD-6157,Godrej 190L Direct Cool Refrigerator,Appliances,Godrej,16990.0,24.6,12810.46,1,12810.46,852.81,Kerala,Kozhikode,Debit Card,5.0,2,0
BBD-0110841,2025-11-18 16:32:00,CUST-63894,PROD-8021,POCO X6 Pro 5G,Mobiles,POCO,24999.0,28.7,17824.29,1,17824.29,356.49,Uttar Pradesh,Kanpur,UPI,5.0,4,0
BBD-0110842,2025-11-13 04:04:00,CUST-99221,PROD-5387,Minimalist 10% Niacinamide Serum,Beauty & Grooming,Minimalist,599.0,5.0,569.05,2,1138.1,414.41,West Bengal,Howrah,Debit Card,5.0,3,1
BBD-0110843,2025-10-29 21:14:00,CUST-17256,PROD-2405,HP Pavilion Gaming Laptop,Electronics,HP,68990.0,29.0,48982.9,1,48982.9,5705.8,West Bengal,Kolkata,UPI,5.0,2,0
BBD-0110844,2025-10-26 21:51:00,CUST-77253,PROD-8482,Kent Grand Plus RO Water Purifier,Home & Kitchen,Kent,18500.0,32.7,12450.5,1,12450.5,2099.81,Rajasthan,Jodhpur,UPI,4.5,2,0
BBD-0110845,2025-11-07 07:32:00,CUST-25740,PROD-2480,Allen Solly Formal Trousers,Fashion,Allen Solly,2499.0,29.9,1751.8,1,1751.8,459.28,Rajasthan,Udaipur,UPI,3.5,1,1
BBD-0110846,2025-11-08 05:29:00,CUST-32912,PROD-1462,Sony WH-1000XM5 Headphones,Electronics,Sony,29990.0,17.5,24741.75,1,24741.75,3272.89,Tamil Nadu,Madurai,Credit Card,5.0,3,0
BBD-0110847,2025-10-21 14:09:00,CUST-67009,PROD-8021,POCO X6 Pro 5G,Mobiles,POCO,24999.0,25.0,18749.25,1,18749.25,406.91,Kerala,Thiruvananthapuram,Credit Card,5.0,5,0
BBD-0110848,2025-10-31 17:39:00,CUST-23389,PROD-0367,Whirlpool 265L Frost Free Refrigerator,Appliances,Whirlpool,32490.0,35.4,20988.54,1,20988.54,1160.73,Telangana,Nizamabad,UPI,5.0,2,0
BBD-0110849,2025-11-13 05:58:00,CUST-35978,PROD-5910,LG 43-inch UHD Smart TV,Electronics,LG,38990.0,24.4,29476.44,1,29476.44,3651.03,Telangana,Hyderabad,Credit Card,4.0,1,0
BBD-0110850,2025-10-23 22:12:00,CUST-58337,PROD-5675,L'Oreal Paris Total Repair Hair Mask,Beauty & Grooming,L'Oreal,499.0,31.3,342.81,1,342.81,110.84,West Bengal,Durgapur,Credit Card,5.0,2,0
BBD-0110851,2025-10-24 12:35:00,CUST-93200,PROD-3168,Puma Men Motorsport Sneakers,Fashion,Puma,5499.0,53.8,2540.54,4,10162.16,2294.25,Rajasthan,Jodhpur,UPI,5.0,3,0
BBD-0110852,2025-10-26 01:22:00,CUST-90855,PROD-3168,Puma Men Motorsport Sneakers,Fashion,Puma,5499.0,51.1,2689.01,2,5378.02,1275.13,Tamil Nadu,Chennai,Debit Card,5.0,4,0
BBD-0110853,2025-11-04 04:50:00,CUST-67198,PROD-2897,Bombay Shaving Co Grooming Kit,Beauty & Grooming,Bombay Shaving Co,1499.0,34.4,983.34,1,983.34,278.15,Telangana,Hyderabad,UPI,3.5,1,0
BBD-0110854,2025-11-12 00:45:00,CUST-45592,PROD-7725,Milton Thermosteel 1L Flask,Home & Kitchen,Milton,1150.0,28.8,818.8,1,818.8,117.86,West Bengal,Siliguri,UPI,4.5,1,0
BBD-0110855,2025-10-19 09:44:00,CUST-65048,PROD-8021,POCO X6 Pro 5G,Mobiles,POCO,24999.0,35.1,16224.35,1,16224.35,324.49,Gujarat,Vadodara,Cash on Delivery,4.5,2,0
BBD-0110856,2025-11-20 18:13:00,CUST-63953,PROD-8482,Kent Grand Plus RO Water Purifier,Home & Kitchen,Kent,18500.0,25.6,13764.0,1,13764.0,2083.25,Telangana,Warangal,UPI,4.5,2,0
BBD-0110857,2025-10-18 08:38:00,CUST-54839,PROD-7356,Biba Women Embroidered Kurta,Fashion,Biba,3299.0,47.2,1741.87,3,5225.61,1209.7,Kerala,Kochi,Credit Card,4.0,1,0
BBD-0110858,2025-10-20 17:20:00,CUST-75554,PROD-6082,Samsung 55-inch 4K Smart TV,Electronics,Samsung,54990.0,44.1,30739.41,1,30739.41,2490.87,Telangana,Nizamabad,UPI,5.0,1,0
BBD-0110859,2025-11-12 14:55:00,CUST-97710,PROD-0694,Bajaj New Shakti Neo Water Heater,Home & Kitchen,Bajaj,6999.0,32.8,4703.33,2,9406.66,1323.36,Telangana,Nizamabad,UPI,5.0,2,0
BBD-0110860,2025-10-20 22:48:00,CUST-25007,PROD-6098,OnePlus 12R,Mobiles,OnePlus,39999.0,14.5,34199.14,1,34199.14,1652.17,West Bengal,Siliguri,Cash on Delivery,4.5,5,0
BBD-0110861,2025-11-17 19:50:00,CUST-53502,PROD-6098,OnePlus 12R,Mobiles,OnePlus,39999.0,22.8,30879.23,1,30879.23,744.76,Maharashtra,Nashik,UPI,4.0,2,0
BBD-0110862,2025-11-06 13:15:00,CUST-18590,PROD-9235,Nike Air Max Impact Shoes,Fashion,Nike,7995.0,28.1,5748.4,2,11496.8,2873.01,Gujarat,Vadodara,UPI,4.0,2,0
BBD-0110863,2025-10-26 18:30:00,CUST-84534,PROD-6684,Apple iPhone 15 (128GB),Mobiles,Apple,79900.0,16.3,66876.3,1,66876.3,2581.78,Haryana,Panipat,Credit Card,4.5,7,0
BBD-0110864,2025-10-23 18:14:00,CUST-71009,PROD-5353,Samsung Galaxy S24 5G,Mobiles,Samsung,74999.0,16.1,62924.16,1,62924.16,3975.75,Karnataka,Mangalore,UPI,5.0,1,0
BBD-0110865,2025-11-04 00:39:00,CUST-26559,PROD-9235,Nike Air Max Impact Shoes,Fashion,Nike,7995.0,37.9,4964.89,1,4964.89,1349.27,Delhi,North Delhi,UPI,4.0,2,1
BBD-0110866,2025-11-12 19:28:00,CUST-12049,PROD-2993,Xiaomi Redmi Note 13 Pro,Mobiles,Xiaomi,25999.0,26.4,19135.26,1,19135.26,382.71,Uttar Pradesh,Noida,UPI,5.0,6,0
BBD-0110867,2025-10-25 11:24:00,CUST-96336,PROD-7725,Milton Thermosteel 1L Flask,Home & Kitchen,Milton,1150.0,18.1,941.85,1,941.85,183.59,Kerala,Thiruvananthapuram,UPI,5.0,3,0
BBD-0110868,2025-11-14 10:53:00,CUST-81429,PROD-2405,HP Pavilion Gaming Laptop,Electronics,HP,68990.0,20.2,55054.02,1,55054.02,6331.77,Karnataka,Bangalore,UPI,4.5,3,0
BBD-0110869,2025-10-21 11:33:00,CUST-91967,PROD-8021,POCO X6 Pro 5G,Mobiles,POCO,24999.0,20.5,19874.21,1,19874.21,437.66,Uttar Pradesh,Lucknow,UPI,5.0,1,0
BBD-0110870,2025-10-18 10:28:00,CUST-53607,PROD-9399,Motorola Edge 50 Fusion,Mobiles,Motorola,22999.0,26.1,16996.26,2,33992.52,679.85,Delhi,South Delhi,Debit Card,4.5,3,0
BBD-0110871,2025-10-22 01:13:00,CUST-37111,PROD-1462,Sony WH-1000XM5 Headphones,Electronics,Sony,29990.0,17.9,24621.79,1,24621.79,2827.24,Kerala,Kozhikode,Credit Card,5.0,2,0
BBD-0110872,2025-11-20 13:58:00,CUST-22944,PROD-7214,Realme 12 Pro+ 5G,Mobiles,Realme,29999.0,17.3,24809.17,1,24809.17,1243.67,Karnataka,Mangalore,UPI,5.0,2,0
BBD-0110873,2025-11-01 01:32:00,CUST-28440,PROD-9252,Levi's 511 Slim Fit Jeans,Fashion,Levi's,3999.0,50.3,1987.5,1,1987.5,407.52,Telangana,Nizamabad,Credit Card,4.5,1,0
BBD-0110874,2025-11-14 18:30:00,CUST-70781,PROD-2875,Dell Inspiron 15 Laptop,Electronics,Dell,56990.0,22.2,44338.22,1,44338.22,3862.82,West Bengal,Kolkata,Debit Card,4.5,3,0
BBD-0110875,2025-10-25 06:46:00,CUST-59285,PROD-0023,Philips Digital Air Fryer,Home & Kitchen,Philips,10995.0,46.9,5838.35,1,5838.35,791.61,Uttar Pradesh,Lucknow,Credit Card,4.0,2,0
BBD-0110876,2025-10-18 21:54:00,CUST-86781,PROD-6684,Apple iPhone 15 (128GB),Mobiles,Apple,79900.0,10.8,71270.8,1,71270.8,3946.29,Telangana,Warangal,UPI,4.0,1,0
BBD-0110877,2025-11-18 03:36:00,CUST-78472,PROD-0367,Whirlpool 265L Frost Free Refrigerator,Appliances,Whirlpool,32490.0,26.0,24042.6,1,24042.6,2451.48,West Bengal,Howrah,Credit Card,4.0,2,0
BBD-0110878,2025-11-07 08:46:00,CUST-35190,PROD-2993,Xiaomi Redmi Note 13 Pro,Mobiles,Xiaomi,25999.0,25.6,19343.26,1,19343.26,996.04,Delhi,North Delhi,UPI,3.5,3,0
BBD-0110879,2025-11-13 00:10:00,CUST-33125,PROD-2405,HP Pavilion Gaming Laptop,Electronics,HP,68990.0,25.1,51673.51,1,51673.51,3894.96,Karnataka,Hubli,UPI,4.5,3,0
BBD-0110880,2025-10-18 03:31:00,CUST-45798,PROD-1208,Adidas Originals Trefoil Hoodie,Fashion,Adidas,4599.0,29.1,3260.69,2,6521.38,1836.53,West Bengal,Kolkata,Cash on Delivery,5.0,2,0
BBD-0110881,2025-10-22 21:05:00,CUST-63672,PROD-0694,Bajaj New Shakti Neo Water Heater,Home & Kitchen,Bajaj,6999.0,36.0,4479.36,1,4479.36,634.39,Kerala,Kochi,EMI,5.0,2,0
BBD-0110882,2025-10-23 09:21:00,CUST-29944,PROD-7725,Milton Thermosteel 1L Flask,Home & Kitchen,Milton,1150.0,23.6,878.6,1,878.6,138.96,Haryana,Panipat,UPI,4.0,2,0
BBD-0110883,2025-11-02 01:26:00,CUST-48610,PROD-5846,Boat Nirvana Ion Earbuds,Electronics,boAt,4990.0,67.5,1621.75,1,1621.75,32.44,Rajasthan,Jaipur,Credit Card,5.0,1,0
BBD-0110884,2025-10-20 02:39:00,CUST-77353,PROD-8482,Kent Grand Plus RO Water Purifier,Home & Kitchen,Kent,18500.0,25.2,13838.0,1,13838.0,2360.2,Kerala,Thiruvananthapuram,Credit Card,4.5,3,0
BBD-0110885,2025-10-22 09:11:00,CUST-48610,PROD-2875,Dell Inspiron 15 Laptop,Electronics,Dell,56990.0,16.0,47871.6,1,47871.6,4954.39,Gujarat,Ahmedabad,Credit Card,5.0,2,0
BBD-0110886,2025-11-03 21:21:00,CUST-44050,PROD-4226,JBL Flip 6 Bluetooth Speaker,Electronics,JBL,11999.0,26.3,8843.26,2,17686.52,1923.53,Telangana,Hyderabad,Cash on Delivery,4.0,2,0
BBD-0110887,2025-10-20 02:03:00,CUST-80676,PROD-9632,Google Pixel 8a,Mobiles,Google,52999.0,20.8,41975.21,1,41975.21,839.5,Rajasthan,Udaipur,Debit Card,3.5,1,0
BBD-0110888,2025-10-27 11:31:00,CUST-16468,PROD-7180,Philips Series 3000 Beard Trimmer,Beauty & Grooming,Philips,1895.0,20.7,1502.74,1,1502.74,478.86,Telangana,Warangal,Credit Card,4.0,1,0
BBD-0110889,2025-11-19 08:51:00,CUST-25978,PROD-2480,Allen Solly Formal Trousers,Fashion,Allen Solly,2499.0,38.0,1549.38,3,4648.14,1181.71,Kerala,Kochi,Net Banking,5.0,3,0
BBD-0110890,2025-11-06 19:25:00,CUST-42245,PROD-9399,Motorola Edge 50 Fusion,Mobiles,Motorola,22999.0,19.9,18422.2,1,18422.2,583.82,Karnataka,Bangalore,UPI,3.5,3,0
BBD-0110891,2025-10-24 11:00:00,CUST-81446,PROD-3168,Puma Men Motorsport Sneakers,Fashion,Puma,5499.0,47.1,2908.97,2,5817.94,1467.86,Maharashtra,Nagpur,UPI,5.0,3,0
BBD-0110892,2025-10-24 07:10:00,CUST-24440,PROD-9760,Wakefit Orthopedic Memory Mattress,Home & Kitchen,Wakefit,12499.0,28.4,8949.28,3,26847.84,4491.18,Karnataka,Mangalore,Credit Card,2.0,3,0
BBD-0110893,2025-10-29 00:22:00,CUST-44200,PROD-7214,Realme 12 Pro+ 5G,Mobiles,Realme,29999.0,21.1,23669.21,1,23669.21,851.29,Kerala,Kozhikode,Credit Card,4.0,3,0
BBD-0110894,2025-10-31 20:15:00,CUST-91192,PROD-7725,Milton Thermosteel 1L Flask,Home & Kitchen,Milton,1150.0,29.9,806.15,1,806.15,121.52,Gujarat,Rajkot,Debit Card,4.5,1,0
BBD-0110895,2025-11-20 10:34:00,CUST-77253,PROD-1208,Adidas Originals Trefoil Hoodie,Fashion,Adidas,4599.0,43.3,2607.63,1,2607.63,580.2,Telangana,Warangal,UPI,5.0,1,0
BBD-0110896,2025-11-14 06:17:00,CUST-88878,PROD-9632,Google Pixel 8a,Mobiles,Google,52999.0,21.9,41392.22,1,41392.22,1089.63,Uttar Pradesh,Noida,Credit Card,2.0,1,0
BBD-0110897,2025-10-21 23:17:00,CUST-11256,PROD-6098,OnePlus 12R,Mobiles,OnePlus,39999.0,15.1,33959.15,1,33959.15,762.98,Tamil Nadu,Salem,UPI,5.0,2,0
BBD-0110898,2025-11-19 15:19:00,CUST-45386,PROD-7214,Realme 12 Pro+ 5G,Mobiles,Realme,29999.0,22.7,23189.23,1,23189.23,763.19,Delhi,West Delhi,Credit Card,4.0,2,0
BBD-0110899,2025-11-04 09:08:00,CUST-84779,PROD-5805,LG 8kg Front Load Washing Machine,Appliances,LG,41990.0,35.9,26915.59,1,26915.59,979.43,Telangana,Hyderabad,Net Banking,4.5,5,0
BBD-0110900,2025-10-23 10:02:00,CUST-25683,PROD-9252,Levi's 511 Slim Fit Jeans,Fashion,Levi's,3999.0,41.9,2323.42,1,2323.42,639.91,Kerala,Kochi,UPI,5.0,4,0
BBD-0110901,2025-11-13 14:27:00,CUST-45115,PROD-0694,Bajaj New Shakti Neo Water Heater,Home & Kitchen,Bajaj,6999.0,28.7,4990.29,1,4990.29,917.08,Maharashtra,Mumbai,Debit Card,5.0,2,0
BBD-0110902,2025-11-18 11:24:00,CUST-41739,PROD-2897,Bombay Shaving Co Grooming Kit,Beauty & Grooming,Bombay Shaving Co,1499.0,45.0,824.45,3,2473.35,689.44,Kerala,Kozhikode,EMI,3.0,2,0
BBD-0110903,2025-10-29 06:01:00,CUST-11400,PROD-6814,Noise ColorFit Pro 5 Smartwatch,Electronics,Noise,3999.0,64.5,1419.64,1,1419.64,28.39,Rajasthan,Kota,UPI,4.0,1,0
BBD-0110904,2025-11-09 08:40:00,CUST-90008,PROD-0023,Philips Digital Air Fryer,Home & Kitchen,Philips,10995.0,38.7,6739.93,1,6739.93,1048.43,Maharashtra,Nagpur,Credit Card,3.5,2,0
BBD-0110905,2025-11-06 18:30:00,CUST-94734,PROD-7356,Biba Women Embroidered Kurta,Fashion,Biba,3299.0,50.3,1639.6,1,1639.6,365.28,Telangana,Warangal,Credit Card,5.0,6,1
BBD-0110906,2025-11-19 23:01:00,CUST-68213,PROD-5910,LG 43-inch UHD Smart TV,Electronics,LG,38990.0,29.6,27448.96,2,54897.92,4366.56,Kerala,Kozhikode,UPI,4.5,2,0
BBD-0110907,2025-10-21 14:03:00,CUST-70243,PROD-8409,Zara Textured Casual Shirt,Fashion,Zara,2990.0,24.4,2260.44,2,4520.88,1190.34,Tamil Nadu,Madurai,Credit Card,5.0,2,1
BBD-0110908,2025-11-04 12:24:00,CUST-68250,PROD-6684,Apple iPhone 15 (128GB),Mobiles,Apple,79900.0,22.0,62322.0,1,62322.0,2481.6,Gujarat,Ahmedabad,UPI,4.0,3,0
BBD-0110909,2025-11-13 00:42:00,CUST-27513,PROD-5353,Samsung Galaxy S24 5G,Mobiles,Samsung,74999.0,23.9,57074.24,1,57074.24,2316.53,West Bengal,Durgapur,UPI,5.0,3,0
BBD-0110910,2025-10-18 04:20:00,CUST-87209,PROD-8482,Kent Grand Plus RO Water Purifier,Home & Kitchen,Kent,18500.0,33.1,12376.5,1,12376.5,1808.53,West Bengal,Siliguri,UPI,4.0,3,0
BBD-0110911,2025-11-19 06:34:00,CUST-34163,PROD-1208,Adidas Originals Trefoil Hoodie,Fashion,Adidas,4599.0,40.8,2722.61,1,2722.61,706.68,West Bengal,Durgapur,UPI,4.5,3,0
BBD-0110912,2025-11-07 21:51:00,CUST-49425,PROD-6305,The Derma Co 1% Hyaluronic Sunscreen,Beauty & Grooming,The Derma Co,499.0,11.8,440.12,2,880.24,272.6,Uttar Pradesh,Kanpur,Credit Card,2.0,2,0
BBD-0110913,2025-11-09 00:33:00,CUST-80611,PROD-8021,POCO X6 Pro 5G,Mobiles,POCO,24999.0,34.4,16399.34,1,16399.34,327.99,Maharashtra,Nagpur,UPI,4.0,3,0
BBD-0110914,2025-10-16 07:01:00,CUST-20829,PROD-8347,FabIndia Cotton Printed Saree,Fashion,FabIndia,4990.0,41.4,2924.14,2,5848.28,1356.74,Maharashtra,Pune,UPI,4.0,4,0
BBD-0110915,2025-11-03 03:01:00,CUST-62510,PROD-9632,Google Pixel 8a,Mobiles,Google,52999.0,9.9,47752.1,1,47752.1,2071.91,Tamil Nadu,Coimbatore,Credit Card,5.0,3,0
BBD-0110916,2025-11-06 05:38:00,CUST-78160,PROD-7725,Milton Thermosteel 1L Flask,Home & Kitchen,Milton,1150.0,19.5,925.75,1,925.75,194.85,Delhi,North Delhi,Debit Card,5.0,2,0
BBD-0110917,2025-11-10 23:20:00,CUST-50940,PROD-9632,Google Pixel 8a,Mobiles,Google,52999.0,12.1,46586.12,1,46586.12,1324.71,Tamil Nadu,Chennai,UPI,3.5,4,0
BBD-0110918,2025-11-16 12:04:00,CUST-63037,PROD-6082,Samsung 55-inch 4K Smart TV,Electronics,Samsung,54990.0,34.4,36073.44,1,36073.44,2693.76,West Bengal,Siliguri,Cash on Delivery,5.0,1,0
BBD-0110919,2025-10-16 09:47:00,CUST-77353,PROD-6814,Noise ColorFit Pro 5 Smartwatch,Electronics,Noise,3999.0,51.7,1931.52,1,1931.52,94.64,Gujarat,Surat,UPI,3.5,1,0
BBD-0110920,2025-11-01 14:08:00,CUST-16077,PROD-5353,Samsung Galaxy S24 5G,Mobiles,Samsung,74999.0,24.0,56999.24,1,56999.24,1341.44,Delhi,New Delhi,Credit Card,5.0,2,0
BBD-0110921,2025-10-26 12:44:00,CUST-78600,PROD-9235,Nike Air Max Impact Shoes,Fashion,Nike,7995.0,32.9,5364.65,1,5364.65,1514.19,Karnataka,Bangalore,UPI,3.5,2,0
BBD-0110922,2025-10-28 07:45:00,CUST-33474,PROD-8021,POCO X6 Pro 5G,Mobiles,POCO,24999.0,19.4,20149.19,1,20149.19,402.98,West Bengal,Howrah,EMI,5.0,3,0
BBD-0110923,2025-11-15 17:17:00,CUST-36915,PROD-6814,Noise ColorFit Pro 5 Smartwatch,Electronics,Noise,3999.0,65.0,1399.65,1,1399.65,56.01,Telangana,Warangal,Credit Card,4.0,2,1
BBD-0110924,2025-11-19 10:57:00,CUST-39257,PROD-5353,Samsung Galaxy S24 5G,Mobiles,Samsung,74999.0,20.2,59849.2,1,59849.2,1393.21,Kerala,Kozhikode,UPI,4.5,5,0
BBD-0110925,2025-11-13 04:59:00,CUST-39601,PROD-9632,Google Pixel 8a,Mobiles,Google,52999.0,9.7,47858.1,1,47858.1,2275.65,Tamil Nadu,Chennai,UPI,3.5,3,0
BBD-0110926,2025-11-11 08:51:00,CUST-24636,PROD-6082,Samsung 55-inch 4K Smart TV,Electronics,Samsung,54990.0,29.1,38987.91,1,38987.91,2921.95,Telangana,Nizamabad,Debit Card,5.0,1,0
BBD-0110927,2025-10-21 05:21:00,CUST-14364,PROD-6082,Samsung 55-inch 4K Smart TV,Electronics,Samsung,54990.0,32.2,37283.22,2,74566.44,5413.22,Gujarat,Rajkot,UPI,4.5,3,0
BBD-0110928,2025-10-23 13:07:00,CUST-28704,PROD-2993,Xiaomi Redmi Note 13 Pro,Mobiles,Xiaomi,25999.0,23.3,19941.23,1,19941.23,1166.65,Haryana,Faridabad,EMI,4.5,3,0
BBD-0110929,2025-11-19 01:26:00,CUST-10186,PROD-2875,Dell Inspiron 15 Laptop,Electronics,Dell,56990.0,24.5,43027.45,1,43027.45,4118.07,Rajasthan,Jodhpur,UPI,4.5,1,0
BBD-0110930,2025-11-07 03:21:00,CUST-39951,PROD-8021,POCO X6 Pro 5G,Mobiles,POCO,24999.0,19.2,20199.19,1,20199.19,1050.73,Rajasthan,Jaipur,UPI,4.0,3,0
BBD-0110931,2025-11-20 02:42:00,CUST-40806,PROD-2875,Dell Inspiron 15 Laptop,Electronics,Dell,56990.0,27.5,41317.75,1,41317.75,5063.02,Uttar Pradesh,Varanasi,UPI,5.0,2,0
BBD-0110932,2025-10-26 22:54:00,CUST-78454,PROD-2875,Dell Inspiron 15 Laptop,Electronics,Dell,56990.0,14.2,48897.42,1,48897.42,6472.85,Uttar Pradesh,Agra,Credit Card,4.0,3,0
BBD-0110933,2025-10-25 14:24:00,CUST-42050,PROD-5846,Boat Nirvana Ion Earbuds,Electronics,boAt,4990.0,58.9,2050.89,2,4101.78,169.83,Uttar Pradesh,Varanasi,Debit Card,5.0,3,0
BBD-0110934,2025-11-15 11:39:00,CUST-75973,PROD-2993,Xiaomi Redmi Note 13 Pro,Mobiles,Xiaomi,25999.0,29.7,18277.3,1,18277.3,365.55,Uttar Pradesh,Kanpur,Debit Card,4.5,4,0
BBD-0110935,2025-10-24 12:49:00,CUST-32820,PROD-0694,Bajaj New Shakti Neo Water Heater,Home & Kitchen,Bajaj,6999.0,31.6,4787.32,1,4787.32,796.92,Karnataka,Mysore,Cash on Delivery,5.0,1,0
BBD-0110936,2025-11-13 02:51:00,CUST-19179,PROD-9632,Google Pixel 8a,Mobiles,Google,52999.0,10.6,47381.11,1,47381.11,2240.81,Haryana,Gurgaon,Credit Card,5.0,2,0
BBD-0110937,2025-10-16 09:06:00,CUST-52236,PROD-9252,Levi's 511 Slim Fit Jeans,Fashion,Levi's,3999.0,43.4,2263.43,2,4526.86,1143.64,Telangana,Hyderabad,UPI,4.5,2,0
BBD-0110938,2025-11-05 13:24:00,CUST-94734,PROD-4226,JBL Flip 6 Bluetooth Speaker,Electronics,JBL,11999.0,23.2,9215.23,1,9215.23,893.35,Telangana,Nizamabad,Credit Card,5.0,3,0
BBD-0110939,2025-11-20 23:13:00,CUST-87739,PROD-4226,JBL Flip 6 Bluetooth Speaker,Electronics,JBL,11999.0,27.6,8687.28,1,8687.28,731.87,Haryana,Gurgaon,Credit Card,5.0,3,0
BBD-0110940,2025-11-18 00:52:00,CUST-11756,PROD-8347,FabIndia Cotton Printed Saree,Fashion,FabIndia,4990.0,29.1,3537.91,1,3537.91,998.44,Karnataka,Hubli,UPI,5.0,2,0
BBD-0110941,2025-10-26 02:23:00,CUST-77249,PROD-2480,Allen Solly Formal Trousers,Fashion,Allen Solly,2499.0,37.6,1559.38,1,1559.38,399.62,Gujarat,Rajkot,UPI,3.5,2,1
BBD-0110942,2025-11-19 23:34:00,CUST-92546,PROD-6684,Apple iPhone 15 (128GB),Mobiles,Apple,79900.0,20.7,63360.7,1,63360.7,3762.48,Rajasthan,Kota,Credit Card,4.0,5,0
BBD-0110943,2025-10-20 10:19:00,CUST-65503,PROD-1208,Adidas Originals Trefoil Hoodie,Fashion,Adidas,4599.0,42.3,2653.62,3,7960.86,2050.48,Telangana,Hyderabad,Credit Card,4.5,3,0
BBD-0110944,2025-11-03 22:41:00,CUST-17964,PROD-3168,Puma Men Motorsport Sneakers,Fashion,Puma,5499.0,53.1,2579.03,1,2579.03,567.91,Uttar Pradesh,Noida,Credit Card,5.0,1,0
BBD-0110945,2025-10-16 18:25:00,CUST-11349,PROD-6684,Apple iPhone 15 (128GB),Mobiles,Apple,79900.0,10.2,71750.2,1,71750.2,5427.84,Karnataka,Mysore,UPI,5.0,3,0
BBD-0110946,2025-11-15 06:17:00,CUST-56338,PROD-6082,Samsung 55-inch 4K Smart TV,Electronics,Samsung,54990.0,33.4,36623.34,1,36623.34,2586.52,Rajasthan,Jaipur,Net Banking,5.0,5,0
BBD-0110947,2025-11-08 12:03:00,CUST-38662,PROD-1712,Prestige Iris 750W Mixer Grinder,Home & Kitchen,Prestige,4295.0,40.4,2559.82,1,2559.82,310.39,Haryana,Gurgaon,Credit Card,5.0,3,0
BBD-0110948,2025-11-10 12:18:00,CUST-71149,PROD-0023,Philips Digital Air Fryer,Home & Kitchen,Philips,10995.0,40.6,6531.03,2,13062.06,1759.18,Karnataka,Bangalore,UPI,4.5,2,0
BBD-0110949,2025-11-19 00:54:00,CUST-86843,PROD-2405,HP Pavilion Gaming Laptop,Electronics,HP,68990.0,26.9,50431.69,1,50431.69,3798.09,Kerala,Kochi,Debit Card,5.0,3,0
BBD-0110950,2025-11-14 23:43:00,CUST-74938,PROD-6098,OnePlus 12R,Mobiles,OnePlus,39999.0,17.3,33079.17,1,33079.17,2306.9,West Bengal,Siliguri,Credit Card,5.0,4,0
BBD-0110951,2025-11-09 10:55:00,CUST-52429,PROD-7214,Realme 12 Pro+ 5G,Mobiles,Realme,29999.0,24.2,22739.24,1,22739.24,491.43,West Bengal,Siliguri,Cash on Delivery,5.0,2,0
BBD-0110952,2025-11-14 21:40:00,CUST-88432,PROD-6098,OnePlus 12R,Mobiles,OnePlus,39999.0,11.2,35519.11,1,35519.11,1139.26,Kerala,Kozhikode,Credit Card,4.5,2,0
BBD-0110953,2025-11-20 00:30:00,CUST-97209,PROD-9399,Motorola Edge 50 Fusion,Mobiles,Motorola,22999.0,20.2,18353.2,1,18353.2,367.06,Gujarat,Rajkot,UPI,5.0,2,0
BBD-0110954,2025-10-28 09:36:00,CUST-78572,PROD-0367,Whirlpool 265L Frost Free Refrigerator,Appliances,Whirlpool,32490.0,25.6,24172.56,1,24172.56,2558.79,Maharashtra,Nagpur,Debit Card,4.5,2,0
BBD-0110955,2025-11-07 02:14:00,CUST-58673,PROD-2405,HP Pavilion Gaming Laptop,Electronics,HP,68990.0,19.8,55329.98,2,110659.96,11797.27,Maharashtra,Nagpur,Credit Card,5.0,2,0
BBD-0110956,2025-10-22 15:26:00,CUST-16842,PROD-2993,Xiaomi Redmi Note 13 Pro,Mobiles,Xiaomi,25999.0,29.8,18251.3,1,18251.3,477.94,Maharashtra,Mumbai,Debit Card,5.0,1,0
BBD-0110957,2025-11-10 19:03:00,CUST-61913,PROD-8482,Kent Grand Plus RO Water Purifier,Home & Kitchen,Kent,18500.0,23.4,14171.0,1,14171.0,2352.1,Telangana,Nizamabad,EMI,4.5,2,0
BBD-0110958,2025-11-10 15:19:00,CUST-11542,PROD-2897,Bombay Shaving Co Grooming Kit,Beauty & Grooming,Bombay Shaving Co,1499.0,40.7,888.91,3,2666.73,813.61,Kerala,Kochi,UPI,5.0,7,0
BBD-0110959,2025-11-18 05:28:00,CUST-73184,PROD-5353,Samsung Galaxy S24 5G,Mobiles,Samsung,74999.0,24.1,56924.24,1,56924.24,1786.51,Gujarat,Ahmedabad,Credit Card,4.5,2,0
BBD-0110960,2025-11-05 00:58:00,CUST-65600,PROD-8482,Kent Grand Plus RO Water Purifier,Home & Kitchen,Kent,18500.0,16.6,15429.0,1,15429.0,2636.75,Uttar Pradesh,Lucknow,Credit Card,4.5,1,1
BBD-0110961,2025-11-02 11:50:00,CUST-80778,PROD-7356,Biba Women Embroidered Kurta,Fashion,Biba,3299.0,58.3,1375.68,1,1375.68,264.05,Uttar Pradesh,Agra,UPI,4.0,2,0
BBD-0110962,2025-11-11 12:12:00,CUST-61495,PROD-9399,Motorola Edge 50 Fusion,Mobiles,Motorola,22999.0,22.8,17755.23,1,17755.23,355.1,Haryana,Gurgaon,Credit Card,4.0,2,0
BBD-0110963,2025-10-26 23:44:00,CUST-48960,PROD-6098,OnePlus 12R,Mobiles,OnePlus,39999.0,13.3,34679.13,1,34679.13,1737.69,Delhi,West Delhi,UPI,4.0,3,0
BBD-0110964,2025-10-17 09:59:00,CUST-37216,PROD-6098,OnePlus 12R,Mobiles,OnePlus,39999.0,11.5,35399.11,1,35399.11,2375.76,Rajasthan,Kota,UPI,5.0,1,0
BBD-0110965,2025-11-02 06:35:00,CUST-65145,PROD-2875,Dell Inspiron 15 Laptop,Electronics,Dell,56990.0,14.9,48498.49,2,96996.98,9109.11,West Bengal,Howrah,UPI,5.0,2,0
BBD-0110966,2025-10-25 11:33:00,CUST-55514,PROD-2875,Dell Inspiron 15 Laptop,Electronics,Dell,56990.0,23.6,43540.36,1,43540.36,4379.94,Telangana,Hyderabad,Debit Card,4.0,2,1
BBD-0110967,2025-10-30 09:08:00,CUST-18241,PROD-5846,Boat Nirvana Ion Earbuds,Electronics,boAt,4990.0,63.6,1816.36,2,3632.72,72.65,Delhi,North Delhi,Cash on Delivery,5.0,1,0
BBD-0110968,2025-10-28 19:09:00,CUST-65888,PROD-8021,POCO X6 Pro 5G,Mobiles,POCO,24999.0,34.4,16399.34,1,16399.34,327.99,Rajasthan,Udaipur,UPI,5.0,1,0
BBD-0110969,2025-11-10 18:09:00,CUST-62787,PROD-6082,Samsung 55-inch 4K Smart TV,Electronics,Samsung,54990.0,45.9,29749.59,1,29749.59,2219.09,Uttar Pradesh,Lucknow,UPI,4.5,1,0
BBD-0110970,2025-11-15 06:00:00,CUST-27706,PROD-5846,Boat Nirvana Ion Earbuds,Electronics,boAt,4990.0,54.8,2255.48,1,2255.48,114.63,Gujarat,Ahmedabad,Cash on Delivery,5.0,2,0
BBD-0110971,2025-11-16 14:22:00,CUST-60161,PROD-5910,LG 43-inch UHD Smart TV,Electronics,LG,38990.0,34.5,25538.45,1,25538.45,2346.28,Rajasthan,Jaipur,UPI,5.0,1,0
BBD-0110972,2025-11-04 04:30:00,CUST-64968,PROD-7356,Biba Women Embroidered Kurta,Fashion,Biba,3299.0,57.9,1388.88,3,4166.64,977.06,Gujarat,Vadodara,UPI,4.0,1,0
BBD-0110973,2025-11-18 06:09:00,CUST-47039,PROD-6098,OnePlus 12R,Mobiles,OnePlus,39999.0,13.2,34719.13,1,34719.13,877.98,Tamil Nadu,Madurai,UPI,5.0,1,0
BBD-0110974,2025-10-23 05:21:00,CUST-31773,PROD-4226,JBL Flip 6 Bluetooth Speaker,Electronics,JBL,11999.0,35.2,7775.35,1,7775.35,552.2,Delhi,West Delhi,UPI,4.5,3,0
BBD-0110975,2025-11-02 19:08:00,CUST-36456,PROD-0023,Philips Digital Air Fryer,Home & Kitchen,Philips,10995.0,30.8,7608.54,2,15217.08,2211.14,Telangana,Nizamabad,UPI,4.0,1,0
BBD-0110976,2025-10-27 11:07:00,CUST-97710,PROD-2405,HP Pavilion Gaming Laptop,Electronics,HP,68990.0,26.9,50431.69,1,50431.69,6053.41,Karnataka,Mangalore,Credit Card,5.0,5,0
BBD-0110977,2025-10-22 15:09:00,CUST-31833,PROD-8021,POCO X6 Pro 5G,Mobiles,POCO,24999.0,21.1,19724.21,2,39448.42,2169.83,Rajasthan,Kota,Net Banking,5.0,3,0
BBD-0110978,2025-11-02 14:18:00,CUST-54587,PROD-9235,Nike Air Max Impact Shoes,Fashion,Nike,7995.0,33.7,5300.69,2,10601.38,2530.61,West Bengal,Howrah,Credit Card,5.0,1,1
BBD-0110979,2025-11-10 23:13:00,CUST-16662,PROD-6814,Noise ColorFit Pro 5 Smartwatch,Electronics,Noise,3999.0,53.3,1867.53,1,1867.53,78.62,Uttar Pradesh,Varanasi,Debit Card,4.0,4,0
BBD-0110980,2025-10-23 20:21:00,CUST-97935,PROD-6098,OnePlus 12R,Mobiles,OnePlus,39999.0,9.3,36279.09,1,36279.09,1738.69,Haryana,Gurgaon,UPI,5.0,3,0
BBD-0110981,2025-11-02 14:26:00,CUST-82013,PROD-5305,Maybelline New York Matte Lipstick,Beauty & Grooming,Maybelline,449.0,37.6,280.18,1,280.18,81.77,Tamil Nadu,Salem,UPI,5.0,1,0
BBD-0110982,2025-10-26 09:42:00,CUST-64626,PROD-7356,Biba Women Embroidered Kurta,Fashion,Biba,3299.0,53.4,1537.33,2,3074.66,595.83,Maharashtra,Mumbai,UPI,5.0,2,1
BBD-0110983,2025-11-15 15:22:00,CUST-50764,PROD-6082,Samsung 55-inch 4K Smart TV,Electronics,Samsung,54990.0,45.3,30079.53,1,30079.53,2600.74,West Bengal,Kolkata,Cash on Delivery,5.0,7,0
BBD-0110984,2025-10-31 17:00:00,CUST-58302,PROD-0023,Philips Digital Air Fryer,Home & Kitchen,Philips,10995.0,31.5,7531.58,2,15063.16,2620.75,Kerala,Kozhikode,Credit Card,5.0,3,0
BBD-0110985,2025-10-28 09:34:00,CUST-26438,PROD-4226,JBL Flip 6 Bluetooth Speaker,Electronics,JBL,11999.0,25.0,8999.25,1,8999.25,956.19,Uttar Pradesh,Kanpur,UPI,5.0,2,0
BBD-0110986,2025-11-18 21:30:00,CUST-98293,PROD-8409,Zara Textured Casual Shirt,Fashion,Zara,2990.0,23.1,2299.31,4,9197.24,2550.3,Delhi,West Delhi,Cash on Delivery,5.0,2,0
BBD-0110987,2025-11-19 22:35:00,CUST-83083,PROD-8021,POCO X6 Pro 5G,Mobiles,POCO,24999.0,27.7,18074.28,2,36148.56,722.97,Kerala,Thiruvananthapuram,UPI,4.5,3,0
BBD-0110988,2025-10-22 01:22:00,CUST-57552,PROD-7214,Realme 12 Pro+ 5G,Mobiles,Realme,29999.0,30.9,20729.31,1,20729.31,717.45,Delhi,South Delhi,Debit Card,5.0,3,0
BBD-0110989,2025-10-18 02:55:00,CUST-81617,PROD-9252,Levi's 511 Slim Fit Jeans,Fashion,Levi's,3999.0,50.6,1975.51,3,5926.53,1397.06,Rajasthan,Kota,UPI,3.5,1,0
BBD-0110990,2025-11-03 15:34:00,CUST-54949,PROD-1462,Sony WH-1000XM5 Headphones,Electronics,Sony,29990.0,16.6,25011.66,1,25011.66,2490.94,Gujarat,Rajkot,UPI,4.5,3,0
BBD-0110991,2025-10-31 11:49:00,CUST-97390,PROD-2480,Allen Solly Formal Trousers,Fashion,Allen Solly,2499.0,29.4,1764.29,3,5292.87,1536.18,West Bengal,Durgapur,UPI,3.0,4,0
BBD-0110992,2025-10-30 11:58:00,CUST-20814,PROD-8627,Apple iPad 10th Gen,Electronics,Apple,39900.0,19.2,32239.2,1,32239.2,2640.36,Uttar Pradesh,Agra,UPI,3.0,2,0
BBD-0110993,2025-10-26 19:41:00,CUST-65881,PROD-2405,HP Pavilion Gaming Laptop,Electronics,HP,68990.0,29.5,48637.95,2,97275.9,7825.2,Haryana,Faridabad,Credit Card,5.0,1,0
BBD-0110994,2025-10-17 12:45:00,CUST-16280,PROD-8482,Kent Grand Plus RO Water Purifier,Home & Kitchen,Kent,18500.0,19.5,14892.5,1,14892.5,2889.17,Kerala,Kochi,UPI,5.0,3,0
BBD-0110995,2025-11-05 12:05:00,CUST-94444,PROD-1462,Sony WH-1000XM5 Headphones,Electronics,Sony,29990.0,31.3,20603.13,3,61809.39,6163.85,Haryana,Panipat,UPI,4.5,2,1
BBD-0110996,2025-11-14 11:37:00,CUST-63444,PROD-1462,Sony WH-1000XM5 Headphones,Electronics,Sony,29990.0,22.7,23182.27,3,69546.81,7798.32,Haryana,Faridabad,Cash on Delivery,5.0,2,0
BBD-0110997,2025-11-11 17:18:00,CUST-71683,PROD-7214,Realme 12 Pro+ 5G,Mobiles,Realme,29999.0,16.3,25109.16,1,25109.16,1765.43,Tamil Nadu,Salem,UPI,3.5,1,0
BBD-0110998,2025-11-04 20:17:00,CUST-22039,PROD-7214,Realme 12 Pro+ 5G,Mobiles,Realme,29999.0,31.8,20459.32,2,40918.64,1018.48,Kerala,Kochi,Credit Card,5.0,4,0
BBD-0110999,2025-10-26 03:56:00,CUST-89986,PROD-5846,Boat Nirvana Ion Earbuds,Electronics,boAt,4990.0,58.4,2075.84,1,2075.84,106.73,Haryana,Gurgaon,Credit Card,5.0,3,0
BBD-0111000,2025-11-13 17:47:00,CUST-37177,PROD-9632,Google Pixel 8a,Mobiles,Google,52999.0,15.4,44837.15,1,44837.15,1782.75,Uttar Pradesh,Kanpur,UPI,5.0,1,0
BBD-0111001,2025-11-09 21:57:00,CUST-56311,PROD-6098,OnePlus 12R,Mobiles,OnePlus,39999.0,10.8,35679.11,1,35679.11,2054.55,Delhi,West Delhi,Cash on Delivery,4.5,5,0
BBD-0111002,2025-11-03 11:50:00,CUST-99356,PROD-7214,Realme 12 Pro+ 5G,Mobiles,Realme,29999.0,16.6,25019.17,1,25019.17,1028.55,West Bengal,Howrah,UPI,3.5,4,0
BBD-0111003,2025-10-31 23:10:00,CUST-74315,PROD-9632,Google Pixel 8a,Mobiles,Google,52999.0,26.4,39007.26,1,39007.26,1069.92,Maharashtra,Mumbai,UPI,4.5,2,0
BBD-0111004,2025-10-30 06:02:00,CUST-68608,PROD-8347,FabIndia Cotton Printed Saree,Fashion,FabIndia,4990.0,42.0,2894.2,1,2894.2,714.46,Delhi,West Delhi,Credit Card,4.5,3,0
BBD-0111005,2025-10-21 12:39:00,CUST-72673,PROD-1712,Prestige Iris 750W Mixer Grinder,Home & Kitchen,Prestige,4295.0,47.1,2272.05,1,2272.05,354.28,Karnataka,Bangalore,Credit Card,5.0,7,0
BBD-0111006,2025-10-24 18:20:00,CUST-56004,PROD-8627,Apple iPad 10th Gen,Electronics,Apple,39900.0,18.1,32678.1,1,32678.1,4115.2,Delhi,New Delhi,UPI,5.0,1,1
BBD-0111007,2025-11-05 05:34:00,CUST-69398,PROD-5846,Boat Nirvana Ion Earbuds,Electronics,boAt,4990.0,59.2,2035.92,1,2035.92,121.69,Gujarat,Vadodara,Debit Card,5.0,2,1
BBD-0111008,2025-10-20 03:45:00,CUST-43570,PROD-1462,Sony WH-1000XM5 Headphones,Electronics,Sony,29990.0,27.7,21682.77,3,65048.31,7374.19,Kerala,Thiruvananthapuram,Net Banking,5.0,5,0
BBD-0111009,2025-11-04 21:19:00,CUST-19918,PROD-2480,Allen Solly Formal Trousers,Fashion,Allen Solly,2499.0,40.0,1499.4,1,1499.4,357.51,Maharashtra,Nashik,Net Banking,5.0,2,0
BBD-0111010,2025-10-18 05:07:00,CUST-80099,PROD-0367,Whirlpool 265L Frost Free Refrigerator,Appliances,Whirlpool,32490.0,25.0,24367.5,1,24367.5,1666.56,Karnataka,Mysore,UPI,4.5,2,0
BBD-0111011,2025-10-29 20:47:00,CUST-58302,PROD-6684,Apple iPhone 15 (128GB),Mobiles,Apple,79900.0,21.7,62561.7,1,62561.7,3468.48,Gujarat,Vadodara,Debit Card,4.0,2,0
BBD-0111012,2025-10-22 03:54:00,CUST-20453,PROD-5846,Boat Nirvana Ion Earbuds,Electronics,boAt,4990.0,69.5,1521.95,1,1521.95,35.97,Uttar Pradesh,Kanpur,UPI,4.0,2,0
BBD-0111013,2025-11-16 02:21:00,CUST-62323,PROD-1712,Prestige Iris 750W Mixer Grinder,Home & Kitchen,Prestige,4295.0,35.1,2787.45,1,2787.45,369.98,Gujarat,Ahmedabad,UPI,5.0,3,0
BBD-0111014,2025-11-19 16:00:00,CUST-15900,PROD-2405,HP Pavilion Gaming Laptop,Electronics,HP,68990.0,17.6,56847.76,1,56847.76,4852.26,Karnataka,Bangalore,Debit Card,5.0,2,0
BBD-0111015,2025-10-17 03:27:00,CUST-27706,PROD-5846,Boat Nirvana Ion Earbuds,Electronics,boAt,4990.0,60.3,1981.03,1,1981.03,39.62,Karnataka,Mangalore,UPI,4.0,2,0
BBD-0111016,2025-11-15 02:31:00,CUST-86266,PROD-3168,Puma Men Motorsport Sneakers,Fashion,Puma,5499.0,54.2,2518.54,1,2518.54,608.03,Gujarat,Vadodara,EMI,5.0,2,0
BBD-0111017,2025-11-16 22:26:00,CUST-19237,PROD-7214,Realme 12 Pro+ 5G,Mobiles,Realme,29999.0,17.4,24779.17,1,24779.17,552.85,Rajasthan,Jaipur,UPI,4.5,2,0
BBD-0111018,2025-11-09 03:46:00,CUST-61178,PROD-7725,Milton Thermosteel 1L Flask,Home & Kitchen,Milton,1150.0,30.9,794.65,1,794.65,149.01,Haryana,Faridabad,UPI,4.0,2,0
BBD-0111019,2025-11-14 01:29:00,CUST-13472,PROD-1208,Adidas Originals Trefoil Hoodie,Fashion,Adidas,4599.0,37.9,2855.98,1,2855.98,720.43,Gujarat,Rajkot,UPI,5.0,2,0
BBD-0111020,2025-10-27 06:56:00,CUST-94444,PROD-5353,Samsung Galaxy S24 5G,Mobiles,Samsung,74999.0,19.7,60224.2,1,60224.2,3435.85,Uttar Pradesh,Agra,Debit Card,5.0,3,0
BBD-0111021,2025-10-26 13:20:00,CUST-94035,PROD-2897,Bombay Shaving Co Grooming Kit,Beauty & Grooming,Bombay Shaving Co,1499.0,40.5,891.9,1,891.9,228.89,Delhi,New Delhi,Credit Card,5.0,2,0
BBD-0111022,2025-10-23 09:30:00,CUST-60042,PROD-2993,Xiaomi Redmi Note 13 Pro,Mobiles,Xiaomi,25999.0,16.3,21761.16,1,21761.16,1540.48,Delhi,West Delhi,UPI,5.0,7,0
BBD-0111023,2025-11-10 00:15:00,CUST-77561,PROD-1462,Sony WH-1000XM5 Headphones,Electronics,Sony,29990.0,31.9,20423.19,1,20423.19,1785.94,Maharashtra,Nagpur,UPI,5.0,1,0
BBD-0111024,2025-11-14 22:01:00,CUST-97337,PROD-8409,Zara Textured Casual Shirt,Fashion,Zara,2990.0,36.1,1910.61,1,1910.61,446.5,Delhi,New Delhi,Credit Card,5.0,4,1
BBD-0111025,2025-11-06 06:18:00,CUST-48186,PROD-2480,Allen Solly Formal Trousers,Fashion,Allen Solly,2499.0,45.9,1351.96,1,1351.96,337.34,Tamil Nadu,Salem,Net Banking,5.0,2,0
BBD-0111026,2025-11-18 14:47:00,CUST-62284,PROD-8627,Apple iPad 10th Gen,Electronics,Apple,39900.0,21.2,31441.2,1,31441.2,3135.69,West Bengal,Howrah,Credit Card,4.5,2,0
BBD-0111027,2025-10-31 03:08:00,CUST-11286,PROD-8627,Apple iPad 10th Gen,Electronics,Apple,39900.0,12.0,35112.0,1,35112.0,5453.1,Gujarat,Vadodara,Debit Card,5.0,2,0
BBD-0111028,2025-10-21 14:08:00,CUST-51297,PROD-9632,Google Pixel 8a,Mobiles,Google,52999.0,20.4,42187.2,1,42187.2,1083.66,Delhi,South Delhi,Credit Card,3.5,3,0
BBD-0111029,2025-11-09 21:15:00,CUST-98389,PROD-9632,Google Pixel 8a,Mobiles,Google,52999.0,10.9,47222.11,1,47222.11,2080.11,Kerala,Kochi,UPI,5.0,2,0
BBD-0111030,2025-10-26 11:31:00,CUST-62624,PROD-5910,LG 43-inch UHD Smart TV,Electronics,LG,38990.0,27.6,28228.76,1,28228.76,2232.96,Gujarat,Ahmedabad,Cash on Delivery,1.0,1,0
BBD-0111031,2025-10-28 13:14:00,CUST-71450,PROD-7725,Milton Thermosteel 1L Flask,Home & Kitchen,Milton,1150.0,29.1,815.35,2,1630.7,243.16,Gujarat,Rajkot,EMI,5.0,1,0
BBD-0111032,2025-11-17 03:17:00,CUST-85507,PROD-2875,Dell Inspiron 15 Laptop,Electronics,Dell,56990.0,16.3,47700.63,1,47700.63,5523.49,Karnataka,Mysore,Debit Card,4.5,1,0
BBD-0111033,2025-10-18 21:54:00,CUST-43719,PROD-9632,Google Pixel 8a,Mobiles,Google,52999.0,18.6,43141.19,1,43141.19,2914.06,Gujarat,Vadodara,UPI,3.5,3,0
BBD-0111034,2025-10-22 07:39:00,CUST-89736,PROD-9632,Google Pixel 8a,Mobiles,Google,52999.0,24.9,39802.25,1,39802.25,1574.6,West Bengal,Siliguri,Debit Card,5.0,7,0
BBD-0111035,2025-11-20 18:07:00,CUST-35978,PROD-6157,Godrej 190L Direct Cool Refrigerator,Appliances,Godrej,16990.0,20.8,13456.08,1,13456.08,839.09,Gujarat,Surat,UPI,4.5,3,0
BBD-0111036,2025-11-02 16:43:00,CUST-80701,PROD-7214,Realme 12 Pro+ 5G,Mobiles,Realme,29999.0,31.2,20639.31,1,20639.31,611.23,Telangana,Warangal,UPI,5.0,2,0
BBD-0111037,2025-11-19 11:38:00,CUST-77863,PROD-2405,HP Pavilion Gaming Laptop,Electronics,HP,68990.0,28.9,49051.89,1,49051.89,4997.08,Telangana,Nizamabad,UPI,5.0,4,0
BBD-0111038,2025-11-10 16:55:00,CUST-49708,PROD-0023,Philips Digital Air Fryer,Home & Kitchen,Philips,10995.0,38.4,6772.92,1,6772.92,992.62,Haryana,Faridabad,Credit Card,3.0,3,0
BBD-0111039,2025-11-05 05:48:00,CUST-43673,PROD-2875,Dell Inspiron 15 Laptop,Electronics,Dell,56990.0,23.0,43882.3,3,131646.9,15200.41,Rajasthan,Jaipur,UPI,4.0,4,0
BBD-0111040,2025-10-23 19:54:00,CUST-37986,PROD-6814,Noise ColorFit Pro 5 Smartwatch,Electronics,Noise,3999.0,54.0,1839.54,3,5518.62,133.73,Telangana,Warangal,Debit Card,4.5,3,0
BBD-0111041,2025-10-31 02:32:00,CUST-76647,PROD-4226,JBL Flip 6 Bluetooth Speaker,Electronics,JBL,11999.0,32.7,8075.33,1,8075.33,520.68,Uttar Pradesh,Lucknow,UPI,4.5,3,0
BBD-0111042,2025-10-22 14:24:00,CUST-74169,PROD-0023,Philips Digital Air Fryer,Home & Kitchen,Philips,10995.0,34.1,7245.7,1,7245.7,1304.5,Telangana,Hyderabad,UPI,4.0,2,0
BBD-0111043,2025-11-13 20:13:00,CUST-84862,PROD-6814,Noise ColorFit Pro 5 Smartwatch,Electronics,Noise,3999.0,58.9,1643.59,1,1643.59,32.87,West Bengal,Siliguri,UPI,4.5,2,0
BBD-0111044,2025-11-07 09:33:00,CUST-30984,PROD-8021,POCO X6 Pro 5G,Mobiles,POCO,24999.0,26.4,18399.26,1,18399.26,754.54,Maharashtra,Pune,UPI,4.0,1,0
BBD-0111045,2025-11-13 03:20:00,CUST-17131,PROD-2875,Dell Inspiron 15 Laptop,Electronics,Dell,56990.0,26.0,42172.6,1,42172.6,2994.28,West Bengal,Siliguri,UPI,4.5,3,0
BBD-0111046,2025-10-16 15:29:00,CUST-48450,PROD-6098,OnePlus 12R,Mobiles,OnePlus,39999.0,21.8,31279.22,1,31279.22,992.13,Kerala,Kozhikode,Credit Card,4.0,3,0
BBD-0111047,2025-10-16 08:31:00,CUST-38880,PROD-6082,Samsung 55-inch 4K Smart TV,Electronics,Samsung,54990.0,40.9,32499.09,1,32499.09,2814.45,Delhi,North Delhi,Debit Card,4.5,3,0
BBD-0111048,2025-10-27 08:11:00,CUST-68934,PROD-9252,Levi's 511 Slim Fit Jeans,Fashion,Levi's,3999.0,47.8,2087.48,2,4174.96,1060.26,Tamil Nadu,Madurai,UPI,5.0,6,0
BBD-0111049,2025-10-26 08:42:00,CUST-32619,PROD-2480,Allen Solly Formal Trousers,Fashion,Allen Solly,2499.0,41.5,1461.91,4,5847.64,1563.98,Tamil Nadu,Coimbatore,Cash on Delivery,5.0,4,0
BBD-0111050,2025-10-22 22:15:00,CUST-93869,PROD-8021,POCO X6 Pro 5G,Mobiles,POCO,24999.0,21.4,19649.21,1,19649.21,1227.28,Rajasthan,Udaipur,UPI,4.5,2,1
BBD-0111051,2025-10-18 18:38:00,CUST-56853,PROD-2405,HP Pavilion Gaming Laptop,Electronics,HP,68990.0,21.7,54019.17,1,54019.17,5804.95,West Bengal,Howrah,UPI,5.0,2,0
BBD-0111052,2025-10-24 21:06:00,CUST-31811,PROD-6684,Apple iPhone 15 (128GB),Mobiles,Apple,79900.0,13.2,69353.2,1,69353.2,5506.03,Maharashtra,Nashik,UPI,5.0,3,0
BBD-0111053,2025-11-02 19:15:00,CUST-94016,PROD-9252,Levi's 511 Slim Fit Jeans,Fashion,Levi's,3999.0,46.2,2151.46,1,2151.46,553.88,Gujarat,Rajkot,Debit Card,4.5,1,0
BBD-0111054,2025-11-05 22:02:00,CUST-37717,PROD-8021,POCO X6 Pro 5G,Mobiles,POCO,24999.0,23.9,19024.24,2,38048.48,760.97,Maharashtra,Nashik,UPI,4.5,5,0
BBD-0111055,2025-11-11 02:32:00,CUST-31308,PROD-7356,Biba Women Embroidered Kurta,Fashion,Biba,3299.0,54.2,1510.94,2,3021.88,740.47,Telangana,Nizamabad,UPI,5.0,1,0
BBD-0111056,2025-10-26 16:05:00,CUST-74043,PROD-3168,Puma Men Motorsport Sneakers,Fashion,Puma,5499.0,55.3,2458.05,1,2458.05,496.42,Telangana,Warangal,UPI,5.0,3,0
BBD-0111057,2025-10-19 03:15:00,CUST-77922,PROD-9632,Google Pixel 8a,Mobiles,Google,52999.0,26.1,39166.26,1,39166.26,783.33,Haryana,Faridabad,UPI,5.0,2,0
BBD-0111058,2025-10-29 06:23:00,CUST-33074,PROD-2993,Xiaomi Redmi Note 13 Pro,Mobiles,Xiaomi,25999.0,32.8,17471.33,1,17471.33,440.89,Gujarat,Surat,Credit Card,2.0,3,0
BBD-0111059,2025-11-02 19:09:00,CUST-22744,PROD-8409,Zara Textured Casual Shirt,Fashion,Zara,2990.0,32.9,2006.29,1,2006.29,538.01,Uttar Pradesh,Lucknow,UPI,4.5,1,0
BBD-0111060,2025-10-28 05:36:00,CUST-66509,PROD-9399,Motorola Edge 50 Fusion,Mobiles,Motorola,22999.0,30.0,16099.3,1,16099.3,328.55,Kerala,Kochi,EMI,4.0,3,0
BBD-0111061,2025-11-18 21:02:00,CUST-35628,PROD-8347,FabIndia Cotton Printed Saree,Fashion,FabIndia,4990.0,37.3,3128.73,3,9386.19,2655.13,Kerala,Kozhikode,UPI,4.5,3,0
BBD-0111062,2025-11-15 08:50:00,CUST-35632,PROD-6814,Noise ColorFit Pro 5 Smartwatch,Electronics,Noise,3999.0,56.0,1759.56,1,1759.56,47.85,Maharashtra,Nagpur,UPI,3.0,3,0
BBD-0111063,2025-10-28 22:33:00,CUST-96376,PROD-6082,Samsung 55-inch 4K Smart TV,Electronics,Samsung,54990.0,43.5,31069.35,2,62138.7,2624.61,Delhi,New Delhi,UPI,3.5,1,0
BBD-0111064,2025-11-07 18:11:00,CUST-99688,PROD-5846,Boat Nirvana Ion Earbuds,Electronics,boAt,4990.0,55.1,2240.51,2,4481.02,135.7,Uttar Pradesh,Lucknow,Credit Card,1.0,7,0
BBD-0111065,2025-11-01 23:20:00,CUST-58519,PROD-1712,Prestige Iris 750W Mixer Grinder,Home & Kitchen,Prestige,4295.0,39.7,2589.88,1,2589.88,392.3,Kerala,Kozhikode,UPI,3.5,5,0
BBD-0111066,2025-10-18 11:11:00,CUST-87160,PROD-2993,Xiaomi Redmi Note 13 Pro,Mobiles,Xiaomi,25999.0,30.0,18199.3,1,18199.3,363.99,Tamil Nadu,Chennai,UPI,4.5,7,0
BBD-0111067,2025-10-21 04:34:00,CUST-29612,PROD-5305,Maybelline New York Matte Lipstick,Beauty & Grooming,Maybelline,449.0,31.2,308.91,1,308.91,90.21,Gujarat,Rajkot,UPI,1.0,3,0
BBD-0111068,2025-10-21 04:24:00,CUST-88560,PROD-5353,Samsung Galaxy S24 5G,Mobiles,Samsung,74999.0,17.6,61799.18,1,61799.18,3650.55,Telangana,Nizamabad,UPI,5.0,4,0
BBD-0111069,2025-10-31 07:35:00,CUST-78166,PROD-0694,Bajaj New Shakti Neo Water Heater,Home & Kitchen,Bajaj,6999.0,40.1,4192.4,2,8384.8,1271.7,Karnataka,Mangalore,UPI,4.5,1,0
BBD-0111070,2025-10-31 03:18:00,CUST-87135,PROD-8409,Zara Textured Casual Shirt,Fashion,Zara,2990.0,29.8,2098.98,1,2098.98,559.79,Maharashtra,Nagpur,Credit Card,5.0,3,0
BBD-0111071,2025-10-16 06:57:00,CUST-70781,PROD-2993,Xiaomi Redmi Note 13 Pro,Mobiles,Xiaomi,25999.0,33.9,17185.34,1,17185.34,379.98,Kerala,Kozhikode,Cash on Delivery,3.5,2,0
BBD-0111072,2025-11-14 01:12:00,CUST-24996,PROD-7180,Philips Series 3000 Beard Trimmer,Beauty & Grooming,Philips,1895.0,36.4,1205.22,2,2410.44,759.12,Delhi,North Delhi,Cash on Delivery,5.0,4,0
BBD-0111073,2025-10-18 04:25:00,CUST-25413,PROD-3168,Puma Men Motorsport Sneakers,Fashion,Puma,5499.0,42.4,3167.42,2,6334.84,1542.97,Delhi,New Delhi,Credit Card,4.0,3,0
BBD-0111074,2025-10-19 08:31:00,CUST-17248,PROD-6082,Samsung 55-inch 4K Smart TV,Electronics,Samsung,54990.0,31.4,37723.14,1,37723.14,3564.99,Delhi,North Delhi,Credit Card,5.0,3,0
BBD-0111075,2025-10-28 01:45:00,CUST-86040,PROD-6814,Noise ColorFit Pro 5 Smartwatch,Electronics,Noise,3999.0,53.9,1843.54,2,3687.08,248.64,Telangana,Warangal,Credit Card,3.5,1,0
BBD-0111076,2025-11-10 12:11:00,CUST-84191,PROD-0694,Bajaj New Shakti Neo Water Heater,Home & Kitchen,Bajaj,6999.0,42.7,4010.43,2,8020.86,926.56,Tamil Nadu,Salem,UPI,4.5,1,0
BBD-0111077,2025-10-28 22:40:00,CUST-52726,PROD-2875,Dell Inspiron 15 Laptop,Electronics,Dell,56990.0,21.9,44509.19,2,89018.38,11982.42,Karnataka,Mysore,Cash on Delivery,4.0,4,0
BBD-0111078,2025-11-11 15:20:00,CUST-30188,PROD-9399,Motorola Edge 50 Fusion,Mobiles,Motorola,22999.0,29.6,16191.3,1,16191.3,735.22,Kerala,Kochi,Credit Card,3.5,2,0
BBD-0111079,2025-11-20 23:05:00,CUST-61881,PROD-5353,Samsung Galaxy S24 5G,Mobiles,Samsung,74999.0,28.8,53399.29,1,53399.29,2490.65,Haryana,Panipat,Credit Card,4.0,4,0
BBD-0111080,2025-10-30 21:01:00,CUST-97147,PROD-2875,Dell Inspiron 15 Laptop,Electronics,Dell,56990.0,17.6,46959.76,1,46959.76,4227.1,Karnataka,Hubli,Credit Card,4.5,2,0
BBD-0111081,2025-11-03 14:21:00,CUST-17353,PROD-2875,Dell Inspiron 15 Laptop,Electronics,Dell,56990.0,25.7,42343.57,1,42343.57,3799.65,West Bengal,Howrah,Credit Card,5.0,3,1
BBD-0111082,2025-11-06 12:14:00,CUST-70781,PROD-5910,LG 43-inch UHD Smart TV,Electronics,LG,38990.0,39.2,23705.92,1,23705.92,1166.26,Tamil Nadu,Coimbatore,UPI,4.5,1,0
BBD-0111083,2025-10-24 15:33:00,CUST-53650,PROD-5305,Maybelline New York Matte Lipstick,Beauty & Grooming,Maybelline,449.0,35.4,290.05,1,290.05,85.7,Rajasthan,Kota,Net Banking,1.0,1,0
BBD-0111084,2025-11-12 00:41:00,CUST-40034,PROD-9632,Google Pixel 8a,Mobiles,Google,52999.0,25.3,39590.25,1,39590.25,1834.66,Maharashtra,Pune,UPI,3.0,6,0
BBD-0111085,2025-11-09 15:15:00,CUST-49708,PROD-5910,LG 43-inch UHD Smart TV,Electronics,LG,38990.0,39.0,23783.9,1,23783.9,1803.23,Tamil Nadu,Chennai,Credit Card,2.0,1,0
BBD-0111086,2025-11-01 00:52:00,CUST-97209,PROD-7214,Realme 12 Pro+ 5G,Mobiles,Realme,29999.0,28.7,21389.29,1,21389.29,427.79,Telangana,Hyderabad,Credit Card,4.5,2,0
BBD-0111087,2025-11-15 12:08:00,CUST-91991,PROD-8627,Apple iPad 10th Gen,Electronics,Apple,39900.0,13.1,34673.1,1,34673.1,3786.49,Karnataka,Mysore,UPI,4.5,5,0
BBD-0111088,2025-11-01 17:45:00,CUST-99081,PROD-3168,Puma Men Motorsport Sneakers,Fashion,Puma,5499.0,56.6,2386.57,2,4773.14,906.2,Tamil Nadu,Madurai,UPI,4.0,2,1
BBD-0111089,2025-10-25 01:44:00,CUST-42962,PROD-5910,LG 43-inch UHD Smart TV,Electronics,LG,38990.0,29.6,27448.96,1,27448.96,1796.16,Kerala,Kozhikode,UPI,5.0,3,1
BBD-0111090,2025-11-06 13:36:00,CUST-81719,PROD-6684,Apple iPhone 15 (128GB),Mobiles,Apple,79900.0,16.3,66876.3,1,66876.3,1923.6,West Bengal,Durgapur,Debit Card,5.0,4,0
BBD-0111091,2025-11-10 17:32:00,CUST-77731,PROD-4226,JBL Flip 6 Bluetooth Speaker,Electronics,JBL,11999.0,27.7,8675.28,1,8675.28,1035.15,Gujarat,Vadodara,EMI,4.5,7,0
BBD-0111092,2025-11-19 14:25:00,CUST-32683,PROD-8595,IFB 6.5kg Top Load Washer,Appliances,IFB,21990.0,29.5,15502.95,1,15502.95,1286.39,Karnataka,Bangalore,UPI,5.0,3,0
BBD-0111093,2025-11-14 06:52:00,CUST-58450,PROD-6098,OnePlus 12R,Mobiles,OnePlus,39999.0,9.9,36039.1,1,36039.1,1204.75,Telangana,Warangal,UPI,5.0,3,0
BBD-0111094,2025-11-04 12:34:00,CUST-70569,PROD-7214,Realme 12 Pro+ 5G,Mobiles,Realme,29999.0,15.7,25289.16,1,25289.16,863.67,Haryana,Faridabad,Credit Card,5.0,1,0
BBD-0111095,2025-11-05 09:42:00,CUST-28263,PROD-6305,The Derma Co 1% Hyaluronic Sunscreen,Beauty & Grooming,The Derma Co,499.0,19.0,404.19,2,808.38,275.14,Gujarat,Ahmedabad,Cash on Delivery,5.0,3,0
BBD-0111096,2025-10-30 06:23:00,CUST-29001,PROD-1462,Sony WH-1000XM5 Headphones,Electronics,Sony,29990.0,24.2,22732.42,1,22732.42,2621.47,Delhi,West Delhi,Cash on Delivery,5.0,1,0
BBD-0111097,2025-11-20 17:49:00,CUST-99682,PROD-6305,The Derma Co 1% Hyaluronic Sunscreen,Beauty & Grooming,The Derma Co,499.0,10.0,449.1,1,449.1,163.08,Delhi,North Delhi,UPI,5.0,4,0
BBD-0111098,2025-11-13 15:36:00,CUST-35185,PROD-5305,Maybelline New York Matte Lipstick,Beauty & Grooming,Maybelline,449.0,30.9,310.26,1,310.26,98.84,West Bengal,Siliguri,Credit Card,4.0,6,0
BBD-0111099,2025-10-16 05:59:00,CUST-38880,PROD-5353,Samsung Galaxy S24 5G,Mobiles,Samsung,74999.0,18.5,61124.18,1,61124.18,1588.0,Maharashtra,Nagpur,UPI,5.0,3,0
BBD-0111100,2025-10-19 03:10:00,CUST-53627,PROD-5353,Samsung Galaxy S24 5G,Mobiles,Samsung,74999.0,24.4,56699.24,1,56699.24,1133.98,Delhi,West Delhi,UPI,3.5,1,0
BBD-0111101,2025-10-26 20:12:00,CUST-46075,PROD-8021,POCO X6 Pro 5G,Mobiles,POCO,24999.0,33.2,16699.33,1,16699.33,502.91,West Bengal,Siliguri,Credit Card,5.0,2,0
BBD-0111102,2025-10-21 18:22:00,CUST-18204,PROD-9949,Daikin 1.5 Ton 5 Star Inverter AC,Appliances,Daikin,45990.0,32.4,31089.24,1,31089.24,2374.78,Karnataka,Mysore,Cash on Delivery,4.0,3,0
BBD-0111103,2025-11-08 02:39:00,CUST-82734,PROD-2993,Xiaomi Redmi Note 13 Pro,Mobiles,Xiaomi,25999.0,22.0,20279.22,1,20279.22,448.85,Uttar Pradesh,Noida,Debit Card,5.0,5,0
BBD-0111104,2025-11-01 08:34:00,CUST-90092,PROD-2993,Xiaomi Redmi Note 13 Pro,Mobiles,Xiaomi,25999.0,31.6,17783.32,2,35566.64,711.33,Haryana,Panipat,UPI,5.0,7,0
BBD-0111105,2025-11-18 14:25:00,CUST-82329,PROD-9632,Google Pixel 8a,Mobiles,Google,52999.0,25.2,39643.25,1,39643.25,792.87,Delhi,South Delhi,Cash on Delivery,5.0,4,0
BBD-0111106,2025-11-16 23:40:00,CUST-46149,PROD-7214,Realme 12 Pro+ 5G,Mobiles,Realme,29999.0,22.9,23129.23,1,23129.23,1068.81,Gujarat,Vadodara,Cash on Delivery,1.0,1,0
BBD-0111107,2025-10-27 21:34:00,CUST-26987,PROD-1712,Prestige Iris 750W Mixer Grinder,Home & Kitchen,Prestige,4295.0,42.5,2469.62,1,2469.62,291.98,Delhi,South Delhi,UPI,4.5,3,0
BBD-0111108,2025-10-28 20:37:00,CUST-59315,PROD-0023,Philips Digital Air Fryer,Home & Kitchen,Philips,10995.0,44.1,6146.2,2,12292.4,1830.2,Telangana,Hyderabad,Cash on Delivery,4.0,1,0
BBD-0111109,2025-10-23 16:54:00,CUST-70140,PROD-5846,Boat Nirvana Ion Earbuds,Electronics,boAt,4990.0,59.6,2015.96,1,2015.96,85.48,Telangana,Nizamabad,UPI,5.0,3,0
BBD-0111110,2025-10-28 09:53:00,CUST-82421,PROD-6098,OnePlus 12R,Mobiles,OnePlus,39999.0,14.8,34079.15,1,34079.15,2590.14,Haryana,Gurgaon,UPI,4.5,2,0
BBD-0111111,2025-11-19 07:03:00,CUST-23761,PROD-6082,Samsung 55-inch 4K Smart TV,Electronics,Samsung,54990.0,31.5,37668.15,1,37668.15,3836.79,Uttar Pradesh,Varanasi,UPI,4.5,1,1
BBD-0111112,2025-11-09 10:22:00,CUST-45268,PROD-1462,Sony WH-1000XM5 Headphones,Electronics,Sony,29990.0,27.4,21772.74,1,21772.74,1721.4,Tamil Nadu,Chennai,UPI,5.0,2,0
BBD-0111113,2025-11-03 18:13:00,CUST-74169,PROD-8627,Apple iPad 10th Gen,Electronics,Apple,39900.0,22.3,31002.3,1,31002.3,2474.18,Uttar Pradesh,Kanpur,Cash on Delivery,3.5,2,0
BBD-0111114,2025-11-03 21:21:00,CUST-17411,PROD-9399,Motorola Edge 50 Fusion,Mobiles,Motorola,22999.0,27.2,16743.27,1,16743.27,334.87,Kerala,Kochi,UPI,5.0,2,0
BBD-0111115,2025-10-30 06:31:00,CUST-37064,PROD-5353,Samsung Galaxy S24 5G,Mobiles,Samsung,74999.0,21.1,59174.21,1,59174.21,3723.84,Delhi,West Delhi,UPI,3.0,2,0
BBD-0111116,2025-10-31 21:20:00,CUST-34966,PROD-7725,Milton Thermosteel 1L Flask,Home & Kitchen,Milton,1150.0,26.9,840.65,1,840.65,123.25,Delhi,New Delhi,UPI,4.0,4,0
BBD-0111117,2025-10-29 00:35:00,CUST-42224,PROD-9632,Google Pixel 8a,Mobiles,Google,52999.0,26.4,39007.26,1,39007.26,1594.85,Maharashtra,Nagpur,UPI,5.0,1,0
BBD-0111118,2025-10-19 03:50:00,CUST-22782,PROD-8021,POCO X6 Pro 5G,Mobiles,POCO,24999.0,21.6,19599.22,1,19599.22,1055.29,Kerala,Kochi,UPI,5.0,4,0
BBD-0111119,2025-10-23 16:09:00,CUST-17260,PROD-5910,LG 43-inch UHD Smart TV,Electronics,LG,38990.0,38.0,24173.8,2,48347.6,2671.28,Telangana,Hyderabad,Debit Card,4.0,2,0
BBD-0111120,2025-11-14 13:46:00,CUST-51062,PROD-9760,Wakefit Orthopedic Memory Mattress,Home & Kitchen,Wakefit,12499.0,28.0,8999.28,1,8999.28,1703.77,Delhi,West Delhi,UPI,5.0,4,0
BBD-0111121,2025-10-26 10:48:00,CUST-87769,PROD-0367,Whirlpool 265L Frost Free Refrigerator,Appliances,Whirlpool,32490.0,26.4,23912.64,1,23912.64,1893.13,Uttar Pradesh,Varanasi,Cash on Delivery,5.0,3,0
BBD-0111122,2025-11-14 14:59:00,CUST-19381,PROD-6684,Apple iPhone 15 (128GB),Mobiles,Apple,79900.0,15.3,67675.3,2,135350.6,8160.5,Maharashtra,Nashik,UPI,4.0,4,0
BBD-0111123,2025-10-28 07:13:00,CUST-71539,PROD-6082,Samsung 55-inch 4K Smart TV,Electronics,Samsung,54990.0,34.2,36183.42,1,36183.42,3481.34,Karnataka,Hubli,UPI,4.0,6,0
BBD-0111124,2025-10-27 09:27:00,CUST-63193,PROD-1208,Adidas Originals Trefoil Hoodie,Fashion,Adidas,4599.0,30.3,3205.5,2,6411.0,1568.8,Maharashtra,Nagpur,UPI,4.5,2,0
BBD-0111125,2025-11-15 11:28:00,CUST-53507,PROD-3168,Puma Men Motorsport Sneakers,Fashion,Puma,5499.0,42.7,3150.93,1,3150.93,697.14,Maharashtra,Pune,Credit Card,4.5,2,1
BBD-0111126,2025-10-16 05:19:00,CUST-79114,PROD-0694,Bajaj New Shakti Neo Water Heater,Home & Kitchen,Bajaj,6999.0,30.4,4871.3,1,4871.3,859.78,Maharashtra,Pune,Debit Card,4.5,4,0
BBD-0111127,2025-11-07 05:09:00,CUST-27082,PROD-6098,OnePlus 12R,Mobiles,OnePlus,39999.0,10.0,35999.1,1,35999.1,3100.42,Delhi,South Delhi,UPI,5.0,1,0
BBD-0111128,2025-10-16 16:25:00,CUST-31928,PROD-5305,Maybelline New York Matte Lipstick,Beauty & Grooming,Maybelline,449.0,36.4,285.56,1,285.56,78.78,West Bengal,Durgapur,Credit Card,5.0,2,0
BBD-0111129,2025-11-01 16:50:00,CUST-10440,PROD-9399,Motorola Edge 50 Fusion,Mobiles,Motorola,22999.0,22.9,17732.23,1,17732.23,354.64,Rajasthan,Jaipur,Credit Card,3.5,3,0
BBD-0111130,2025-11-12 06:30:00,CUST-73538,PROD-8482,Kent Grand Plus RO Water Purifier,Home & Kitchen,Kent,18500.0,27.3,13449.5,2,26899.0,4872.56,Haryana,Faridabad,Debit Card,5.0,3,0
BBD-0111131,2025-10-30 22:42:00,CUST-29433,PROD-8409,Zara Textured Casual Shirt,Fashion,Zara,2990.0,26.8,2188.68,1,2188.68,631.05,Telangana,Hyderabad,UPI,4.5,1,0
BBD-0111132,2025-10-30 12:27:00,CUST-64007,PROD-5805,LG 8kg Front Load Washing Machine,Appliances,LG,41990.0,33.4,27965.34,1,27965.34,1662.87,Rajasthan,Jaipur,UPI,4.5,2,0
BBD-0111133,2025-11-08 08:55:00,CUST-77930,PROD-6082,Samsung 55-inch 4K Smart TV,Electronics,Samsung,54990.0,36.0,35193.6,1,35193.6,3533.01,Tamil Nadu,Madurai,UPI,5.0,3,0
BBD-0111134,2025-11-11 18:10:00,CUST-79674,PROD-5353,Samsung Galaxy S24 5G,Mobiles,Samsung,74999.0,22.3,58274.22,1,58274.22,1165.48,Haryana,Panipat,EMI,5.0,4,0
BBD-0111135,2025-10-25 01:23:00,CUST-55291,PROD-2993,Xiaomi Redmi Note 13 Pro,Mobiles,Xiaomi,25999.0,22.5,20149.23,1,20149.23,611.39,Uttar Pradesh,Varanasi,Debit Card,3.5,2,0
BBD-0111136,2025-11-13 21:19:00,CUST-44720,PROD-2897,Bombay Shaving Co Grooming Kit,Beauty & Grooming,Bombay Shaving Co,1499.0,49.9,751.0,2,1502.0,392.18,Delhi,North Delhi,Credit Card,5.0,1,0
BBD-0111137,2025-11-06 11:20:00,CUST-13129,PROD-8021,POCO X6 Pro 5G,Mobiles,POCO,24999.0,34.5,16374.35,1,16374.35,327.49,Tamil Nadu,Salem,Credit Card,4.0,3,0
BBD-0111138,2025-10-25 22:25:00,CUST-21297,PROD-1208,Adidas Originals Trefoil Hoodie,Fashion,Adidas,4599.0,35.5,2966.36,4,11865.44,3149.36,Maharashtra,Nashik,UPI,5.0,5,0
BBD-0111139,2025-10-26 12:28:00,CUST-84223,PROD-7180,Philips Series 3000 Beard Trimmer,Beauty & Grooming,Philips,1895.0,34.5,1241.23,1,1241.23,339.37,Gujarat,Rajkot,Debit Card,5.0,1,0
BBD-0111140,2025-11-01 08:29:00,CUST-62105,PROD-1712,Prestige Iris 750W Mixer Grinder,Home & Kitchen,Prestige,4295.0,41.8,2499.69,1,2499.69,338.41,Tamil Nadu,Salem,Debit Card,4.5,2,0
BBD-0111141,2025-11-15 21:56:00,CUST-28560,PROD-5675,L'Oreal Paris Total Repair Hair Mask,Beauty & Grooming,L'Oreal,499.0,19.2,403.19,1,403.19,118.34,Karnataka,Mangalore,Credit Card,5.0,5,0
BBD-0111142,2025-11-12 04:40:00,CUST-58875,PROD-3168,Puma Men Motorsport Sneakers,Fashion,Puma,5499.0,39.6,3321.4,2,6642.8,1672.26,Uttar Pradesh,Agra,Credit Card,4.0,4,0
BBD-0111143,2025-11-16 00:54:00,CUST-59885,PROD-8021,POCO X6 Pro 5G,Mobiles,POCO,24999.0,36.7,15824.37,1,15824.37,316.49,Uttar Pradesh,Varanasi,Debit Card,5.0,1,0
BBD-0111144,2025-10-30 05:50:00,CUST-81764,PROD-1208,Adidas Originals Trefoil Hoodie,Fashion,Adidas,4599.0,43.1,2616.83,1,2616.83,597.01,Telangana,Nizamabad,UPI,2.0,1,0
BBD-0111145,2025-11-13 07:33:00,CUST-37776,PROD-5846,Boat Nirvana Ion Earbuds,Electronics,boAt,4990.0,71.3,1432.13,1,1432.13,35.25,Tamil Nadu,Chennai,UPI,5.0,3,1
BBD-0111146,2025-11-13 03:04:00,CUST-57735,PROD-9949,Daikin 1.5 Ton 5 Star Inverter AC,Appliances,Daikin,45990.0,20.7,36470.07,1,36470.07,4299.06,Rajasthan,Kota,UPI,5.0,2,0
BBD-0111147,2025-11-19 02:09:00,CUST-95814,PROD-8627,Apple iPad 10th Gen,Electronics,Apple,39900.0,18.1,32678.1,1,32678.1,4465.53,Telangana,Hyderabad,UPI,5.0,2,0
BBD-0111148,2025-10-29 20:52:00,CUST-21259,PROD-9252,Levi's 511 Slim Fit Jeans,Fashion,Levi's,3999.0,46.9,2123.47,2,4246.94,974.07,Telangana,Warangal,Credit Card,5.0,4,0
BBD-0111149,2025-11-19 18:28:00,CUST-10991,PROD-2993,Xiaomi Redmi Note 13 Pro,Mobiles,Xiaomi,25999.0,24.6,19603.25,1,19603.25,1064.8,Haryana,Faridabad,Credit Card,4.5,3,0
BBD-0111150,2025-10-27 21:10:00,CUST-74839,PROD-5846,Boat Nirvana Ion Earbuds,Electronics,boAt,4990.0,69.2,1536.92,2,3073.84,61.48,Karnataka,Bangalore,UPI,3.5,1,1
BBD-0111151,2025-11-05 11:56:00,CUST-42583,PROD-6082,Samsung 55-inch 4K Smart TV,Electronics,Samsung,54990.0,37.3,34478.73,1,34478.73,3133.05,Rajasthan,Jaipur,UPI,5.0,2,0
BBD-0111152,2025-10-16 17:45:00,CUST-16701,PROD-6098,OnePlus 12R,Mobiles,OnePlus,39999.0,20.7,31719.21,2,63438.42,4280.08,Karnataka,Mangalore,UPI,5.0,2,0
BBD-0111153,2025-11-04 21:27:00,CUST-84588,PROD-2993,Xiaomi Redmi Note 13 Pro,Mobiles,Xiaomi,25999.0,20.7,20617.21,1,20617.21,986.65,Telangana,Hyderabad,UPI,5.0,2,0
BBD-0111154,2025-10-19 11:32:00,CUST-45349,PROD-4226,JBL Flip 6 Bluetooth Speaker,Electronics,JBL,11999.0,29.3,8483.29,2,16966.58,1158.65,Karnataka,Hubli,Debit Card,3.5,2,0
BBD-0111155,2025-10-18 08:50:00,CUST-95814,PROD-5910,LG 43-inch UHD Smart TV,Electronics,LG,38990.0,41.5,22809.15,1,22809.15,975.13,Uttar Pradesh,Noida,Debit Card,4.0,2,0
BBD-0111156,2025-11-02 06:39:00,CUST-58302,PROD-2480,Allen Solly Formal Trousers,Fashion,Allen Solly,2499.0,31.4,1714.31,1,1714.31,482.05,Karnataka,Hubli,UPI,5.0,1,0
BBD-0111157,2025-11-10 02:08:00,CUST-82370,PROD-2480,Allen Solly Formal Trousers,Fashion,Allen Solly,2499.0,36.8,1579.37,1,1579.37,430.54,Rajasthan,Jaipur,UPI,5.0,3,1
BBD-0111158,2025-11-06 00:07:00,CUST-29464,PROD-9235,Nike Air Max Impact Shoes,Fashion,Nike,7995.0,27.7,5780.39,1,5780.39,1706.44,Gujarat,Rajkot,Credit Card,4.5,4,0
BBD-0111159,2025-11-13 22:26:00,CUST-32445,PROD-2875,Dell Inspiron 15 Laptop,Electronics,Dell,56990.0,24.1,43255.41,1,43255.41,4065.1,Maharashtra,Nashik,UPI,4.5,1,0
BBD-0111160,2025-10-24 21:25:00,CUST-94460,PROD-7214,Realme 12 Pro+ 5G,Mobiles,Realme,29999.0,27.0,21899.27,1,21899.27,437.99,Karnataka,Mangalore,Credit Card,5.0,2,0
BBD-0111161,2025-11-16 13:29:00,CUST-46589,PROD-2405,HP Pavilion Gaming Laptop,Electronics,HP,68990.0,33.3,46016.33,3,138048.99,12847.59,Karnataka,Mangalore,Credit Card,3.5,2,0
BBD-0111162,2025-11-17 05:33:00,CUST-22976,PROD-2875,Dell Inspiron 15 Laptop,Electronics,Dell,56990.0,12.3,49980.23,2,99960.46,12051.76,Delhi,North Delhi,Cash on Delivery,5.0,3,0
BBD-0111163,2025-10-28 13:30:00,CUST-55663,PROD-6098,OnePlus 12R,Mobiles,OnePlus,39999.0,18.1,32759.18,1,32759.18,2227.08,Maharashtra,Mumbai,UPI,4.0,4,0
BBD-0111164,2025-11-07 07:44:00,CUST-47148,PROD-5305,Maybelline New York Matte Lipstick,Beauty & Grooming,Maybelline,449.0,39.1,273.44,1,273.44,76.55,Karnataka,Mangalore,UPI,3.5,1,0
BBD-0111165,2025-10-28 22:29:00,CUST-29779,PROD-9632,Google Pixel 8a,Mobiles,Google,52999.0,22.9,40862.23,1,40862.23,2522.06,Karnataka,Mysore,EMI,5.0,3,0
BBD-0111166,2025-10-16 14:30:00,CUST-70624,PROD-9632,Google Pixel 8a,Mobiles,Google,52999.0,13.0,46109.13,1,46109.13,2119.21,Gujarat,Vadodara,UPI,4.0,3,0
BBD-0111167,2025-10-28 12:50:00,CUST-70424,PROD-0023,Philips Digital Air Fryer,Home & Kitchen,Philips,10995.0,39.0,6706.95,1,6706.95,947.04,Uttar Pradesh,Lucknow,UPI,4.5,1,0
BBD-0111168,2025-10-19 08:02:00,CUST-59959,PROD-1208,Adidas Originals Trefoil Hoodie,Fashion,Adidas,4599.0,45.8,2492.66,1,2492.66,647.09,Delhi,North Delhi,Debit Card,5.0,2,1
BBD-0111169,2025-11-10 17:44:00,CUST-29779,PROD-9252,Levi's 511 Slim Fit Jeans,Fashion,Levi's,3999.0,42.8,2287.43,1,2287.43,611.97,Uttar Pradesh,Kanpur,UPI,5.0,3,0
BBD-0111170,2025-10-25 06:05:00,CUST-42224,PROD-6098,OnePlus 12R,Mobiles,OnePlus,39999.0,23.6,30559.24,1,30559.24,1262.76,Delhi,South Delhi,Net Banking,4.5,3,0
BBD-0111171,2025-10-26 14:49:00,CUST-27186,PROD-6082,Samsung 55-inch 4K Smart TV,Electronics,Samsung,54990.0,37.2,34533.72,2,69067.44,5554.03,Karnataka,Bangalore,Cash on Delivery,3.5,1,0
BBD-0111172,2025-11-02 12:43:00,CUST-41070,PROD-8482,Kent Grand Plus RO Water Purifier,Home & Kitchen,Kent,18500.0,26.8,13542.0,1,13542.0,2100.65,Telangana,Hyderabad,Credit Card,5.0,2,0
BBD-0111173,2025-11-18 06:46:00,CUST-80491,PROD-5805,LG 8kg Front Load Washing Machine,Appliances,LG,41990.0,38.2,25949.82,1,25949.82,1505.13,Telangana,Warangal,EMI,4.0,2,0
BBD-0111174,2025-11-12 03:46:00,CUST-54115,PROD-6082,Samsung 55-inch 4K Smart TV,Electronics,Samsung,54990.0,36.9,34698.69,1,34698.69,2071.43,Gujarat,Ahmedabad,UPI,5.0,1,0
BBD-0111175,2025-11-17 07:33:00,CUST-45798,PROD-1462,Sony WH-1000XM5 Headphones,Electronics,Sony,29990.0,24.3,22702.43,1,22702.43,2745.56,Rajasthan,Jaipur,UPI,4.5,2,0
BBD-0111176,2025-11-17 21:02:00,CUST-19859,PROD-0694,Bajaj New Shakti Neo Water Heater,Home & Kitchen,Bajaj,6999.0,42.7,4010.43,1,4010.43,690.14,West Bengal,Kolkata,Credit Card,5.0,2,0
BBD-0111177,2025-10-18 09:57:00,CUST-86535,PROD-0023,Philips Digital Air Fryer,Home & Kitchen,Philips,10995.0,46.7,5860.33,1,5860.33,936.85,West Bengal,Kolkata,Cash on Delivery,3.5,5,0
BBD-0111178,2025-10-27 10:33:00,CUST-70415,PROD-7356,Biba Women Embroidered Kurta,Fashion,Biba,3299.0,54.0,1517.54,2,3035.08,635.13,Haryana,Panipat,Credit Card,4.5,2,0
BBD-0111179,2025-11-06 16:51:00,CUST-13628,PROD-9252,Levi's 511 Slim Fit Jeans,Fashion,Levi's,3999.0,49.7,2011.5,2,4023.0,935.32,Kerala,Kochi,UPI,4.5,1,0
BBD-0111180,2025-10-30 11:10:00,CUST-34625,PROD-9632,Google Pixel 8a,Mobiles,Google,52999.0,15.3,44890.15,1,44890.15,2714.79,Gujarat,Ahmedabad,Credit Card,5.0,7,0
BBD-0111181,2025-11-04 06:17:00,CUST-18998,PROD-7356,Biba Women Embroidered Kurta,Fashion,Biba,3299.0,54.3,1507.64,1,1507.64,323.12,Kerala,Kozhikode,Credit Card,1.0,1,0
BBD-0111182,2025-10-31 19:13:00,CUST-50255,PROD-0694,Bajaj New Shakti Neo Water Heater,Home & Kitchen,Bajaj,6999.0,36.7,4430.37,2,8860.74,1158.72,Haryana,Panipat,Cash on Delivery,4.0,7,0
BBD-0111183,2025-11-10 23:52:00,CUST-64308,PROD-2875,Dell Inspiron 15 Laptop,Electronics,Dell,56990.0,29.5,40177.95,2,80355.9,6017.32,Tamil Nadu,Coimbatore,Credit Card,4.5,4,0
BBD-0111184,2025-10-27 02:20:00,CUST-92124,PROD-2875,Dell Inspiron 15 Laptop,Electronics,Dell,56990.0,23.8,43426.38,2,86852.76,9569.72,Karnataka,Mysore,UPI,5.0,1,0
BBD-0111185,2025-11-14 16:09:00,CUST-75293,PROD-8021,POCO X6 Pro 5G,Mobiles,POCO,24999.0,31.8,17049.32,1,17049.32,486.14,Kerala,Thiruvananthapuram,Debit Card,5.0,2,0
BBD-0111186,2025-11-06 11:00:00,CUST-27513,PROD-8347,FabIndia Cotton Printed Saree,Fashion,FabIndia,4990.0,28.2,3582.82,2,7165.64,2000.23,Tamil Nadu,Salem,UPI,5.0,2,0
BBD-0111187,2025-11-19 17:43:00,CUST-84423,PROD-5675,L'Oreal Paris Total Repair Hair Mask,Beauty & Grooming,L'Oreal,499.0,14.5,426.64,1,426.64,132.08,West Bengal,Kolkata,Credit Card,5.0,3,0
BBD-0111188,2025-11-18 21:31:00,CUST-95527,PROD-6098,OnePlus 12R,Mobiles,OnePlus,39999.0,13.4,34639.13,1,34639.13,2514.51,Uttar Pradesh,Kanpur,Credit Card,4.5,3,0
BBD-0111189,2025-10-23 03:59:00,CUST-54949,PROD-8409,Zara Textured Casual Shirt,Fashion,Zara,2990.0,28.3,2143.83,1,2143.83,588.19,Kerala,Kozhikode,UPI,5.0,2,0
BBD-0111190,2025-11-03 23:55:00,CUST-28704,PROD-5353,Samsung Galaxy S24 5G,Mobiles,Samsung,74999.0,21.5,58874.22,1,58874.22,1177.48,Tamil Nadu,Coimbatore,EMI,4.5,2,0
BBD-0111191,2025-10-17 14:49:00,CUST-55254,PROD-4226,JBL Flip 6 Bluetooth Speaker,Electronics,JBL,11999.0,21.1,9467.21,1,9467.21,994.74,Rajasthan,Udaipur,UPI,5.0,3,0
BBD-0111192,2025-11-09 22:54:00,CUST-82572,PROD-4226,JBL Flip 6 Bluetooth Speaker,Electronics,JBL,11999.0,21.9,9371.22,1,9371.22,1270.98,Rajasthan,Jaipur,UPI,4.5,5,0
BBD-0111193,2025-11-17 22:33:00,CUST-30044,PROD-9252,Levi's 511 Slim Fit Jeans,Fashion,Levi's,3999.0,39.2,2431.39,2,4862.78,1103.04,Tamil Nadu,Salem,UPI,4.0,2,0
BBD-0111194,2025-10-20 01:30:00,CUST-14547,PROD-1462,Sony WH-1000XM5 Headphones,Electronics,Sony,29990.0,17.9,24621.79,2,49243.58,4200.19,Tamil Nadu,Coimbatore,Net Banking,5.0,2,0
BBD-0111195,2025-10-17 11:51:00,CUST-55303,PROD-5805,LG 8kg Front Load Washing Machine,Appliances,LG,41990.0,25.0,31492.5,1,31492.5,2421.17,Uttar Pradesh,Agra,Net Banking,5.0,1,0
BBD-0111196,2025-10-27 11:03:00,CUST-67198,PROD-8021,POCO X6 Pro 5G,Mobiles,POCO,24999.0,26.4,18399.26,1,18399.26,591.23,Rajasthan,Udaipur,Debit Card,3.0,4,0
BBD-0111197,2025-10-28 08:41:00,CUST-20858,PROD-5675,L'Oreal Paris Total Repair Hair Mask,Beauty & Grooming,L'Oreal,499.0,14.9,424.65,1,424.65,138.7,Rajasthan,Udaipur,Credit Card,4.5,2,0
BBD-0111198,2025-11-07 05:27:00,CUST-57237,PROD-0023,Philips Digital Air Fryer,Home & Kitchen,Philips,10995.0,39.8,6618.99,1,6618.99,1133.65,West Bengal,Kolkata,UPI,4.5,2,0
BBD-0111199,2025-10-20 00:06:00,CUST-67658,PROD-2875,Dell Inspiron 15 Laptop,Electronics,Dell,56990.0,14.5,48726.45,1,48726.45,6033.02,Telangana,Hyderabad,Cash on Delivery,4.0,3,0
BBD-0111200,2025-11-16 21:15:00,CUST-61422,PROD-5910,LG 43-inch UHD Smart TV,Electronics,LG,38990.0,31.5,26708.15,1,26708.15,1828.26,Maharashtra,Mumbai,Credit Card,5.0,2,0
BBD-0111201,2025-11-02 08:52:00,CUST-55694,PROD-8595,IFB 6.5kg Top Load Washer,Appliances,IFB,21990.0,24.1,16690.41,1,16690.41,1497.05,West Bengal,Howrah,UPI,5.0,5,0
BBD-0111202,2025-11-16 22:25:00,CUST-39233,PROD-8409,Zara Textured Casual Shirt,Fashion,Zara,2990.0,29.5,2107.95,2,4215.9,1161.17,Karnataka,Hubli,Net Banking,3.0,6,0
BBD-0111203,2025-10-27 04:42:00,CUST-68213,PROD-8021,POCO X6 Pro 5G,Mobiles,POCO,24999.0,33.1,16724.33,1,16724.33,687.35,Haryana,Panipat,Debit Card,4.0,4,0
BBD-0111204,2025-11-10 09:44:00,CUST-84252,PROD-9760,Wakefit Orthopedic Memory Mattress,Home & Kitchen,Wakefit,12499.0,38.5,7686.89,1,7686.89,1380.52,Tamil Nadu,Madurai,UPI,5.0,2,0
BBD-0111205,2025-11-07 17:00:00,CUST-64058,PROD-8347,FabIndia Cotton Printed Saree,Fashion,FabIndia,4990.0,38.3,3078.83,1,3078.83,799.58,Karnataka,Mangalore,Credit Card,3.5,5,0
BBD-0111206,2025-11-11 02:24:00,CUST-34540,PROD-5846,Boat Nirvana Ion Earbuds,Electronics,boAt,4990.0,68.6,1566.86,1,1566.86,31.34,West Bengal,Kolkata,UPI,5.0,5,0
BBD-0111207,2025-10-23 05:44:00,CUST-14379,PROD-7725,Milton Thermosteel 1L Flask,Home & Kitchen,Milton,1150.0,30.3,801.55,1,801.55,117.69,Delhi,North Delhi,Debit Card,5.0,3,1
BBD-0111208,2025-10-18 18:59:00,CUST-69774,PROD-9632,Google Pixel 8a,Mobiles,Google,52999.0,13.9,45632.14,1,45632.14,1403.93,West Bengal,Durgapur,Credit Card,4.0,1,0
BBD-0111209,2025-11-11 07:00:00,CUST-55664,PROD-7214,Realme 12 Pro+ 5G,Mobiles,Realme,29999.0,18.1,24569.18,1,24569.18,491.38,Rajasthan,Jodhpur,UPI,4.0,2,0
BBD-0111210,2025-11-03 17:39:00,CUST-40196,PROD-7356,Biba Women Embroidered Kurta,Fashion,Biba,3299.0,50.6,1629.71,1,1629.71,373.75,Uttar Pradesh,Agra,UPI,5.0,2,0
BBD-0111211,2025-11-14 13:34:00,CUST-52688,PROD-7214,Realme 12 Pro+ 5G,Mobiles,Realme,29999.0,16.8,24959.17,1,24959.17,639.03,Uttar Pradesh,Noida,Debit Card,4.5,1,0
BBD-0111212,2025-10-19 22:47:00,CUST-55254,PROD-7725,Milton Thermosteel 1L Flask,Home & Kitchen,Milton,1150.0,19.8,922.3,1,922.3,171.66,West Bengal,Kolkata,EMI,3.0,2,0
BBD-0111213,2025-11-12 12:40:00,CUST-59855,PROD-9399,Motorola Edge 50 Fusion,Mobiles,Motorola,22999.0,25.9,17042.26,1,17042.26,340.85,Maharashtra,Pune,UPI,5.0,1,0
BBD-0111214,2025-10-23 13:10:00,CUST-89709,PROD-6098,OnePlus 12R,Mobiles,OnePlus,39999.0,16.5,33399.17,1,33399.17,979.28,Uttar Pradesh,Varanasi,UPI,4.0,3,0
BBD-0111215,2025-10-16 23:04:00,CUST-79406,PROD-7214,Realme 12 Pro+ 5G,Mobiles,Realme,29999.0,30.2,20939.3,1,20939.3,418.79,Rajasthan,Kota,Credit Card,3.5,2,0
BBD-0111216,2025-11-10 02:18:00,CUST-17964,PROD-9632,Google Pixel 8a,Mobiles,Google,52999.0,26.3,39060.26,1,39060.26,781.21,Maharashtra,Nagpur,Credit Card,5.0,3,0
BBD-0111217,2025-11-17 11:48:00,CUST-95814,PROD-8021,POCO X6 Pro 5G,Mobiles,POCO,24999.0,24.2,18949.24,1,18949.24,378.98,Kerala,Kochi,UPI,5.0,2,0
BBD-0111218,2025-10-16 17:09:00,CUST-47501,PROD-7180,Philips Series 3000 Beard Trimmer,Beauty & Grooming,Philips,1895.0,26.1,1400.4,4,5601.6,1665.74,West Bengal,Siliguri,Debit Card,5.0,2,1
BBD-0111219,2025-11-14 03:36:00,CUST-28703,PROD-2993,Xiaomi Redmi Note 13 Pro,Mobiles,Xiaomi,25999.0,18.6,21163.19,1,21163.19,610.19,Maharashtra,Nagpur,UPI,5.0,1,0
BBD-0111220,2025-11-15 07:16:00,CUST-41464,PROD-6814,Noise ColorFit Pro 5 Smartwatch,Electronics,Noise,3999.0,55.3,1787.55,1,1787.55,91.12,Maharashtra,Nagpur,UPI,4.5,3,0
BBD-0111221,2025-11-19 22:03:00,CUST-94722,PROD-8347,FabIndia Cotton Printed Saree,Fashion,FabIndia,4990.0,33.7,3308.37,1,3308.37,884.33,Kerala,Kochi,UPI,5.0,1,0
BBD-0111222,2025-10-20 13:18:00,CUST-95689,PROD-6082,Samsung 55-inch 4K Smart TV,Electronics,Samsung,54990.0,30.5,38218.05,1,38218.05,4091.07,Uttar Pradesh,Lucknow,Cash on Delivery,4.5,3,0
BBD-0111223,2025-11-12 13:25:00,CUST-55937,PROD-8627,Apple iPad 10th Gen,Electronics,Apple,39900.0,7.8,36787.8,1,36787.8,4456.74,Uttar Pradesh,Noida,Cash on Delivery,4.5,4,1
BBD-0111224,2025-11-05 15:35:00,CUST-24062,PROD-8021,POCO X6 Pro 5G,Mobiles,POCO,24999.0,33.2,16699.33,1,16699.33,333.99,Rajasthan,Jodhpur,Net Banking,3.0,4,0
BBD-0111225,2025-10-20 17:10:00,CUST-80099,PROD-5846,Boat Nirvana Ion Earbuds,Electronics,boAt,4990.0,71.1,1442.11,1,1442.11,28.84,Telangana,Warangal,Credit Card,4.0,1,0
BBD-0111226,2025-10-23 06:13:00,CUST-99046,PROD-5353,Samsung Galaxy S24 5G,Mobiles,Samsung,74999.0,27.9,54074.28,1,54074.28,1081.49,Haryana,Gurgaon,UPI,3.5,2,0
BBD-0111227,2025-11-01 17:04:00,CUST-60252,PROD-6098,OnePlus 12R,Mobiles,OnePlus,39999.0,10.9,35639.11,1,35639.11,2881.31,Karnataka,Mangalore,Credit Card,4.0,3,0
BBD-0111228,2025-11-13 19:38:00,CUST-56633,PROD-9632,Google Pixel 8a,Mobiles,Google,52999.0,16.0,44519.16,1,44519.16,2528.21,Haryana,Panipat,Cash on Delivery,5.0,7,0
BBD-0111229,2025-10-22 15:28:00,CUST-98582,PROD-0023,Philips Digital Air Fryer,Home & Kitchen,Philips,10995.0,34.2,7234.71,1,7234.71,1367.62,Uttar Pradesh,Noida,Cash on Delivery,4.5,2,0
BBD-0111230,2025-10-29 20:39:00,CUST-11124,PROD-2993,Xiaomi Redmi Note 13 Pro,Mobiles,Xiaomi,25999.0,29.1,18433.29,2,36866.58,737.33,Rajasthan,Jaipur,Credit Card,5.0,2,0
BBD-0111231,2025-10-30 21:37:00,CUST-59310,PROD-9235,Nike Air Max Impact Shoes,Fashion,Nike,7995.0,27.8,5772.39,2,11544.78,3371.0,Rajasthan,Jaipur,Debit Card,5.0,2,0
BBD-0111232,2025-10-26 11:12:00,CUST-16132,PROD-5387,Minimalist 10% Niacinamide Serum,Beauty & Grooming,Minimalist,599.0,7.7,552.88,2,1105.76,354.7,Karnataka,Bangalore,Credit Card,5.0,1,0
BBD-0111233,2025-10-27 05:45:00,CUST-86666,PROD-7214,Realme 12 Pro+ 5G,Mobiles,Realme,29999.0,25.4,22379.25,1,22379.25,890.54,Rajasthan,Jodhpur,UPI,3.5,1,0
BBD-0111234,2025-11-17 15:10:00,CUST-98195,PROD-0367,Whirlpool 265L Frost Free Refrigerator,Appliances,Whirlpool,32490.0,35.0,21118.5,1,21118.5,984.69,Gujarat,Rajkot,Credit Card,5.0,2,0
BBD-0111235,2025-10-26 04:45:00,CUST-21114,PROD-7214,Realme 12 Pro+ 5G,Mobiles,Realme,29999.0,15.3,25409.15,1,25409.15,1666.61,Telangana,Warangal,Cash on Delivery,3.0,2,0
BBD-0111236,2025-11-15 10:39:00,CUST-42050,PROD-9399,Motorola Edge 50 Fusion,Mobiles,Motorola,22999.0,21.8,17985.22,1,17985.22,359.7,Delhi,South Delhi,Debit Card,5.0,5,0
BBD-0111237,2025-10-25 09:17:00,CUST-17714,PROD-3168,Puma Men Motorsport Sneakers,Fashion,Puma,5499.0,49.7,2766.0,1,2766.0,569.94,West Bengal,Siliguri,UPI,5.0,6,0
BBD-0111238,2025-11-04 19:18:00,CUST-71032,PROD-8021,POCO X6 Pro 5G,Mobiles,POCO,24999.0,22.3,19424.22,1,19424.22,979.84,Kerala,Kochi,UPI,4.5,1,0
BBD-0111239,2025-11-05 19:09:00,CUST-64520,PROD-8482,Kent Grand Plus RO Water Purifier,Home & Kitchen,Kent,18500.0,32.2,12543.0,1,12543.0,2127.78,Uttar Pradesh,Varanasi,UPI,4.5,1,0
BBD-0111240,2025-10-22 08:25:00,CUST-30577,PROD-2993,Xiaomi Redmi Note 13 Pro,Mobiles,Xiaomi,25999.0,22.7,20097.23,1,20097.23,508.23,Telangana,Warangal,UPI,4.5,2,0
BBD-0111241,2025-11-07 01:28:00,CUST-45349,PROD-3168,Puma Men Motorsport Sneakers,Fashion,Puma,5499.0,42.3,3172.92,2,6345.84,1710.2,Rajasthan,Jodhpur,UPI,5.0,1,0
BBD-0111242,2025-11-14 02:34:00,CUST-60042,PROD-5387,Minimalist 10% Niacinamide Serum,Beauty & Grooming,Minimalist,599.0,5.2,567.85,1,567.85,186.09,Karnataka,Bangalore,UPI,4.5,2,0
BBD-0111243,2025-10-26 01:20:00,CUST-15656,PROD-6305,The Derma Co 1% Hyaluronic Sunscreen,Beauty & Grooming,The Derma Co,499.0,21.4,392.21,1,392.21,114.85,Rajasthan,Kota,UPI,5.0,1,0
BBD-0111244,2025-11-09 00:26:00,CUST-63792,PROD-9252,Levi's 511 Slim Fit Jeans,Fashion,Levi's,3999.0,42.8,2287.43,1,2287.43,524.17,Tamil Nadu,Salem,Credit Card,5.0,4,1
BBD-0111245,2025-10-22 05:17:00,CUST-93755,PROD-5846,Boat Nirvana Ion Earbuds,Electronics,boAt,4990.0,60.5,1971.05,2,3942.1,86.28,Tamil Nadu,Chennai,UPI,5.0,1,0
BBD-0111246,2025-11-10 15:14:00,CUST-47198,PROD-3168,Puma Men Motorsport Sneakers,Fashion,Puma,5499.0,46.6,2936.47,1,2936.47,624.97,Telangana,Nizamabad,Debit Card,4.5,1,1
BBD-0111247,2025-11-18 06:58:00,CUST-98065,PROD-7356,Biba Women Embroidered Kurta,Fashion,Biba,3299.0,44.0,1847.44,1,1847.44,460.37,West Bengal,Howrah,UPI,5.0,1,0
BBD-0111248,2025-11-12 05:06:00,CUST-91991,PROD-7214,Realme 12 Pro+ 5G,Mobiles,Realme,29999.0,21.2,23639.21,1,23639.21,1096.71,Haryana,Gurgaon,UPI,4.5,2,0
BBD-0111249,2025-10-31 00:50:00,CUST-20734,PROD-8021,POCO X6 Pro 5G,Mobiles,POCO,24999.0,33.8,16549.34,1,16549.34,330.99,Kerala,Kochi,UPI,5.0,1,0
BBD-0111250,2025-10-24 13:24:00,CUST-28292,PROD-6684,Apple iPhone 15 (128GB),Mobiles,Apple,79900.0,14.3,68474.3,1,68474.3,4154.57,Kerala,Kozhikode,EMI,5.0,3,0
BBD-0111251,2025-10-30 02:31:00,CUST-97088,PROD-5910,LG 43-inch UHD Smart TV,Electronics,LG,38990.0,32.2,26435.22,1,26435.22,2202.3,Haryana,Faridabad,UPI,3.5,1,0
BBD-0111252,2025-11-08 07:52:00,CUST-14835,PROD-9399,Motorola Edge 50 Fusion,Mobiles,Motorola,22999.0,22.0,17939.22,1,17939.22,633.79,Uttar Pradesh,Agra,UPI,5.0,3,0
BBD-0111253,2025-10-26 13:19:00,CUST-13582,PROD-8409,Zara Textured Casual Shirt,Fashion,Zara,2990.0,29.0,2122.9,1,2122.9,542.06,Maharashtra,Nagpur,Debit Card,5.0,3,0
BBD-0111254,2025-10-26 23:50:00,CUST-63850,PROD-7725,Milton Thermosteel 1L Flask,Home & Kitchen,Milton,1150.0,29.2,814.2,1,814.2,150.59,Rajasthan,Kota,Credit Card,4.0,1,0
BBD-0111255,2025-10-26 16:37:00,CUST-29819,PROD-2993,Xiaomi Redmi Note 13 Pro,Mobiles,Xiaomi,25999.0,33.4,17315.33,1,17315.33,472.02,Tamil Nadu,Chennai,Credit Card,4.0,2,0
BBD-0111256,2025-10-16 22:03:00,CUST-85159,PROD-5846,Boat Nirvana Ion Earbuds,Electronics,boAt,4990.0,59.3,2030.93,1,2030.93,105.72,West Bengal,Kolkata,Credit Card,4.5,2,1
BBD-0111257,2025-11-11 14:17:00,CUST-98458,PROD-6684,Apple iPhone 15 (128GB),Mobiles,Apple,79900.0,26.1,59046.1,1,59046.1,1389.88,West Bengal,Siliguri,UPI,4.5,4,0
BBD-0111258,2025-11-08 15:39:00,CUST-44264,PROD-4226,JBL Flip 6 Bluetooth Speaker,Electronics,JBL,11999.0,22.4,9311.22,1,9311.22,737.03,Maharashtra,Nagpur,UPI,4.0,2,0
BBD-0111259,2025-11-14 19:08:00,CUST-23944,PROD-1462,Sony WH-1000XM5 Headphones,Electronics,Sony,29990.0,23.1,23062.31,2,46124.62,5887.46,Kerala,Kochi,UPI,5.0,2,0
BBD-0111260,2025-10-18 03:56:00,CUST-67192,PROD-2993,Xiaomi Redmi Note 13 Pro,Mobiles,Xiaomi,25999.0,32.7,17497.33,1,17497.33,349.95,Karnataka,Bangalore,Credit Card,5.0,3,0
BBD-0111261,2025-11-01 16:58:00,CUST-54267,PROD-6098,OnePlus 12R,Mobiles,OnePlus,39999.0,13.7,34519.14,1,34519.14,1379.18,Haryana,Panipat,UPI,5.0,2,0
BBD-0111262,2025-10-21 23:53:00,CUST-49708,PROD-8627,Apple iPad 10th Gen,Electronics,Apple,39900.0,8.2,36628.2,3,109884.6,17061.83,Karnataka,Mysore,UPI,4.0,2,0
BBD-0111263,2025-10-28 00:09:00,CUST-90048,PROD-7214,Realme 12 Pro+ 5G,Mobiles,Realme,29999.0,29.8,21059.3,1,21059.3,421.19,Kerala,Kochi,UPI,3.5,3,0
BBD-0111264,2025-11-12 14:40:00,CUST-41820,PROD-7356,Biba Women Embroidered Kurta,Fashion,Biba,3299.0,61.3,1276.71,1,1276.71,292.41,Karnataka,Bangalore,UPI,2.0,1,1
BBD-0111265,2025-10-23 21:08:00,CUST-17260,PROD-4226,JBL Flip 6 Bluetooth Speaker,Electronics,JBL,11999.0,23.6,9167.24,1,9167.24,993.8,West Bengal,Howrah,UPI,4.0,4,1
BBD-0111266,2025-11-17 09:15:00,CUST-12944,PROD-2480,Allen Solly Formal Trousers,Fashion,Allen Solly,2499.0,33.2,1669.33,1,1669.33,453.64,Uttar Pradesh,Kanpur,Cash on Delivery,4.5,2,0
BBD-0111267,2025-11-03 01:55:00,CUST-44296,PROD-5910,LG 43-inch UHD Smart TV,Electronics,LG,38990.0,41.3,22887.13,1,22887.13,1366.35,Maharashtra,Mumbai,UPI,3.0,1,0
BBD-0111268,2025-11-05 09:37:00,CUST-75802,PROD-2875,Dell Inspiron 15 Laptop,Electronics,Dell,56990.0,22.1,44395.21,1,44395.21,4292.15,Telangana,Nizamabad,UPI,3.0,1,0
BBD-0111269,2025-11-03 01:06:00,CUST-49770,PROD-8409,Zara Textured Casual Shirt,Fashion,Zara,2990.0,22.2,2326.22,2,4652.44,1282.54,Maharashtra,Mumbai,Credit Card,5.0,3,0
BBD-0111270,2025-11-02 00:49:00,CUST-28956,PROD-5353,Samsung Galaxy S24 5G,Mobiles,Samsung,74999.0,16.4,62699.16,1,62699.16,4463.21,Telangana,Hyderabad,UPI,5.0,1,0
BBD-0111271,2025-10-25 13:57:00,CUST-28245,PROD-8021,POCO X6 Pro 5G,Mobiles,POCO,24999.0,24.0,18999.24,1,18999.24,775.84,Gujarat,Vadodara,UPI,4.5,2,0
BBD-0111272,2025-11-20 09:13:00,CUST-70587,PROD-7356,Biba Women Embroidered Kurta,Fashion,Biba,3299.0,47.3,1738.57,2,3477.14,886.05,Uttar Pradesh,Agra,UPI,3.5,2,0
BBD-0111273,2025-11-01 23:25:00,CUST-41685,PROD-2405,HP Pavilion Gaming Laptop,Electronics,HP,68990.0,22.6,53398.26,1,53398.26,6991.92,West Bengal,Kolkata,Credit Card,4.5,4,0
BBD-0111274,2025-11-19 04:02:00,CUST-87800,PROD-3168,Puma Men Motorsport Sneakers,Fashion,Puma,5499.0,50.6,2716.51,2,5433.02,1371.44,Delhi,New Delhi,Cash on Delivery,5.0,1,0
BBD-0111275,2025-11-15 22:50:00,CUST-89425,PROD-9399,Motorola Edge 50 Fusion,Mobiles,Motorola,22999.0,16.1,19296.16,1,19296.16,462.86,Haryana,Gurgaon,Credit Card,5.0,3,0
BBD-0111276,2025-10-17 12:16:00,CUST-37064,PROD-9760,Wakefit Orthopedic Memory Mattress,Home & Kitchen,Wakefit,12499.0,29.7,8786.8,1,8786.8,1631.86,Tamil Nadu,Madurai,EMI,4.0,2,0
BBD-0111277,2025-10-29 02:22:00,CUST-18701,PROD-5846,Boat Nirvana Ion Earbuds,Electronics,boAt,4990.0,55.7,2210.57,1,2210.57,118.62,Uttar Pradesh,Noida,Debit Card,4.0,1,0
BBD-0111278,2025-11-03 16:42:00,CUST-27916,PROD-7180,Philips Series 3000 Beard Trimmer,Beauty & Grooming,Philips,1895.0,30.3,1320.82,1,1320.82,400.94,Delhi,North Delhi,UPI,5.0,3,0
BBD-0111279,2025-11-13 09:50:00,CUST-26084,PROD-6098,OnePlus 12R,Mobiles,OnePlus,39999.0,14.8,34079.15,1,34079.15,2253.78,Rajasthan,Jodhpur,UPI,4.0,3,0
BBD-0111280,2025-11-09 03:31:00,CUST-30962,PROD-8409,Zara Textured Casual Shirt,Fashion,Zara,2990.0,34.9,1946.49,3,5839.47,1606.87,Haryana,Panipat,Debit Card,5.0,5,0
BBD-0111281,2025-11-01 11:55:00,CUST-72168,PROD-6814,Noise ColorFit Pro 5 Smartwatch,Electronics,Noise,3999.0,57.6,1695.58,1,1695.58,35.29,Maharashtra,Nagpur,UPI,5.0,7,0
BBD-0111282,2025-10-24 21:34:00,CUST-59314,PROD-9399,Motorola Edge 50 Fusion,Mobiles,Motorola,22999.0,20.1,18376.2,1,18376.2,605.18,Gujarat,Rajkot,UPI,4.0,1,0
BBD-0111283,2025-11-06 03:12:00,CUST-51572,PROD-7214,Realme 12 Pro+ 5G,Mobiles,Realme,29999.0,16.3,25109.16,1,25109.16,502.18,Tamil Nadu,Coimbatore,UPI,4.0,2,0
BBD-0111284,2025-11-18 06:40:00,CUST-29512,PROD-1712,Prestige Iris 750W Mixer Grinder,Home & Kitchen,Prestige,4295.0,39.7,2589.88,1,2589.88,433.44,Haryana,Gurgaon,Debit Card,4.5,3,0
BBD-0111285,2025-11-09 18:55:00,CUST-54095,PROD-6684,Apple iPhone 15 (128GB),Mobiles,Apple,79900.0,17.3,66077.3,1,66077.3,2777.07,Karnataka,Mysore,Credit Card,5.0,3,0
BBD-0111286,2025-11-03 09:23:00,CUST-16264,PROD-7180,Philips Series 3000 Beard Trimmer,Beauty & Grooming,Philips,1895.0,26.3,1396.62,1,1396.62,422.07,Uttar Pradesh,Noida,Debit Card,4.5,2,0
BBD-0111287,2025-10-26 10:17:00,CUST-29836,PROD-0694,Bajaj New Shakti Neo Water Heater,Home & Kitchen,Bajaj,6999.0,40.5,4164.4,1,4164.4,614.51,Rajasthan,Kota,UPI,3.5,2,0
BBD-0111288,2025-11-19 10:24:00,CUST-79322,PROD-5353,Samsung Galaxy S24 5G,Mobiles,Samsung,74999.0,21.6,58799.22,1,58799.22,3263.3,West Bengal,Howrah,Debit Card,5.0,2,0
BBD-0111289,2025-10-19 15:01:00,CUST-87800,PROD-6082,Samsung 55-inch 4K Smart TV,Electronics,Samsung,54990.0,43.0,31344.3,1,31344.3,2439.23,Haryana,Faridabad,Credit Card,4.5,3,0
BBD-0111290,2025-11-19 17:02:00,CUST-49710,PROD-5910,LG 43-inch UHD Smart TV,Electronics,LG,38990.0,29.1,27643.91,1,27643.91,2488.1,West Bengal,Howrah,UPI,4.0,1,1
BBD-0111291,2025-11-15 19:12:00,CUST-28765,PROD-1208,Adidas Originals Trefoil Hoodie,Fashion,Adidas,4599.0,40.8,2722.61,1,2722.61,687.55,West Bengal,Kolkata,Cash on Delivery,5.0,3,1
BBD-0111292,2025-10-26 01:36:00,CUST-82572,PROD-8021,POCO X6 Pro 5G,Mobiles,POCO,24999.0,32.5,16874.33,1,16874.33,508.09,Telangana,Warangal,Cash on Delivery,5.0,2,0
BBD-0111293,2025-10-20 21:55:00,CUST-18944,PROD-5805,LG 8kg Front Load Washing Machine,Appliances,LG,41990.0,29.4,29644.94,1,29644.94,1835.15,Gujarat,Vadodara,Net Banking,5.0,3,0
BBD-0111294,2025-10-30 05:42:00,CUST-39837,PROD-9399,Motorola Edge 50 Fusion,Mobiles,Motorola,22999.0,27.8,16605.28,1,16605.28,332.11,Haryana,Gurgaon,Debit Card,4.5,1,0
BBD-0111295,2025-11-08 04:12:00,CUST-29713,PROD-0694,Bajaj New Shakti Neo Water Heater,Home & Kitchen,Bajaj,6999.0,38.2,4325.38,1,4325.38,579.55,Karnataka,Mangalore,Cash on Delivery,5.0,1,0
BBD-0111296,2025-10-16 17:57:00,CUST-99046,PROD-2405,HP Pavilion Gaming Laptop,Electronics,HP,68990.0,16.4,57675.64,1,57675.64,6929.44,Karnataka,Bangalore,UPI,5.0,2,0
BBD-0111297,2025-10-24 05:10:00,CUST-41868,PROD-6684,Apple iPhone 15 (128GB),Mobiles,Apple,79900.0,20.9,63200.9,1,63200.9,2706.54,Haryana,Panipat,Credit Card,5.0,2,0
BBD-0111298,2025-10-26 10:28:00,CUST-24092,PROD-9399,Motorola Edge 50 Fusion,Mobiles,Motorola,22999.0,16.5,19204.17,1,19204.17,721.7,Kerala,Kozhikode,UPI,4.5,2,0
BBD-0111299,2025-11-01 18:21:00,CUST-41150,PROD-7180,Philips Series 3000 Beard Trimmer,Beauty & Grooming,Philips,1895.0,29.9,1328.4,1,1328.4,406.39,Tamil Nadu,Coimbatore,Credit Card,4.0,1,0
BBD-0111300,2025-11-14 17:18:00,CUST-14160,PROD-1208,Adidas Originals Trefoil Hoodie,Fashion,Adidas,4599.0,40.7,2727.21,1,2727.21,736.51,Delhi,South Delhi,Credit Card,4.0,2,0
BBD-0111301,2025-11-07 17:11:00,CUST-23529,PROD-9632,Google Pixel 8a,Mobiles,Google,52999.0,9.7,47858.1,1,47858.1,2227.65,Maharashtra,Nagpur,UPI,4.0,5,0
BBD-0111302,2025-10-25 02:56:00,CUST-62123,PROD-0694,Bajaj New Shakti Neo Water Heater,Home & Kitchen,Bajaj,6999.0,43.1,3982.43,3,11947.29,1447.37,Delhi,North Delhi,Credit Card,4.5,4,0
BBD-0111303,2025-10-27 08:05:00,CUST-35185,PROD-4226,JBL Flip 6 Bluetooth Speaker,Electronics,JBL,11999.0,19.4,9671.19,1,9671.19,1051.16,Delhi,New Delhi,EMI,5.0,3,0
BBD-0111304,2025-11-17 11:10:00,CUST-94635,PROD-8021,POCO X6 Pro 5G,Mobiles,POCO,24999.0,34.8,16299.35,1,16299.35,325.99,Gujarat,Rajkot,EMI,5.0,3,0
BBD-0111305,2025-11-04 07:01:00,CUST-50940,PROD-2875,Dell Inspiron 15 Laptop,Electronics,Dell,56990.0,17.5,47016.75,2,94033.5,10557.38,Telangana,Warangal,Credit Card,4.5,2,0
BBD-0111306,2025-10-20 16:41:00,CUST-85305,PROD-2993,Xiaomi Redmi Note 13 Pro,Mobiles,Xiaomi,25999.0,19.3,20981.19,1,20981.19,419.62,Gujarat,Ahmedabad,Net Banking,5.0,4,0
BBD-0111307,2025-11-17 12:18:00,CUST-69222,PROD-8021,POCO X6 Pro 5G,Mobiles,POCO,24999.0,22.2,19449.22,1,19449.22,1146.62,Telangana,Hyderabad,UPI,5.0,1,0
BBD-0111308,2025-10-27 11:52:00,CUST-18401,PROD-9399,Motorola Edge 50 Fusion,Mobiles,Motorola,22999.0,16.5,19204.17,1,19204.17,1454.83,Rajasthan,Jodhpur,Credit Card,5.0,2,0
BBD-0111309,2025-10-16 12:18:00,CUST-57223,PROD-9399,Motorola Edge 50 Fusion,Mobiles,Motorola,22999.0,26.1,16996.26,1,16996.26,821.02,Tamil Nadu,Coimbatore,UPI,4.5,6,0
BBD-0111310,2025-10-31 01:13:00,CUST-33671,PROD-5846,Boat Nirvana Ion Earbuds,Electronics,boAt,4990.0,67.3,1631.73,1,1631.73,50.8,Uttar Pradesh,Lucknow,Debit Card,5.0,3,0
BBD-0111311,2025-10-16 00:15:00,CUST-28628,PROD-2405,HP Pavilion Gaming Laptop,Electronics,HP,68990.0,23.5,52777.35,1,52777.35,4616.29,Gujarat,Ahmedabad,Cash on Delivery,4.0,2,0
BBD-0111312,2025-11-01 02:47:00,CUST-19879,PROD-6098,OnePlus 12R,Mobiles,OnePlus,39999.0,16.6,33359.17,1,33359.17,2331.43,Delhi,New Delhi,Debit Card,4.0,2,0
BBD-0111313,2025-10-29 11:43:00,CUST-86488,PROD-7214,Realme 12 Pro+ 5G,Mobiles,Realme,29999.0,28.8,21359.29,2,42718.58,1954.44,West Bengal,Kolkata,Cash on Delivery,5.0,3,0
BBD-0111314,2025-11-01 06:59:00,CUST-21462,PROD-8627,Apple iPad 10th Gen,Electronics,Apple,39900.0,6.8,37186.8,2,74373.6,11028.49,Uttar Pradesh,Agra,UPI,4.5,3,0
BBD-0111315,2025-11-05 18:26:00,CUST-58146,PROD-8021,POCO X6 Pro 5G,Mobiles,POCO,24999.0,21.6,19599.22,1,19599.22,391.98,Kerala,Kochi,EMI,3.5,3,0
BBD-0111316,2025-11-12 12:38:00,CUST-17411,PROD-5353,Samsung Galaxy S24 5G,Mobiles,Samsung,74999.0,23.7,57224.24,1,57224.24,1865.69,West Bengal,Howrah,Net Banking,4.5,4,0
BBD-0111317,2025-10-30 20:53:00,CUST-77358,PROD-2875,Dell Inspiron 15 Laptop,Electronics,Dell,56990.0,21.9,44509.19,1,44509.19,5596.45,Kerala,Thiruvananthapuram,UPI,3.5,5,0
BBD-0111318,2025-11-08 17:24:00,CUST-51774,PROD-6305,The Derma Co 1% Hyaluronic Sunscreen,Beauty & Grooming,The Derma Co,499.0,16.4,417.16,2,834.32,265.28,Karnataka,Mangalore,UPI,2.0,1,0
BBD-0111319,2025-11-11 11:09:00,CUST-44820,PROD-8482,Kent Grand Plus RO Water Purifier,Home & Kitchen,Kent,18500.0,32.0,12580.0,1,12580.0,2465.2,Kerala,Kochi,EMI,4.5,1,0
BBD-0111320,2025-10-23 22:23:00,CUST-11323,PROD-2480,Allen Solly Formal Trousers,Fashion,Allen Solly,2499.0,30.6,1734.31,3,5202.93,1545.83,Telangana,Nizamabad,EMI,4.5,3,0
BBD-0111321,2025-10-19 16:54:00,CUST-25289,PROD-2993,Xiaomi Redmi Note 13 Pro,Mobiles,Xiaomi,25999.0,17.7,21397.18,1,21397.18,1132.86,Telangana,Nizamabad,Debit Card,4.5,2,0
BBD-0111322,2025-10-18 03:45:00,CUST-34017,PROD-9760,Wakefit Orthopedic Memory Mattress,Home & Kitchen,Wakefit,12499.0,38.9,7636.89,1,7636.89,1013.34,Haryana,Gurgaon,UPI,5.0,2,0
BBD-0111323,2025-11-04 00:45:00,CUST-69229,PROD-8627,Apple iPad 10th Gen,Electronics,Apple,39900.0,10.0,35910.0,1,35910.0,5154.0,Tamil Nadu,Chennai,UPI,4.0,3,0
BBD-0111324,2025-11-13 08:29:00,CUST-61323,PROD-1462,Sony WH-1000XM5 Headphones,Electronics,Sony,29990.0,18.3,24501.83,1,24501.83,2638.89,Rajasthan,Kota,Debit Card,4.5,5,0
BBD-0111325,2025-11-11 05:21:00,CUST-59600,PROD-0367,Whirlpool 265L Frost Free Refrigerator,Appliances,Whirlpool,32490.0,26.3,23945.13,1,23945.13,1850.5,Rajasthan,Jodhpur,UPI,4.0,2,0
BBD-0111326,2025-10-20 14:32:00,CUST-62198,PROD-5353,Samsung Galaxy S24 5G,Mobiles,Samsung,74999.0,12.1,65924.12,1,65924.12,3426.95,Kerala,Thiruvananthapuram,Credit Card,5.0,3,0
BBD-0111327,2025-11-13 06:56:00,CUST-33363,PROD-8409,Zara Textured Casual Shirt,Fashion,Zara,2990.0,26.7,2191.67,1,2191.67,652.9,Telangana,Warangal,Cash on Delivery,4.5,2,0
BBD-0111328,2025-10-23 12:41:00,CUST-25521,PROD-2993,Xiaomi Redmi Note 13 Pro,Mobiles,Xiaomi,25999.0,27.4,18875.27,1,18875.27,377.51,Delhi,South Delhi,Net Banking,4.0,2,0
BBD-0111329,2025-10-25 03:55:00,CUST-55514,PROD-5353,Samsung Galaxy S24 5G,Mobiles,Samsung,74999.0,14.8,63899.15,1,63899.15,3996.6,Telangana,Hyderabad,Credit Card,4.5,2,0
BBD-0111330,2025-10-23 21:04:00,CUST-88059,PROD-8347,FabIndia Cotton Printed Saree,Fashion,FabIndia,4990.0,38.2,3083.82,1,3083.82,822.32,Tamil Nadu,Coimbatore,UPI,4.5,1,0
BBD-0111331,2025-11-12 18:30:00,CUST-98129,PROD-9252,Levi's 511 Slim Fit Jeans,Fashion,Levi's,3999.0,44.1,2235.44,4,8941.76,1964.67,Maharashtra,Nagpur,EMI,4.5,2,1
BBD-0111332,2025-11-11 20:32:00,CUST-58845,PROD-6814,Noise ColorFit Pro 5 Smartwatch,Electronics,Noise,3999.0,52.4,1903.52,1,1903.52,42.36,Tamil Nadu,Coimbatore,Debit Card,5.0,4,0
BBD-0111333,2025-10-31 04:38:00,CUST-41464,PROD-3168,Puma Men Motorsport Sneakers,Fashion,Puma,5499.0,44.7,3040.95,1,3040.95,726.35,Rajasthan,Kota,Cash on Delivery,5.0,3,0
BBD-0111334,2025-11-18 15:40:00,CUST-79202,PROD-9252,Levi's 511 Slim Fit Jeans,Fashion,Levi's,3999.0,51.1,1955.51,1,1955.51,426.38,Rajasthan,Jaipur,Credit Card,4.5,4,0
BBD-0111335,2025-10-16 00:14:00,CUST-91609,PROD-5353,Samsung Galaxy S24 5G,Mobiles,Samsung,74999.0,24.1,56924.24,1,56924.24,2977.71,Tamil Nadu,Madurai,Cash on Delivery,5.0,3,0
BBD-0111336,2025-11-14 16:19:00,CUST-61017,PROD-9760,Wakefit Orthopedic Memory Mattress,Home & Kitchen,Wakefit,12499.0,35.4,8074.35,1,8074.35,1417.19,Maharashtra,Mumbai,UPI,4.0,3,0
BBD-0111337,2025-10-31 11:09:00,CUST-52688,PROD-6082,Samsung 55-inch 4K Smart TV,Electronics,Samsung,54990.0,46.2,29584.62,3,88753.86,4963.7,Haryana,Faridabad,UPI,5.0,3,0
BBD-0111338,2025-11-08 00:01:00,CUST-87975,PROD-5846,Boat Nirvana Ion Earbuds,Electronics,boAt,4990.0,59.6,2015.96,1,2015.96,40.32,Uttar Pradesh,Varanasi,Net Banking,4.0,3,0
BBD-0111339,2025-10-16 13:35:00,CUST-16455,PROD-0023,Philips Digital Air Fryer,Home & Kitchen,Philips,10995.0,40.1,6586.01,1,6586.01,879.51,West Bengal,Howrah,UPI,5.0,5,0
BBD-0111340,2025-10-28 05:46:00,CUST-70260,PROD-9632,Google Pixel 8a,Mobiles,Google,52999.0,13.4,45897.13,1,45897.13,3088.5,Haryana,Panipat,UPI,4.5,3,0
BBD-0111341,2025-11-06 03:43:00,CUST-67009,PROD-9760,Wakefit Orthopedic Memory Mattress,Home & Kitchen,Wakefit,12499.0,27.8,9024.28,1,9024.28,1499.36,Telangana,Warangal,UPI,5.0,6,0
BBD-0111342,2025-11-14 05:38:00,CUST-23150,PROD-7725,Milton Thermosteel 1L Flask,Home & Kitchen,Milton,1150.0,30.7,796.95,1,796.95,154.29,West Bengal,Kolkata,UPI,4.5,2,0
BBD-0111343,2025-10-16 13:58:00,CUST-40138,PROD-9632,Google Pixel 8a,Mobiles,Google,52999.0,15.6,44731.16,1,44731.16,894.62,Haryana,Faridabad,Net Banking,5.0,3,0
BBD-0111344,2025-11-12 07:04:00,CUST-52429,PROD-8627,Apple iPad 10th Gen,Electronics,Apple,39900.0,10.7,35630.7,1,35630.7,4787.49,Tamil Nadu,Salem,Credit Card,5.0,2,0
BBD-0111345,2025-11-11 21:31:00,CUST-25413,PROD-5846,Boat Nirvana Ion Earbuds,Electronics,boAt,4990.0,65.0,1746.5,1,1746.5,66.02,Karnataka,Mysore,Net Banking,5.0,1,0
BBD-0111346,2025-10-30 01:20:00,CUST-90750,PROD-5305,Maybelline New York Matte Lipstick,Beauty & Grooming,Maybelline,449.0,31.2,308.91,4,1235.64,380.46,Rajasthan,Jaipur,Credit Card,5.0,2,0
BBD-0111347,2025-11-15 16:59:00,CUST-67188,PROD-8347,FabIndia Cotton Printed Saree,Fashion,FabIndia,4990.0,29.6,3512.96,3,10538.88,2753.97,Delhi,South Delhi,Debit Card,4.0,3,0
BBD-0111348,2025-10-16 09:59:00,CUST-87640,PROD-7725,Milton Thermosteel 1L Flask,Home & Kitchen,Milton,1150.0,14.8,979.8,1,979.8,172.31,Kerala,Kochi,UPI,5.0,4,0
BBD-0111349,2025-11-02 11:00:00,CUST-65065,PROD-8627,Apple iPad 10th Gen,Electronics,Apple,39900.0,19.8,31999.8,2,63999.6,7170.07,Rajasthan,Udaipur,UPI,5.0,3,0
BBD-0111350,2025-10-26 23:54:00,CUST-66460,PROD-9760,Wakefit Orthopedic Memory Mattress,Home & Kitchen,Wakefit,12499.0,29.2,8849.29,1,8849.29,1609.24,Haryana,Faridabad,Cash on Delivery,5.0,1,0
BBD-0111351,2025-10-17 21:48:00,CUST-94715,PROD-8021,POCO X6 Pro 5G,Mobiles,POCO,24999.0,34.7,16324.35,2,32648.7,652.97,Uttar Pradesh,Lucknow,Debit Card,3.5,2,0
BBD-0111352,2025-11-10 18:54:00,CUST-30942,PROD-7214,Realme 12 Pro+ 5G,Mobiles,Realme,29999.0,28.3,21509.28,2,43018.56,860.37,Tamil Nadu,Coimbatore,Net Banking,4.0,3,0
BBD-0111353,2025-11-19 04:10:00,CUST-32912,PROD-9632,Google Pixel 8a,Mobiles,Google,52999.0,9.0,48229.09,1,48229.09,3108.27,West Bengal,Durgapur,Debit Card,4.5,5,0
BBD-0111354,2025-11-17 11:03:00,CUST-46131,PROD-9632,Google Pixel 8a,Mobiles,Google,52999.0,26.4,39007.26,1,39007.26,969.9,Telangana,Hyderabad,Debit Card,4.5,2,0
BBD-0111355,2025-10-24 16:54:00,CUST-36978,PROD-8482,Kent Grand Plus RO Water Purifier,Home & Kitchen,Kent,18500.0,24.9,13893.5,1,13893.5,2341.73,West Bengal,Kolkata,EMI,4.0,2,0
BBD-0111356,2025-11-10 11:49:00,CUST-92688,PROD-2405,HP Pavilion Gaming Laptop,Electronics,HP,68990.0,31.8,47051.18,1,47051.18,3043.69,Delhi,New Delhi,Net Banking,1.0,1,0
BBD-0111357,2025-11-03 00:05:00,CUST-91073,PROD-9949,Daikin 1.5 Ton 5 Star Inverter AC,Appliances,Daikin,45990.0,18.1,37665.81,1,37665.81,3296.43,West Bengal,Howrah,UPI,4.5,1,0
BBD-0111358,2025-10-24 22:21:00,CUST-96336,PROD-7214,Realme 12 Pro+ 5G,Mobiles,Realme,29999.0,24.4,22679.24,1,22679.24,1345.55,Gujarat,Surat,EMI,4.5,3,0
BBD-0111359,2025-11-06 02:04:00,CUST-12672,PROD-3168,Puma Men Motorsport Sneakers,Fashion,Puma,5499.0,39.2,3343.39,1,3343.39,755.73,Kerala,Kozhikode,Debit Card,5.0,2,0
BBD-0111360,2025-11-04 09:26:00,CUST-49042,PROD-6157,Godrej 190L Direct Cool Refrigerator,Appliances,Godrej,16990.0,31.3,11672.13,1,11672.13,857.69,Kerala,Kochi,Credit Card,4.5,2,0
BBD-0111361,2025-10-27 22:49:00,CUST-86554,PROD-5910,LG 43-inch UHD Smart TV,Electronics,LG,38990.0,25.0,29242.5,1,29242.5,3478.24,West Bengal,Siliguri,UPI,5.0,4,0
BBD-0111362,2025-10-31 01:15:00,CUST-45197,PROD-8595,IFB 6.5kg Top Load Washer,Appliances,IFB,21990.0,35.0,14293.5,1,14293.5,1237.27,Karnataka,Bangalore,Credit Card,5.0,4,0
BBD-0111363,2025-11-08 15:26:00,CUST-47497,PROD-2993,Xiaomi Redmi Note 13 Pro,Mobiles,Xiaomi,25999.0,16.1,21813.16,1,21813.16,1171.56,Tamil Nadu,Madurai,UPI,5.0,2,0
BBD-0111364,2025-11-06 09:41:00,CUST-75055,PROD-9399,Motorola Edge 50 Fusion,Mobiles,Motorola,22999.0,16.7,19158.17,2,38316.34,2009.98,Telangana,Warangal,UPI,5.0,2,0
BBD-0111365,2025-10-25 13:12:00,CUST-36456,PROD-9949,Daikin 1.5 Ton 5 Star Inverter AC,Appliances,Daikin,45990.0,29.1,32606.91,1,32606.91,2085.02,Kerala,Kochi,Credit Card,5.0,2,0
BBD-0111366,2025-11-13 02:12:00,CUST-98754,PROD-6082,Samsung 55-inch 4K Smart TV,Electronics,Samsung,54990.0,41.1,32389.11,1,32389.11,3070.18,Rajasthan,Udaipur,Debit Card,2.0,3,0
BBD-0111367,2025-11-08 09:36:00,CUST-36633,PROD-5846,Boat Nirvana Ion Earbuds,Electronics,boAt,4990.0,55.4,2225.54,2,4451.08,146.32,Uttar Pradesh,Noida,UPI,4.0,1,0
BBD-0111368,2025-10-21 10:18:00,CUST-86781,PROD-2405,HP Pavilion Gaming Laptop,Electronics,HP,68990.0,23.0,53122.3,2,106244.6,13535.43,Rajasthan,Udaipur,UPI,5.0,1,0
BBD-0111369,2025-11-05 01:47:00,CUST-40244,PROD-8021,POCO X6 Pro 5G,Mobiles,POCO,24999.0,36.2,15949.36,2,31898.72,637.97,Haryana,Gurgaon,UPI,3.5,4,0
BBD-0111370,2025-10-21 12:21:00,CUST-47325,PROD-0367,Whirlpool 265L Frost Free Refrigerator,Appliances,Whirlpool,32490.0,22.9,25049.79,1,25049.79,2526.15,Maharashtra,Nagpur,EMI,5.0,1,0
BBD-0111371,2025-11-15 02:18:00,CUST-51165,PROD-3168,Puma Men Motorsport Sneakers,Fashion,Puma,5499.0,56.8,2375.57,3,7126.71,1624.76,Karnataka,Hubli,UPI,3.5,3,1
BBD-0111372,2025-11-13 18:28:00,CUST-47071,PROD-6082,Samsung 55-inch 4K Smart TV,Electronics,Samsung,54990.0,45.0,30244.5,1,30244.5,1895.68,Kerala,Kochi,Net Banking,5.0,3,0
BBD-0111373,2025-10-23 17:38:00,CUST-81986,PROD-8347,FabIndia Cotton Printed Saree,Fashion,FabIndia,4990.0,36.4,3173.64,2,6347.28,1486.11,Telangana,Hyderabad,Credit Card,4.5,3,0
BBD-0111374,2025-11-06 10:09:00,CUST-89333,PROD-9235,Nike Air Max Impact Shoes,Fashion,Nike,7995.0,33.1,5348.66,1,5348.66,1314.23,Haryana,Faridabad,UPI,5.0,1,0
BBD-0111375,2025-10-22 00:03:00,CUST-83936,PROD-5353,Samsung Galaxy S24 5G,Mobiles,Samsung,74999.0,12.3,65774.12,1,65774.12,2114.81,Karnataka,Mysore,UPI,4.5,4,0
BBD-0111376,2025-11-19 07:53:00,CUST-64248,PROD-1712,Prestige Iris 750W Mixer Grinder,Home & Kitchen,Prestige,4295.0,47.8,2241.99,1,2241.99,296.72,Uttar Pradesh,Noida,UPI,4.5,3,1
BBD-0111377,2025-11-10 10:37:00,CUST-82223,PROD-0694,Bajaj New Shakti Neo Water Heater,Home & Kitchen,Bajaj,6999.0,26.5,5144.27,1,5144.27,784.08,Haryana,Faridabad,UPI,5.0,4,0
BBD-0111378,2025-11-07 23:36:00,CUST-11740,PROD-6814,Noise ColorFit Pro 5 Smartwatch,Electronics,Noise,3999.0,51.4,1943.51,1,1943.51,38.87,Haryana,Panipat,UPI,4.5,5,0
BBD-0111379,2025-10-25 07:06:00,CUST-15121,PROD-9632,Google Pixel 8a,Mobiles,Google,52999.0,13.6,45791.14,1,45791.14,2474.91,Haryana,Faridabad,UPI,4.5,2,0
BBD-0111380,2025-11-01 09:25:00,CUST-81428,PROD-5805,LG 8kg Front Load Washing Machine,Appliances,LG,41990.0,26.7,30778.67,1,30778.67,3197.58,Tamil Nadu,Salem,Credit Card,5.0,2,0
BBD-0111381,2025-10-23 10:44:00,CUST-84992,PROD-3168,Puma Men Motorsport Sneakers,Fashion,Puma,5499.0,51.8,2650.52,1,2650.52,662.14,West Bengal,Howrah,Cash on Delivery,4.5,2,0
BBD-0111382,2025-11-20 06:59:00,CUST-70617,PROD-6098,OnePlus 12R,Mobiles,OnePlus,39999.0,11.2,35519.11,1,35519.11,2509.19,Gujarat,Surat,UPI,4.0,2,0
BBD-0111383,2025-10-22 04:01:00,CUST-61246,PROD-5910,LG 43-inch UHD Smart TV,Electronics,LG,38990.0,30.1,27254.01,1,27254.01,2875.83,Telangana,Hyderabad,Debit Card,5.0,2,0
BBD-0111384,2025-10-25 16:07:00,CUST-25654,PROD-2480,Allen Solly Formal Trousers,Fashion,Allen Solly,2499.0,34.0,1649.34,3,4948.02,1402.85,Karnataka,Mangalore,Cash on Delivery,5.0,1,0
BBD-0111385,2025-11-16 15:12:00,CUST-35365,PROD-9252,Levi's 511 Slim Fit Jeans,Fashion,Levi's,3999.0,38.1,2475.38,2,4950.76,1225.63,Gujarat,Rajkot,Debit Card,4.5,4,0
BBD-0111386,2025-10-18 11:27:00,CUST-13052,PROD-9399,Motorola Edge 50 Fusion,Mobiles,Motorola,22999.0,18.8,18675.19,1,18675.19,910.75,Tamil Nadu,Madurai,Cash on Delivery,5.0,3,0
BBD-0111387,2025-11-01 10:45:00,CUST-47982,PROD-5846,Boat Nirvana Ion Earbuds,Electronics,boAt,4990.0,63.8,1806.38,1,1806.38,36.13,Haryana,Faridabad,Credit Card,5.0,2,0
BBD-0111388,2025-11-19 19:56:00,CUST-14710,PROD-8595,IFB 6.5kg Top Load Washer,Appliances,IFB,21990.0,27.3,15986.73,1,15986.73,1408.94,Kerala,Kochi,EMI,4.5,5,0
BBD-0111389,2025-11-14 16:57:00,CUST-82157,PROD-6157,Godrej 190L Direct Cool Refrigerator,Appliances,Godrej,16990.0,26.6,12470.66,1,12470.66,601.12,Karnataka,Mangalore,Cash on Delivery,5.0,1,0
BBD-0111390,2025-11-18 03:01:00,CUST-79925,PROD-6814,Noise ColorFit Pro 5 Smartwatch,Electronics,Noise,3999.0,58.8,1647.59,1,1647.59,32.95,Gujarat,Surat,UPI,4.0,3,0
BBD-0111391,2025-11-15 09:49:00,CUST-83936,PROD-1462,Sony WH-1000XM5 Headphones,Electronics,Sony,29990.0,15.1,25461.51,1,25461.51,2579.61,Telangana,Nizamabad,UPI,3.5,2,0
BBD-0111392,2025-11-20 08:04:00,CUST-56276,PROD-5675,L'Oreal Paris Total Repair Hair Mask,Beauty & Grooming,L'Oreal,499.0,17.2,413.17,2,826.34,281.62,Gujarat,Vadodara,UPI,4.5,1,0
BBD-0111393,2025-11-08 12:28:00,CUST-71783,PROD-6082,Samsung 55-inch 4K Smart TV,Electronics,Samsung,54990.0,34.0,36293.4,1,36293.4,3334.61,Haryana,Panipat,UPI,5.0,5,0
BBD-0111394,2025-10-31 19:12:00,CUST-67311,PROD-7356,Biba Women Embroidered Kurta,Fashion,Biba,3299.0,47.9,1718.78,3,5156.34,1289.98,Rajasthan,Udaipur,UPI,3.5,4,1
BBD-0111395,2025-10-28 00:57:00,CUST-64248,PROD-5910,LG 43-inch UHD Smart TV,Electronics,LG,38990.0,24.1,29593.41,1,29593.41,2650.53,Haryana,Panipat,UPI,4.0,2,0
BBD-0111396,2025-10-28 02:50:00,CUST-29771,PROD-1208,Adidas Originals Trefoil Hoodie,Fashion,Adidas,4599.0,44.7,2543.25,1,2543.25,548.46,Haryana,Panipat,Cash on Delivery,5.0,6,0
BBD-0111397,2025-10-23 05:32:00,CUST-40192,PROD-9235,Nike Air Max Impact Shoes,Fashion,Nike,7995.0,32.0,5436.6,1,5436.6,1593.14,Gujarat,Rajkot,Debit Card,5.0,2,0
BBD-0111398,2025-10-26 22:52:00,CUST-93800,PROD-1208,Adidas Originals Trefoil Hoodie,Fashion,Adidas,4599.0,45.2,2520.25,2,5040.5,1239.3,Gujarat,Rajkot,Net Banking,4.5,3,0
BBD-0111399,2025-10-22 01:17:00,CUST-34610,PROD-6098,OnePlus 12R,Mobiles,OnePlus,39999.0,17.8,32879.18,2,65758.36,1823.32,Haryana,Panipat,Debit Card,3.5,2,0
BBD-0111400,2025-11-18 03:49:00,CUST-64520,PROD-8021,POCO X6 Pro 5G,Mobiles,POCO,24999.0,31.4,17149.31,1,17149.31,342.99,Uttar Pradesh,Agra,UPI,5.0,4,0
BBD-0111401,2025-10-29 16:19:00,CUST-41375,PROD-7725,Milton Thermosteel 1L Flask,Home & Kitchen,Milton,1150.0,25.8,853.3,3,2559.9,467.07,Karnataka,Hubli,UPI,4.0,1,0
BBD-0111402,2025-11-09 08:51:00,CUST-40244,PROD-3168,Puma Men Motorsport Sneakers,Fashion,Puma,5499.0,54.4,2507.54,1,2507.54,488.68,West Bengal,Durgapur,UPI,5.0,3,1
BBD-0111403,2025-11-18 20:40:00,CUST-46873,PROD-9252,Levi's 511 Slim Fit Jeans,Fashion,Levi's,3999.0,38.6,2455.39,1,2455.39,574.36,Tamil Nadu,Coimbatore,Credit Card,4.5,3,0
BBD-0111404,2025-10-24 08:04:00,CUST-61094,PROD-5805,LG 8kg Front Load Washing Machine,Appliances,LG,41990.0,35.6,27041.56,1,27041.56,2173.71,Telangana,Nizamabad,UPI,5.0,4,0
BBD-0111405,2025-11-14 10:03:00,CUST-91383,PROD-1462,Sony WH-1000XM5 Headphones,Electronics,Sony,29990.0,22.5,23242.25,1,23242.25,2206.91,Delhi,South Delhi,UPI,5.0,2,0
BBD-0111406,2025-10-17 19:09:00,CUST-17711,PROD-2875,Dell Inspiron 15 Laptop,Electronics,Dell,56990.0,13.2,49467.32,2,98934.64,13998.02,Telangana,Warangal,Debit Card,5.0,3,0
BBD-0111407,2025-11-19 12:15:00,CUST-52658,PROD-1712,Prestige Iris 750W Mixer Grinder,Home & Kitchen,Prestige,4295.0,47.7,2246.28,1,2246.28,303.09,West Bengal,Kolkata,Credit Card,5.0,2,0
BBD-0111408,2025-10-28 12:09:00,CUST-41968,PROD-5675,L'Oreal Paris Total Repair Hair Mask,Beauty & Grooming,L'Oreal,499.0,27.4,362.27,1,362.27,114.96,Haryana,Gurgaon,UPI,3.5,1,0
BBD-0111409,2025-10-16 10:05:00,CUST-64521,PROD-1462,Sony WH-1000XM5 Headphones,Electronics,Sony,29990.0,26.2,22132.62,1,22132.62,1671.4,West Bengal,Kolkata,UPI,3.5,3,0
BBD-0111410,2025-11-15 15:05:00,CUST-93255,PROD-1462,Sony WH-1000XM5 Headphones,Electronics,Sony,29990.0,21.1,23662.11,1,23662.11,2199.46,Telangana,Hyderabad,UPI,4.0,3,0
BBD-0111411,2025-11-03 02:03:00,CUST-40334,PROD-7214,Realme 12 Pro+ 5G,Mobiles,Realme,29999.0,23.4,22979.23,1,22979.23,459.58,Telangana,Warangal,Net Banking,4.5,2,0
BBD-0111412,2025-11-01 11:29:00,CUST-57898,PROD-9252,Levi's 511 Slim Fit Jeans,Fashion,Levi's,3999.0,36.1,2555.36,2,5110.72,1243.91,Haryana,Gurgaon,Debit Card,5.0,2,0
BBD-0111413,2025-11-18 01:47:00,CUST-85070,PROD-1712,Prestige Iris 750W Mixer Grinder,Home & Kitchen,Prestige,4295.0,44.8,2370.84,1,2370.84,287.83,Gujarat,Rajkot,EMI,3.0,1,0
BBD-0111414,2025-11-01 05:56:00,CUST-69773,PROD-2875,Dell Inspiron 15 Laptop,Electronics,Dell,56990.0,13.9,49068.39,1,49068.39,5374.6,Telangana,Nizamabad,UPI,5.0,2,0
BBD-0111415,2025-10-23 12:54:00,CUST-58334,PROD-5675,L'Oreal Paris Total Repair Hair Mask,Beauty & Grooming,L'Oreal,499.0,17.0,414.17,1,414.17,140.09,Karnataka,Bangalore,UPI,4.5,3,0
BBD-0111416,2025-10-22 03:06:00,CUST-93947,PROD-2405,HP Pavilion Gaming Laptop,Electronics,HP,68990.0,28.8,49120.88,1,49120.88,5683.03,Uttar Pradesh,Noida,UPI,4.5,4,0
BBD-0111417,2025-11-02 06:00:00,CUST-39601,PROD-9252,Levi's 511 Slim Fit Jeans,Fashion,Levi's,3999.0,50.9,1963.51,2,3927.02,960.73,Karnataka,Mysore,Credit Card,3.0,2,0
BBD-0111418,2025-10-30 07:40:00,CUST-13851,PROD-5353,Samsung Galaxy S24 5G,Mobiles,Samsung,74999.0,18.9,60824.19,1,60824.19,1601.59,Kerala,Kozhikode,Credit Card,4.5,2,0
BBD-0111419,2025-11-08 01:08:00,CUST-18340,PROD-7725,Milton Thermosteel 1L Flask,Home & Kitchen,Milton,1150.0,19.1,930.35,1,930.35,195.85,Karnataka,Hubli,UPI,4.5,1,0
BBD-0111420,2025-10-18 00:47:00,CUST-22595,PROD-1462,Sony WH-1000XM5 Headphones,Electronics,Sony,29990.0,21.7,23482.17,1,23482.17,2464.82,Gujarat,Ahmedabad,Credit Card,5.0,3,0
BBD-0111421,2025-10-24 01:34:00,CUST-59313,PROD-9760,Wakefit Orthopedic Memory Mattress,Home & Kitchen,Wakefit,12499.0,34.4,8199.34,1,8199.34,1467.8,Haryana,Faridabad,UPI,4.5,3,0
BBD-0111422,2025-10-20 07:56:00,CUST-74025,PROD-0694,Bajaj New Shakti Neo Water Heater,Home & Kitchen,Bajaj,6999.0,33.8,4633.34,1,4633.34,874.42,Karnataka,Mysore,Credit Card,4.0,1,0
BBD-0111423,2025-11-10 08:25:00,CUST-28741,PROD-8627,Apple iPad 10th Gen,Electronics,Apple,39900.0,9.7,36029.7,2,72059.4,10788.99,Haryana,Gurgaon,UPI,2.0,5,0
BBD-0111424,2025-11-16 22:19:00,CUST-67886,PROD-9399,Motorola Edge 50 Fusion,Mobiles,Motorola,22999.0,24.3,17410.24,1,17410.24,838.95,Telangana,Nizamabad,Credit Card,5.0,1,0
BBD-0111425,2025-10-23 16:13:00,CUST-65957,PROD-8482,Kent Grand Plus RO Water Purifier,Home & Kitchen,Kent,18500.0,21.3,14559.5,1,14559.5,2996.99,Telangana,Nizamabad,Credit Card,5.0,2,0
BBD-0111426,2025-10-19 19:55:00,CUST-82734,PROD-8627,Apple iPad 10th Gen,Electronics,Apple,39900.0,15.7,33635.7,1,33635.7,3141.21,Telangana,Nizamabad,Net Banking,4.5,3,0
BBD-0111427,2025-10-27 03:52:00,CUST-99897,PROD-2993,Xiaomi Redmi Note 13 Pro,Mobiles,Xiaomi,25999.0,28.7,18537.29,1,18537.29,370.75,Delhi,North Delhi,UPI,4.5,2,0
BBD-0111428,2025-11-05 07:17:00,CUST-48610,PROD-1208,Adidas Originals Trefoil Hoodie,Fashion,Adidas,4599.0,41.5,2690.41,3,8071.23,1774.78,Delhi,North Delhi,Debit Card,5.0,1,0
BBD-0111429,2025-10-31 23:55:00,CUST-58146,PROD-1712,Prestige Iris 750W Mixer Grinder,Home & Kitchen,Prestige,4295.0,49.7,2160.38,1,2160.38,272.39,Telangana,Warangal,Debit Card,5.0,3,0
BBD-0111430,2025-11-01 12:36:00,CUST-23005,PROD-6082,Samsung 55-inch 4K Smart TV,Electronics,Samsung,54990.0,42.4,31674.24,3,95022.72,8309.27,Karnataka,Mangalore,UPI,4.5,1,0
BBD-0111431,2025-10-19 10:26:00,CUST-36130,PROD-7180,Philips Series 3000 Beard Trimmer,Beauty & Grooming,Philips,1895.0,27.8,1368.19,1,1368.19,379.16,Delhi,South Delhi,UPI,4.5,3,0
BBD-0111432,2025-10-22 21:10:00,CUST-19850,PROD-2480,Allen Solly Formal Trousers,Fashion,Allen Solly,2499.0,38.4,1539.38,4,6157.52,1517.23,Delhi,New Delhi,Credit Card,4.5,2,0
BBD-0111433,2025-11-07 03:37:00,CUST-72168,PROD-8595,IFB 6.5kg Top Load Washer,Appliances,IFB,21990.0,21.4,17284.14,1,17284.14,1679.07,West Bengal,Siliguri,EMI,3.0,3,0
BBD-0111434,2025-10-24 09:32:00,CUST-64694,PROD-7214,Realme 12 Pro+ 5G,Mobiles,Realme,29999.0,26.9,21929.27,1,21929.27,1168.28,Uttar Pradesh,Noida,Credit Card,5.0,2,1
BBD-0111435,2025-11-02 16:16:00,CUST-57395,PROD-5353,Samsung Galaxy S24 5G,Mobiles,Samsung,74999.0,16.0,62999.16,1,62999.16,1525.24,Rajasthan,Jodhpur,Net Banking,4.0,4,0
BBD-0111436,2025-11-06 18:31:00,CUST-60098,PROD-6157,Godrej 190L Direct Cool Refrigerator,Appliances,Godrej,16990.0,26.6,12470.66,1,12470.66,657.38,Maharashtra,Pune,EMI,4.0,7,0
BBD-0111437,2025-10-26 13:17:00,CUST-10971,PROD-2897,Bombay Shaving Co Grooming Kit,Beauty & Grooming,Bombay Shaving Co,1499.0,49.3,759.99,2,1519.98,418.58,Maharashtra,Mumbai,Debit Card,1.0,3,0
BBD-0111438,2025-10-30 03:40:00,CUST-41070,PROD-9949,Daikin 1.5 Ton 5 Star Inverter AC,Appliances,Daikin,45990.0,25.5,34262.55,1,34262.55,2378.4,Telangana,Warangal,Credit Card,5.0,2,0
BBD-0111439,2025-11-04 18:04:00,CUST-92124,PROD-7725,Milton Thermosteel 1L Flask,Home & Kitchen,Milton,1150.0,26.6,844.1,2,1688.2,326.79,Tamil Nadu,Salem,UPI,5.0,4,0
BBD-0111440,2025-11-17 06:31:00,CUST-79188,PROD-7214,Realme 12 Pro+ 5G,Mobiles,Realme,29999.0,19.7,24089.2,1,24089.2,1375.71,Karnataka,Mangalore,UPI,5.0,2,0
BBD-0111441,2025-10-27 16:48:00,CUST-99046,PROD-2405,HP Pavilion Gaming Laptop,Electronics,HP,68990.0,27.8,49810.78,1,49810.78,4839.95,Haryana,Faridabad,UPI,4.5,2,0
BBD-0111442,2025-11-11 06:53:00,CUST-37917,PROD-9949,Daikin 1.5 Ton 5 Star Inverter AC,Appliances,Daikin,45990.0,26.7,33710.67,1,33710.67,2958.57,Uttar Pradesh,Noida,Credit Card,5.0,2,0
BBD-0111443,2025-11-11 12:20:00,CUST-17283,PROD-2993,Xiaomi Redmi Note 13 Pro,Mobiles,Xiaomi,25999.0,26.6,19083.27,1,19083.27,973.5,Maharashtra,Nagpur,UPI,5.0,2,0
BBD-0111444,2025-10-28 17:29:00,CUST-27346,PROD-2993,Xiaomi Redmi Note 13 Pro,Mobiles,Xiaomi,25999.0,27.6,18823.28,1,18823.28,376.47,Gujarat,Rajkot,Credit Card,4.0,5,0
BBD-0111445,2025-10-29 22:59:00,CUST-77561,PROD-5675,L'Oreal Paris Total Repair Hair Mask,Beauty & Grooming,L'Oreal,499.0,24.9,374.75,1,374.75,105.6,Maharashtra,Nashik,UPI,4.5,2,0
BBD-0111446,2025-10-31 14:14:00,CUST-72658,PROD-6082,Samsung 55-inch 4K Smart TV,Electronics,Samsung,54990.0,35.8,35303.58,1,35303.58,2635.16,Rajasthan,Jodhpur,Credit Card,3.5,3,0
BBD-0111447,2025-11-03 16:13:00,CUST-19918,PROD-6684,Apple iPhone 15 (128GB),Mobiles,Apple,79900.0,13.1,69433.1,1,69433.1,5336.77,Kerala,Thiruvananthapuram,Credit Card,4.5,1,0
BBD-0111448,2025-10-22 17:50:00,CUST-34017,PROD-7214,Realme 12 Pro+ 5G,Mobiles,Realme,29999.0,19.3,24209.19,1,24209.19,986.14,Delhi,West Delhi,UPI,5.0,4,0
BBD-0111449,2025-10-25 05:31:00,CUST-76181,PROD-8021,POCO X6 Pro 5G,Mobiles,POCO,24999.0,27.6,18099.28,2,36198.56,1931.98,Karnataka,Mangalore,UPI,5.0,7,0
BBD-0111450,2025-11-13 01:14:00,CUST-52902,PROD-9632,Google Pixel 8a,Mobiles,Google,52999.0,14.0,45579.14,1,45579.14,1350.4,Karnataka,Bangalore,UPI,3.5,3,0
BBD-0111451,2025-10-21 05:38:00,CUST-80778,PROD-5387,Minimalist 10% Niacinamide Serum,Beauty & Grooming,Minimalist,599.0,5.5,566.05,1,566.05,204.71,Maharashtra,Pune,UPI,5.0,2,0
BBD-0111452,2025-10-23 16:27:00,CUST-28608,PROD-6098,OnePlus 12R,Mobiles,OnePlus,39999.0,14.6,34159.15,1,34159.15,1947.81,Maharashtra,Nashik,Credit Card,4.5,3,0
BBD-0111453,2025-10-27 12:04:00,CUST-46873,PROD-9632,Google Pixel 8a,Mobiles,Google,52999.0,11.5,46904.11,1,46904.11,2795.33,Karnataka,Mangalore,UPI,5.0,4,0
BBD-0111454,2025-10-31 07:25:00,CUST-95670,PROD-8021,POCO X6 Pro 5G,Mobiles,POCO,24999.0,26.8,18299.27,1,18299.27,365.99,Tamil Nadu,Chennai,UPI,4.0,2,0
BBD-0111455,2025-10-18 08:17:00,CUST-27728,PROD-8409,Zara Textured Casual Shirt,Fashion,Zara,2990.0,23.7,2281.37,1,2281.37,590.42,Karnataka,Hubli,UPI,5.0,3,0
BBD-0111456,2025-11-10 16:04:00,CUST-32153,PROD-6082,Samsung 55-inch 4K Smart TV,Electronics,Samsung,54990.0,33.8,36403.38,1,36403.38,3302.62,Haryana,Faridabad,UPI,4.5,4,0
BBD-0111457,2025-10-31 09:24:00,CUST-70373,PROD-6082,Samsung 55-inch 4K Smart TV,Electronics,Samsung,54990.0,31.9,37448.19,1,37448.19,4012.6,Haryana,Faridabad,UPI,4.5,3,0
BBD-0111458,2025-11-04 07:20:00,CUST-28856,PROD-8347,FabIndia Cotton Printed Saree,Fashion,FabIndia,4990.0,39.4,3023.94,1,3023.94,761.28,Gujarat,Surat,UPI,5.0,2,0
BBD-0111459,2025-11-06 23:37:00,CUST-58707,PROD-5846,Boat Nirvana Ion Earbuds,Electronics,boAt,4990.0,68.6,1566.86,2,3133.72,62.67,Karnataka,Mangalore,UPI,4.5,1,0
BBD-0111460,2025-11-09 00:10:00,CUST-80676,PROD-9399,Motorola Edge 50 Fusion,Mobiles,Motorola,22999.0,24.9,17272.25,1,17272.25,345.44,Maharashtra,Mumbai,UPI,4.5,1,0
BBD-0111461,2025-10-27 20:17:00,CUST-49251,PROD-8347,FabIndia Cotton Printed Saree,Fashion,FabIndia,4990.0,40.3,2979.03,3,8937.09,2308.72,Rajasthan,Udaipur,UPI,3.0,2,0
BBD-0111462,2025-11-11 14:18:00,CUST-44313,PROD-6098,OnePlus 12R,Mobiles,OnePlus,39999.0,21.3,31479.21,1,31479.21,1858.92,Karnataka,Hubli,UPI,5.0,3,0
BBD-0111463,2025-10-19 05:40:00,CUST-87369,PROD-7180,Philips Series 3000 Beard Trimmer,Beauty & Grooming,Philips,1895.0,33.7,1256.38,2,2512.76,760.82,Gujarat,Surat,UPI,5.0,2,0
BBD-0111464,2025-10-19 09:29:00,CUST-91849,PROD-6814,Noise ColorFit Pro 5 Smartwatch,Electronics,Noise,3999.0,53.0,1879.53,1,1879.53,104.95,Kerala,Kozhikode,Credit Card,3.5,2,0
BBD-0111465,2025-11-04 06:38:00,CUST-80631,PROD-5805,LG 8kg Front Load Washing Machine,Appliances,LG,41990.0,33.6,27881.36,1,27881.36,2049.67,Rajasthan,Jodhpur,Net Banking,5.0,2,0
BBD-0111466,2025-11-18 23:24:00,CUST-99983,PROD-6082,Samsung 55-inch 4K Smart TV,Electronics,Samsung,54990.0,43.3,31179.33,1,31179.33,2600.46,Delhi,South Delhi,UPI,3.5,1,0
BBD-0111467,2025-10-29 10:48:00,CUST-32787,PROD-3168,Puma Men Motorsport Sneakers,Fashion,Puma,5499.0,44.4,3057.44,1,3057.44,728.17,Gujarat,Ahmedabad,Credit Card,4.0,2,0
BBD-0111468,2025-11-01 03:20:00,CUST-71578,PROD-9949,Daikin 1.5 Ton 5 Star Inverter AC,Appliances,Daikin,45990.0,33.9,30399.39,1,30399.39,1020.82,Gujarat,Vadodara,Debit Card,5.0,1,0
BBD-0111469,2025-10-25 22:16:00,CUST-32924,PROD-6814,Noise ColorFit Pro 5 Smartwatch,Electronics,Noise,3999.0,66.1,1355.66,1,1355.66,27.11,Uttar Pradesh,Agra,Debit Card,4.5,4,0
BBD-0111470,2025-11-12 03:20:00,CUST-99325,PROD-2405,HP Pavilion Gaming Laptop,Electronics,HP,68990.0,19.3,55674.93,2,111349.86,11415.11,Haryana,Gurgaon,UPI,3.5,3,0
BBD-0111471,2025-11-09 00:22:00,CUST-98708,PROD-8627,Apple iPad 10th Gen,Electronics,Apple,39900.0,23.9,30363.9,1,30363.9,3684.54,Karnataka,Bangalore,Credit Card,4.5,3,0
BBD-0111472,2025-11-09 16:41:00,CUST-80895,PROD-9399,Motorola Edge 50 Fusion,Mobiles,Motorola,22999.0,20.9,18192.21,1,18192.21,1004.03,Rajasthan,Kota,Cash on Delivery,5.0,3,0
BBD-0111473,2025-10-27 19:11:00,CUST-26132,PROD-8627,Apple iPad 10th Gen,Electronics,Apple,39900.0,10.9,35550.9,1,35550.9,3497.94,Gujarat,Ahmedabad,Debit Card,4.5,2,0
BBD-0111474,2025-11-14 16:47:00,CUST-69522,PROD-8627,Apple iPad 10th Gen,Electronics,Apple,39900.0,8.5,36508.5,1,36508.5,4621.92,Gujarat,Ahmedabad,Credit Card,4.5,1,0
BBD-0111475,2025-10-18 06:25:00,CUST-32013,PROD-7725,Milton Thermosteel 1L Flask,Home & Kitchen,Milton,1150.0,31.1,792.35,1,792.35,130.62,Delhi,North Delhi,Credit Card,5.0,6,0
BBD-0111476,2025-10-19 13:20:00,CUST-29949,PROD-8021,POCO X6 Pro 5G,Mobiles,POCO,24999.0,21.2,19699.21,1,19699.21,393.98,Uttar Pradesh,Noida,Credit Card,5.0,3,0
BBD-0111477,2025-10-21 07:00:00,CUST-70168,PROD-1462,Sony WH-1000XM5 Headphones,Electronics,Sony,29990.0,22.2,23332.22,1,23332.22,1775.68,Telangana,Warangal,UPI,3.0,1,0
BBD-0111478,2025-10-26 08:38:00,CUST-29949,PROD-4226,JBL Flip 6 Bluetooth Speaker,Electronics,JBL,11999.0,27.9,8651.28,1,8651.28,854.19,Kerala,Kochi,UPI,5.0,5,0
BBD-0111479,2025-11-09 16:12:00,CUST-14727,PROD-2993,Xiaomi Redmi Note 13 Pro,Mobiles,Xiaomi,25999.0,26.4,19135.26,1,19135.26,382.71,Karnataka,Hubli,UPI,5.0,4,0
BBD-0111480,2025-11-14 15:26:00,CUST-40192,PROD-6814,Noise ColorFit Pro 5 Smartwatch,Electronics,Noise,3999.0,58.0,1679.58,1,1679.58,33.59,Haryana,Gurgaon,UPI,4.0,3,0
BBD-0111481,2025-10-24 21:22:00,CUST-14406,PROD-2405,HP Pavilion Gaming Laptop,Electronics,HP,68990.0,28.2,49534.82,2,99069.64,7294.36,Haryana,Panipat,UPI,5.0,3,0
BBD-0111482,2025-11-08 07:55:00,CUST-51513,PROD-5910,LG 43-inch UHD Smart TV,Electronics,LG,38990.0,31.6,26669.16,1,26669.16,1992.69,Tamil Nadu,Madurai,UPI,5.0,3,0
BBD-0111483,2025-11-03 23:03:00,CUST-16280,PROD-5910,LG 43-inch UHD Smart TV,Electronics,LG,38990.0,29.7,27409.97,1,27409.97,2296.96,Karnataka,Bangalore,Credit Card,5.0,2,0
BBD-0111484,2025-10-26 07:14:00,CUST-47910,PROD-2405,HP Pavilion Gaming Laptop,Electronics,HP,68990.0,19.9,55260.99,2,110521.98,14307.7,Haryana,Gurgaon,Credit Card,4.0,2,0
BBD-0111485,2025-11-07 01:07:00,CUST-22363,PROD-0023,Philips Digital Air Fryer,Home & Kitchen,Philips,10995.0,46.5,5882.32,3,17646.96,2898.75,Maharashtra,Pune,Credit Card,5.0,3,0
BBD-0111486,2025-11-08 08:57:00,CUST-11152,PROD-8347,FabIndia Cotton Printed Saree,Fashion,FabIndia,4990.0,27.7,3607.77,1,3607.77,969.45,Kerala,Kozhikode,UPI,5.0,1,0
BBD-0111487,2025-11-07 22:38:00,CUST-49906,PROD-8409,Zara Textured Casual Shirt,Fashion,Zara,2990.0,27.3,2173.73,3,6521.19,1720.07,Tamil Nadu,Coimbatore,UPI,3.5,5,0
BBD-0111488,2025-11-09 04:48:00,CUST-33658,PROD-5675,L'Oreal Paris Total Repair Hair Mask,Beauty & Grooming,L'Oreal,499.0,27.3,362.77,1,362.77,118.22,Gujarat,Ahmedabad,EMI,4.5,2,0
BBD-0111489,2025-11-18 16:34:00,CUST-78644,PROD-2405,HP Pavilion Gaming Laptop,Electronics,HP,68990.0,33.5,45878.35,1,45878.35,4137.36,Kerala,Kochi,UPI,5.0,3,0
BBD-0111490,2025-11-15 08:25:00,CUST-19343,PROD-4226,JBL Flip 6 Bluetooth Speaker,Electronics,JBL,11999.0,24.0,9119.24,1,9119.24,686.19,Uttar Pradesh,Agra,Credit Card,4.0,2,0
BBD-0111491,2025-11-16 00:02:00,CUST-76710,PROD-6082,Samsung 55-inch 4K Smart TV,Electronics,Samsung,54990.0,46.3,29529.63,1,29529.63,1306.35,Telangana,Nizamabad,UPI,5.0,1,0
BBD-0111492,2025-10-26 19:23:00,CUST-98531,PROD-2993,Xiaomi Redmi Note 13 Pro,Mobiles,Xiaomi,25999.0,21.6,20383.22,1,20383.22,407.66,Maharashtra,Pune,UPI,4.5,5,1
BBD-0111493,2025-10-29 04:48:00,CUST-19433,PROD-6082,Samsung 55-inch 4K Smart TV,Electronics,Samsung,54990.0,29.4,38822.94,1,38822.94,2819.66,Delhi,West Delhi,Credit Card,5.0,1,0
BBD-0111494,2025-11-14 06:49:00,CUST-57690,PROD-8347,FabIndia Cotton Printed Saree,Fashion,FabIndia,4990.0,35.0,3243.5,1,3243.5,893.35,Karnataka,Mangalore,UPI,4.5,2,0
BBD-0111495,2025-10-30 01:00:00,CUST-28297,PROD-8482,Kent Grand Plus RO Water Purifier,Home & Kitchen,Kent,18500.0,20.3,14744.5,1,14744.5,2719.66,Karnataka,Bangalore,Cash on Delivery,4.5,2,0
BBD-0111496,2025-10-28 05:44:00,CUST-65942,PROD-5675,L'Oreal Paris Total Repair Hair Mask,Beauty & Grooming,L'Oreal,499.0,15.7,420.66,1,420.66,136.59,Gujarat,Vadodara,Credit Card,5.0,4,0
BBD-0111497,2025-11-18 19:52:00,CUST-17190,PROD-0694,Bajaj New Shakti Neo Water Heater,Home & Kitchen,Bajaj,6999.0,33.9,4626.34,2,9252.68,1315.65,Kerala,Kochi,Debit Card,4.5,6,0
BBD-0111498,2025-11-20 23:48:00,CUST-21615,PROD-5910,LG 43-inch UHD Smart TV,Electronics,LG,38990.0,34.2,25655.42,1,25655.42,2701.55,Rajasthan,Jodhpur,Cash on Delivery,3.5,1,0
BBD-0111499,2025-10-21 08:05:00,CUST-90581,PROD-2405,HP Pavilion Gaming Laptop,Electronics,HP,68990.0,31.0,47603.1,1,47603.1,4964.46,Gujarat,Vadodara,Debit Card,5.0,3,0
BBD-0111500,2025-10-25 12:23:00,CUST-26035,PROD-5805,LG 8kg Front Load Washing Machine,Appliances,LG,41990.0,22.6,32500.26,1,32500.26,3723.2,Kerala,Kozhikode,Credit Card,3.5,1,0
BBD-0111501,2025-11-08 00:55:00,CUST-25358,PROD-6098,OnePlus 12R,Mobiles,OnePlus,39999.0,21.2,31519.21,1,31519.21,828.5,Rajasthan,Udaipur,Credit Card,5.0,4,0
BBD-0111502,2025-10-28 06:15:00,CUST-10455,PROD-9399,Motorola Edge 50 Fusion,Mobiles,Motorola,22999.0,12.3,20170.12,1,20170.12,663.25,Haryana,Panipat,UPI,3.5,2,0
BBD-0111503,2025-10-21 22:49:00,CUST-27368,PROD-1712,Prestige Iris 750W Mixer Grinder,Home & Kitchen,Prestige,4295.0,41.7,2503.98,2,5007.96,621.01,Rajasthan,Kota,UPI,4.5,1,0
BBD-0111504,2025-10-29 17:36:00,CUST-58166,PROD-2405,HP Pavilion Gaming Laptop,Electronics,HP,68990.0,25.2,51604.52,1,51604.52,6656.08,Delhi,South Delhi,UPI,5.0,2,0
BBD-0111505,2025-10-27 05:48:00,CUST-96798,PROD-9235,Nike Air Max Impact Shoes,Fashion,Nike,7995.0,31.9,5444.6,2,10889.2,2818.8,West Bengal,Durgapur,UPI,3.5,3,0
BBD-0111506,2025-11-06 16:54:00,CUST-47802,PROD-7725,Milton Thermosteel 1L Flask,Home & Kitchen,Milton,1150.0,19.5,925.75,1,925.75,190.14,Kerala,Kochi,Cash on Delivery,5.0,3,0
BBD-0111507,2025-10-29 02:16:00,CUST-63001,PROD-6098,OnePlus 12R,Mobiles,OnePlus,39999.0,6.3,37479.06,1,37479.06,2018.49,Tamil Nadu,Coimbatore,UPI,4.5,2,1
BBD-0111508,2025-11-18 22:42:00,CUST-54631,PROD-7356,Biba Women Embroidered Kurta,Fashion,Biba,3299.0,52.6,1563.73,3,4691.19,980.65,Tamil Nadu,Coimbatore,Debit Card,4.5,2,0
BBD-0111509,2025-10-29 12:41:00,CUST-23881,PROD-6814,Noise ColorFit Pro 5 Smartwatch,Electronics,Noise,3999.0,59.4,1623.59,1,1623.59,32.47,Maharashtra,Mumbai,UPI,5.0,3,0
BBD-0111510,2025-11-15 13:02:00,CUST-95377,PROD-8482,Kent Grand Plus RO Water Purifier,Home & Kitchen,Kent,18500.0,26.4,13616.0,1,13616.0,2154.12,Uttar Pradesh,Kanpur,UPI,5.0,2,0
BBD-0111511,2025-11-07 13:56:00,CUST-64626,PROD-6684,Apple iPhone 15 (128GB),Mobiles,Apple,79900.0,20.5,63520.5,1,63520.5,1270.41,Karnataka,Mangalore,UPI,4.0,4,0
BBD-0111512,2025-10-23 22:06:00,CUST-43291,PROD-5805,LG 8kg Front Load Washing Machine,Appliances,LG,41990.0,27.9,30274.79,1,30274.79,2290.54,Tamil Nadu,Coimbatore,Debit Card,5.0,3,0
BBD-0111513,2025-10-25 21:21:00,CUST-31833,PROD-7214,Realme 12 Pro+ 5G,Mobiles,Realme,29999.0,30.6,20819.31,1,20819.31,560.45,West Bengal,Kolkata,UPI,5.0,1,0
BBD-0111514,2025-11-05 17:34:00,CUST-30253,PROD-6305,The Derma Co 1% Hyaluronic Sunscreen,Beauty & Grooming,The Derma Co,499.0,25.6,371.26,1,371.26,122.99,Kerala,Thiruvananthapuram,UPI,5.0,1,0
BBD-0111515,2025-11-03 01:23:00,CUST-42505,PROD-9252,Levi's 511 Slim Fit Jeans,Fashion,Levi's,3999.0,38.7,2451.39,1,2451.39,614.46,Telangana,Hyderabad,Debit Card,5.0,1,0
BBD-0111516,2025-10-16 00:08:00,CUST-35632,PROD-4226,JBL Flip 6 Bluetooth Speaker,Electronics,JBL,11999.0,31.7,8195.32,1,8195.32,539.43,Kerala,Kochi,UPI,5.0,1,0
BBD-0111517,2025-11-12 14:00:00,CUST-75669,PROD-6814,Noise ColorFit Pro 5 Smartwatch,Electronics,Noise,3999.0,52.6,1895.53,1,1895.53,100.8,Kerala,Kochi,Debit Card,4.5,2,0
BBD-0111518,2025-11-19 15:54:00,CUST-80631,PROD-4226,JBL Flip 6 Bluetooth Speaker,Electronics,JBL,11999.0,30.5,8339.31,2,16678.62,1074.22,Uttar Pradesh,Noida,Debit Card,3.0,2,0
BBD-0111519,2025-11-11 23:12:00,CUST-64712,PROD-0694,Bajaj New Shakti Neo Water Heater,Home & Kitchen,Bajaj,6999.0,34.7,4570.35,1,4570.35,652.41,West Bengal,Howrah,UPI,5.0,3,0
BBD-0111520,2025-10-25 01:08:00,CUST-10839,PROD-5353,Samsung Galaxy S24 5G,Mobiles,Samsung,74999.0,20.3,59774.2,1,59774.2,2488.14,Tamil Nadu,Chennai,UPI,4.0,2,0
BBD-0111521,2025-10-18 11:28:00,CUST-54556,PROD-0367,Whirlpool 265L Frost Free Refrigerator,Appliances,Whirlpool,32490.0,22.0,25342.2,1,25342.2,2633.58,Gujarat,Ahmedabad,Credit Card,5.0,3,0
BBD-0111522,2025-11-18 15:36:00,CUST-59319,PROD-9399,Motorola Edge 50 Fusion,Mobiles,Motorola,22999.0,22.7,17778.23,1,17778.23,1043.84,Kerala,Thiruvananthapuram,Credit Card,3.0,1,0
BBD-0111523,2025-11-14 18:13:00,CUST-85159,PROD-6082,Samsung 55-inch 4K Smart TV,Electronics,Samsung,54990.0,32.2,37283.22,1,37283.22,2666.73,Rajasthan,Kota,UPI,3.5,3,0
BBD-0111524,2025-10-23 11:46:00,CUST-50255,PROD-5353,Samsung Galaxy S24 5G,Mobiles,Samsung,74999.0,18.7,60974.19,1,60974.19,3772.16,Telangana,Warangal,Credit Card,5.0,6,0
BBD-0111525,2025-11-01 05:00:00,CUST-47800,PROD-5387,Minimalist 10% Niacinamide Serum,Beauty & Grooming,Minimalist,599.0,9.9,539.7,1,539.7,183.66,West Bengal,Durgapur,Credit Card,4.5,2,0
BBD-0111526,2025-11-10 04:44:00,CUST-10228,PROD-8347,FabIndia Cotton Printed Saree,Fashion,FabIndia,4990.0,30.9,3448.09,1,3448.09,858.41,Uttar Pradesh,Lucknow,Credit Card,3.0,5,0
BBD-0111527,2025-11-07 01:08:00,CUST-19853,PROD-8021,POCO X6 Pro 5G,Mobiles,POCO,24999.0,23.3,19174.23,1,19174.23,383.48,Telangana,Nizamabad,UPI,5.0,2,0
BBD-0111528,2025-11-09 03:40:00,CUST-12913,PROD-2993,Xiaomi Redmi Note 13 Pro,Mobiles,Xiaomi,25999.0,27.9,18745.28,1,18745.28,374.91,Uttar Pradesh,Kanpur,Debit Card,5.0,1,0
BBD-0111529,2025-10-24 00:08:00,CUST-16146,PROD-0023,Philips Digital Air Fryer,Home & Kitchen,Philips,10995.0,36.0,7036.8,1,7036.8,1114.9,Uttar Pradesh,Noida,Debit Card,2.0,3,0
BBD-0111530,2025-11-06 20:57:00,CUST-16969,PROD-8409,Zara Textured Casual Shirt,Fashion,Zara,2990.0,28.6,2134.86,3,6404.58,1774.66,Maharashtra,Pune,UPI,4.5,4,1
BBD-0111531,2025-11-06 02:56:00,CUST-15289,PROD-6098,OnePlus 12R,Mobiles,OnePlus,39999.0,6.8,37279.07,1,37279.07,3210.57,Delhi,New Delhi,UPI,5.0,4,0
BBD-0111532,2025-11-14 03:40:00,CUST-87280,PROD-9760,Wakefit Orthopedic Memory Mattress,Home & Kitchen,Wakefit,12499.0,36.2,7974.36,1,7974.36,1200.81,Maharashtra,Mumbai,UPI,5.0,2,0
BBD-0111533,2025-11-12 13:47:00,CUST-76982,PROD-8482,Kent Grand Plus RO Water Purifier,Home & Kitchen,Kent,18500.0,25.1,13856.5,1,13856.5,2856.97,Delhi,North Delhi,Credit Card,4.5,5,0
BBD-0111534,2025-10-21 05:07:00,CUST-95895,PROD-2480,Allen Solly Formal Trousers,Fashion,Allen Solly,2499.0,31.2,1719.31,3,5157.93,1433.34,Uttar Pradesh,Agra,Credit Card,5.0,5,0
BBD-0111535,2025-11-15 07:12:00,CUST-72872,PROD-7356,Biba Women Embroidered Kurta,Fashion,Biba,3299.0,61.2,1280.01,2,2560.02,602.12,West Bengal,Durgapur,UPI,3.5,1,0
BBD-0111536,2025-10-31 22:23:00,CUST-89017,PROD-5353,Samsung Galaxy S24 5G,Mobiles,Samsung,74999.0,27.0,54749.27,1,54749.27,3030.89,Telangana,Hyderabad,Debit Card,3.5,1,0
BBD-0111537,2025-10-27 21:36:00,CUST-19634,PROD-2993,Xiaomi Redmi Note 13 Pro,Mobiles,Xiaomi,25999.0,17.3,21501.17,1,21501.17,564.17,Telangana,Warangal,Debit Card,5.0,2,1
BBD-0111538,2025-10-24 14:08:00,CUST-35632,PROD-5846,Boat Nirvana Ion Earbuds,Electronics,boAt,4990.0,55.9,2200.59,1,2200.59,137.01,Haryana,Panipat,UPI,5.0,7,0
BBD-0111539,2025-10-30 11:46:00,CUST-52065,PROD-1712,Prestige Iris 750W Mixer Grinder,Home & Kitchen,Prestige,4295.0,49.5,2168.97,1,2168.97,301.26,Maharashtra,Nagpur,Credit Card,1.0,3,0
BBD-0111540,2025-10-28 09:04:00,CUST-99596,PROD-9235,Nike Air Max Impact Shoes,Fashion,Nike,7995.0,27.7,5780.39,2,11560.78,3430.62,Kerala,Kozhikode,UPI,5.0,3,1
BBD-0111541,2025-11-13 23:16:00,CUST-54839,PROD-9252,Levi's 511 Slim Fit Jeans,Fashion,Levi's,3999.0,47.1,2115.47,2,4230.94,903.33,Haryana,Faridabad,UPI,4.0,2,0
BBD-0111542,2025-10-24 21:22:00,CUST-60078,PROD-5305,Maybelline New York Matte Lipstick,Beauty & Grooming,Maybelline,449.0,25.1,336.3,3,1008.9,338.54,Gujarat,Surat,EMI,4.5,2,0
BBD-0111543,2025-11-19 04:53:00,CUST-71290,PROD-6098,OnePlus 12R,Mobiles,OnePlus,39999.0,16.7,33319.17,1,33319.17,2353.5,West Bengal,Siliguri,Credit Card,5.0,5,0
BBD-0111544,2025-10-19 11:39:00,CUST-47867,PROD-8409,Zara Textured Casual Shirt,Fashion,Zara,2990.0,22.6,2314.26,1,2314.26,687.93,Karnataka,Bangalore,UPI,5.0,2,0
BBD-0111545,2025-11-06 04:05:00,CUST-82574,PROD-9235,Nike Air Max Impact Shoes,Fashion,Nike,7995.0,26.5,5876.32,2,11752.64,3286.82,Rajasthan,Jaipur,Debit Card,5.0,1,0
BBD-0111546,2025-11-13 17:05:00,CUST-59204,PROD-7214,Realme 12 Pro+ 5G,Mobiles,Realme,29999.0,25.3,22409.25,1,22409.25,1256.67,Maharashtra,Nashik,Cash on Delivery,3.5,6,0
BBD-0111547,2025-10-18 03:39:00,CUST-47800,PROD-5353,Samsung Galaxy S24 5G,Mobiles,Samsung,74999.0,26.1,55424.26,1,55424.26,2830.35,Karnataka,Mangalore,Credit Card,5.0,2,0
BBD-0111548,2025-11-02 10:18:00,CUST-20734,PROD-1208,Adidas Originals Trefoil Hoodie,Fashion,Adidas,4599.0,32.5,3104.33,3,9312.99,2545.09,Kerala,Kochi,Debit Card,5.0,3,0
BBD-0111549,2025-11-13 22:32:00,CUST-33655,PROD-3168,Puma Men Motorsport Sneakers,Fashion,Puma,5499.0,42.8,3145.43,1,3145.43,836.26,Maharashtra,Nashik,Credit Card,5.0,2,0
BBD-0111550,2025-11-16 00:18:00,CUST-82204,PROD-1462,Sony WH-1000XM5 Headphones,Electronics,Sony,29990.0,29.7,21082.97,2,42165.94,3750.01,West Bengal,Howrah,Net Banking,4.5,1,0
BBD-0111551,2025-11-13 18:00:00,CUST-87975,PROD-4226,JBL Flip 6 Bluetooth Speaker,Electronics,JBL,11999.0,21.5,9419.22,1,9419.22,1028.51,Tamil Nadu,Coimbatore,Credit Card,5.0,2,0
BBD-0111552,2025-11-12 15:13:00,CUST-40718,PROD-3168,Puma Men Motorsport Sneakers,Fashion,Puma,5499.0,39.1,3348.89,3,10046.67,2504.81,Karnataka,Mangalore,Debit Card,4.5,2,0
BBD-0111553,2025-10-24 21:53:00,CUST-67054,PROD-8627,Apple iPad 10th Gen,Electronics,Apple,39900.0,12.5,34912.5,1,34912.5,4408.61,Gujarat,Surat,Net Banking,3.0,2,0
BBD-0111554,2025-10-23 16:32:00,CUST-58302,PROD-6098,OnePlus 12R,Mobiles,OnePlus,39999.0,16.8,33279.17,1,33279.17,2178.56,Uttar Pradesh,Noida,UPI,5.0,4,0
BBD-0111555,2025-10-21 20:31:00,CUST-88046,PROD-5675,L'Oreal Paris Total Repair Hair Mask,Beauty & Grooming,L'Oreal,499.0,26.9,364.77,1,364.77,106.4,West Bengal,Kolkata,Debit Card,5.0,6,0
BBD-0111556,2025-10-28 11:56:00,CUST-39356,PROD-5675,L'Oreal Paris Total Repair Hair Mask,Beauty & Grooming,L'Oreal,499.0,29.5,351.8,1,351.8,113.47,Haryana,Gurgaon,Debit Card,5.0,2,0
BBD-0111557,2025-11-16 12:53:00,CUST-13446,PROD-8021,POCO X6 Pro 5G,Mobiles,POCO,24999.0,21.7,19574.22,1,19574.22,391.48,Maharashtra,Nashik,UPI,4.5,3,0
BBD-0111558,2025-11-11 03:06:00,CUST-83046,PROD-5353,Samsung Galaxy S24 5G,Mobiles,Samsung,74999.0,24.8,56399.25,1,56399.25,1127.99,Karnataka,Mysore,EMI,4.5,3,0
BBD-0111559,2025-11-11 02:00:00,CUST-53046,PROD-5353,Samsung Galaxy S24 5G,Mobiles,Samsung,74999.0,16.5,62624.17,1,62624.17,4686.81,Telangana,Warangal,Net Banking,3.5,7,0
BBD-0111560,2025-11-06 17:03:00,CUST-23379,PROD-9760,Wakefit Orthopedic Memory Mattress,Home & Kitchen,Wakefit,12499.0,33.6,8299.34,1,8299.34,1141.14,Karnataka,Mangalore,Credit Card,3.5,4,0
BBD-0111561,2025-10-21 19:08:00,CUST-79896,PROD-2993,Xiaomi Redmi Note 13 Pro,Mobiles,Xiaomi,25999.0,17.4,21475.17,1,21475.17,844.59,Uttar Pradesh,Noida,UPI,5.0,1,0
BBD-0111562,2025-10-22 23:50:00,CUST-79459,PROD-5675,L'Oreal Paris Total Repair Hair Mask,Beauty & Grooming,L'Oreal,499.0,22.3,387.72,1,387.72,118.28,West Bengal,Howrah,UPI,4.0,2,0
BBD-0111563,2025-11-01 21:51:00,CUST-67023,PROD-6082,Samsung 55-inch 4K Smart TV,Electronics,Samsung,54990.0,30.0,38493.0,1,38493.0,4516.14,Maharashtra,Nashik,UPI,5.0,3,0
BBD-0111564,2025-11-18 04:38:00,CUST-55530,PROD-1712,Prestige Iris 750W Mixer Grinder,Home & Kitchen,Prestige,4295.0,44.1,2400.9,1,2400.9,342.69,Tamil Nadu,Salem,UPI,5.0,3,0
BBD-0111565,2025-10-23 14:56:00,CUST-45856,PROD-4226,JBL Flip 6 Bluetooth Speaker,Electronics,JBL,11999.0,32.9,8051.33,3,24153.99,2705.7,Delhi,New Delhi,Cash on Delivery,5.0,3,0
BBD-0111566,2025-10-29 19:04:00,CUST-21113,PROD-5675,L'Oreal Paris Total Repair Hair Mask,Beauty & Grooming,L'Oreal,499.0,27.7,360.78,3,1082.34,358.97,Karnataka,Mysore,UPI,5.0,2,0
BBD-0111567,2025-10-23 23:13:00,CUST-94144,PROD-8595,IFB 6.5kg Top Load Washer,Appliances,IFB,21990.0,21.8,17196.18,1,17196.18,1627.53,Haryana,Gurgaon,UPI,4.0,5,0
BBD-0111568,2025-11-14 00:09:00,CUST-56305,PROD-2993,Xiaomi Redmi Note 13 Pro,Mobiles,Xiaomi,25999.0,19.8,20851.2,1,20851.2,1084.6,Kerala,Kochi,Credit Card,3.0,2,0
BBD-0111569,2025-11-11 07:02:00,CUST-72882,PROD-0694,Bajaj New Shakti Neo Water Heater,Home & Kitchen,Bajaj,6999.0,34.7,4570.35,1,4570.35,616.35,Kerala,Kochi,UPI,5.0,1,0
BBD-0111570,2025-11-13 02:46:00,CUST-48455,PROD-8409,Zara Textured Casual Shirt,Fashion,Zara,2990.0,19.3,2412.93,3,7238.79,2171.44,Rajasthan,Kota,Cash on Delivery,5.0,2,0
BBD-0111571,2025-10-18 05:19:00,CUST-21415,PROD-3168,Puma Men Motorsport Sneakers,Fashion,Puma,5499.0,41.8,3200.42,2,6400.84,1706.92,Rajasthan,Kota,Net Banking,5.0,2,1
BBD-0111572,2025-11-15 09:25:00,CUST-53898,PROD-9632,Google Pixel 8a,Mobiles,Google,52999.0,18.2,43353.18,1,43353.18,888.42,Maharashtra,Mumbai,UPI,4.5,3,0
BBD-0111573,2025-10-31 12:10:00,CUST-67658,PROD-0367,Whirlpool 265L Frost Free Refrigerator,Appliances,Whirlpool,32490.0,22.0,25342.2,1,25342.2,1579.43,Haryana,Faridabad,UPI,4.5,3,0
BBD-0111574,2025-10-26 17:34:00,CUST-48135,PROD-0367,Whirlpool 265L Frost Free Refrigerator,Appliances,Whirlpool,32490.0,19.5,26154.45,1,26154.45,1690.48,Haryana,Faridabad,Cash on Delivery,5.0,5,0
BBD-0111575,2025-11-12 17:19:00,CUST-65657,PROD-8021,POCO X6 Pro 5G,Mobiles,POCO,24999.0,28.5,17874.29,2,35748.58,714.97,Rajasthan,Jodhpur,Net Banking,3.5,1,0
BBD-0111576,2025-10-18 03:37:00,CUST-10971,PROD-3168,Puma Men Motorsport Sneakers,Fashion,Puma,5499.0,53.1,2579.03,1,2579.03,576.03,Uttar Pradesh,Lucknow,Debit Card,4.5,2,0
BBD-0111577,2025-11-10 02:14:00,CUST-68194,PROD-8482,Kent Grand Plus RO Water Purifier,Home & Kitchen,Kent,18500.0,20.4,14726.0,1,14726.0,2632.89,Maharashtra,Pune,Net Banking,5.0,2,0
BBD-0111578,2025-10-25 08:53:00,CUST-35632,PROD-7356,Biba Women Embroidered Kurta,Fashion,Biba,3299.0,44.3,1837.54,3,5512.62,1193.93,Delhi,West Delhi,UPI,5.0,2,0
BBD-0111579,2025-10-29 16:04:00,CUST-30478,PROD-8409,Zara Textured Casual Shirt,Fashion,Zara,2990.0,36.0,1913.6,1,1913.6,526.05,Uttar Pradesh,Kanpur,Credit Card,4.5,1,0
BBD-0111580,2025-10-31 01:21:00,CUST-28000,PROD-9632,Google Pixel 8a,Mobiles,Google,52999.0,14.2,45473.14,1,45473.14,2205.52,Gujarat,Rajkot,UPI,4.5,3,0
BBD-0111581,2025-11-09 02:26:00,CUST-10941,PROD-9235,Nike Air Max Impact Shoes,Fashion,Nike,7995.0,33.1,5348.66,1,5348.66,1347.75,Uttar Pradesh,Agra,Debit Card,3.5,1,0
BBD-0111582,2025-10-29 16:44:00,CUST-69904,PROD-5910,LG 43-inch UHD Smart TV,Electronics,LG,38990.0,38.6,23939.86,1,23939.86,1610.71,Tamil Nadu,Chennai,Debit Card,5.0,3,0
BBD-0111583,2025-10-27 09:54:00,CUST-66521,PROD-5910,LG 43-inch UHD Smart TV,Electronics,LG,38990.0,35.6,25109.56,1,25109.56,2583.55,Karnataka,Mysore,Debit Card,4.5,1,0
BBD-0111584,2025-11-05 08:58:00,CUST-49289,PROD-6305,The Derma Co 1% Hyaluronic Sunscreen,Beauty & Grooming,The Derma Co,499.0,15.9,419.66,2,839.32,252.39,Tamil Nadu,Chennai,Debit Card,5.0,3,0
BBD-0111585,2025-10-18 23:36:00,CUST-19352,PROD-0367,Whirlpool 265L Frost Free Refrigerator,Appliances,Whirlpool,32490.0,24.9,24399.99,1,24399.99,1793.54,Telangana,Nizamabad,EMI,5.0,6,0
BBD-0111586,2025-10-22 04:12:00,CUST-69019,PROD-6082,Samsung 55-inch 4K Smart TV,Electronics,Samsung,54990.0,31.6,37613.16,3,112839.48,9755.11,Karnataka,Mysore,EMI,4.5,2,0
BBD-0111587,2025-10-23 01:35:00,CUST-41375,PROD-7214,Realme 12 Pro+ 5G,Mobiles,Realme,29999.0,31.3,20609.31,1,20609.31,706.15,Telangana,Hyderabad,Cash on Delivery,4.0,2,0
BBD-0111588,2025-11-10 15:20:00,CUST-22985,PROD-6814,Noise ColorFit Pro 5 Smartwatch,Electronics,Noise,3999.0,53.4,1863.53,1,1863.53,119.19,Telangana,Nizamabad,UPI,3.0,1,0
BBD-0111589,2025-10-30 17:53:00,CUST-50486,PROD-0367,Whirlpool 265L Frost Free Refrigerator,Appliances,Whirlpool,32490.0,19.1,26284.41,1,26284.41,2054.87,Kerala,Kochi,Debit Card,5.0,4,0
BBD-0111590,2025-11-20 05:44:00,CUST-29944,PROD-2897,Bombay Shaving Co Grooming Kit,Beauty & Grooming,Bombay Shaving Co,1499.0,42.7,858.93,2,1717.86,424.42,Rajasthan,Jodhpur,Credit Card,4.5,2,0
BBD-0111591,2025-11-15 22:19:00,CUST-30529,PROD-6082,Samsung 55-inch 4K Smart TV,Electronics,Samsung,54990.0,39.1,33488.91,1,33488.91,2273.9,Karnataka,Mysore,UPI,4.0,4,0
BBD-0111592,2025-11-20 03:31:00,CUST-59885,PROD-8021,POCO X6 Pro 5G,Mobiles,POCO,24999.0,31.1,17224.31,1,17224.31,591.91,Maharashtra,Nashik,Credit Card,4.0,1,0
BBD-0111593,2025-10-21 00:22:00,CUST-94917,PROD-1462,Sony WH-1000XM5 Headphones,Electronics,Sony,29990.0,24.6,22612.46,1,22612.46,2586.07,Kerala,Kochi,UPI,5.0,4,1
BBD-0111594,2025-11-06 12:10:00,CUST-56509,PROD-3168,Puma Men Motorsport Sneakers,Fashion,Puma,5499.0,55.4,2452.55,1,2452.55,575.56,Rajasthan,Kota,Debit Card,4.5,3,0
BBD-0111595,2025-10-31 04:01:00,CUST-93007,PROD-2480,Allen Solly Formal Trousers,Fashion,Allen Solly,2499.0,40.3,1491.9,1,1491.9,410.69,Kerala,Thiruvananthapuram,Net Banking,4.5,2,0
BBD-0111596,2025-11-20 20:26:00,CUST-68213,PROD-4226,JBL Flip 6 Bluetooth Speaker,Electronics,JBL,11999.0,27.3,8723.27,1,8723.27,904.26,Rajasthan,Jaipur,UPI,5.0,2,0
BBD-0111597,2025-10-25 11:47:00,CUST-79980,PROD-6098,OnePlus 12R,Mobiles,OnePlus,39999.0,7.4,37039.07,1,37039.07,3097.91,Rajasthan,Jodhpur,UPI,4.0,3,0
BBD-0111598,2025-10-27 11:14:00,CUST-33035,PROD-7214,Realme 12 Pro+ 5G,Mobiles,Realme,29999.0,20.2,23939.2,1,23939.2,849.41,Karnataka,Mangalore,UPI,4.5,2,0
BBD-0111599,2025-10-18 22:40:00,CUST-34269,PROD-6098,OnePlus 12R,Mobiles,OnePlus,39999.0,17.4,33039.17,1,33039.17,751.35,Kerala,Kozhikode,Debit Card,1.0,2,0
BBD-0111600,2025-11-18 04:03:00,CUST-38873,PROD-2405,HP Pavilion Gaming Laptop,Electronics,HP,68990.0,21.3,54295.13,1,54295.13,4963.97,Uttar Pradesh,Kanpur,Debit Card,5.0,5,0
BBD-0111601,2025-11-19 07:13:00,CUST-29860,PROD-9399,Motorola Edge 50 Fusion,Mobiles,Motorola,22999.0,29.2,16283.29,1,16283.29,325.67,Karnataka,Hubli,Cash on Delivery,5.0,1,0
BBD-0111602,2025-11-05 06:49:00,CUST-35502,PROD-0694,Bajaj New Shakti Neo Water Heater,Home & Kitchen,Bajaj,6999.0,29.1,4962.29,1,4962.29,887.0,Rajasthan,Jodhpur,UPI,4.0,3,0
BBD-0111603,2025-10-30 17:23:00,CUST-27916,PROD-7214,Realme 12 Pro+ 5G,Mobiles,Realme,29999.0,22.5,23249.23,1,23249.23,1405.45,Maharashtra,Nashik,UPI,5.0,2,1
BBD-0111604,2025-10-18 20:09:00,CUST-75994,PROD-8409,Zara Textured Casual Shirt,Fashion,Zara,2990.0,29.1,2119.91,1,2119.91,609.27,Tamil Nadu,Madurai,Debit Card,5.0,3,1
BBD-0111605,2025-11-04 15:32:00,CUST-80569,PROD-1712,Prestige Iris 750W Mixer Grinder,Home & Kitchen,Prestige,4295.0,50.1,2143.2,1,2143.2,282.94,Rajasthan,Udaipur,Debit Card,5.0,1,0
BBD-0111606,2025-10-31 02:45:00,CUST-15341,PROD-7214,Realme 12 Pro+ 5G,Mobiles,Realme,29999.0,15.9,25229.16,1,25229.16,535.87,Kerala,Thiruvananthapuram,Credit Card,3.5,2,0
BBD-0111607,2025-11-10 20:03:00,CUST-69967,PROD-5805,LG 8kg Front Load Washing Machine,Appliances,LG,41990.0,40.0,25194.0,2,50388.0,3742.48,West Bengal,Siliguri,UPI,4.5,4,0
BBD-0111608,2025-11-05 14:52:00,CUST-11286,PROD-9235,Nike Air Max Impact Shoes,Fashion,Nike,7995.0,27.5,5796.38,1,5796.38,1530.65,Gujarat,Surat,UPI,3.5,5,0
BBD-0111609,2025-10-30 00:43:00,CUST-94946,PROD-9399,Motorola Edge 50 Fusion,Mobiles,Motorola,22999.0,23.6,17571.24,1,17571.24,641.92,Delhi,West Delhi,UPI,4.5,3,0
BBD-0111610,2025-10-24 19:02:00,CUST-32872,PROD-5846,Boat Nirvana Ion Earbuds,Electronics,boAt,4990.0,66.6,1666.66,1,1666.66,33.33,Delhi,North Delhi,UPI,1.0,2,0
BBD-0111611,2025-11-09 23:28:00,CUST-96979,PROD-3168,Puma Men Motorsport Sneakers,Fashion,Puma,5499.0,43.0,3134.43,1,3134.43,707.42,Maharashtra,Mumbai,Net Banking,5.0,3,0
BBD-0111612,2025-10-29 15:14:00,CUST-98866,PROD-2405,HP Pavilion Gaming Laptop,Electronics,HP,68990.0,30.6,47879.06,1,47879.06,3732.17,Karnataka,Bangalore,UPI,5.0,1,0
BBD-0111613,2025-11-09 17:09:00,CUST-94946,PROD-2480,Allen Solly Formal Trousers,Fashion,Allen Solly,2499.0,36.1,1596.86,3,4790.58,1159.84,Tamil Nadu,Coimbatore,UPI,4.5,1,0
BBD-0111614,2025-10-24 19:50:00,CUST-80435,PROD-1208,Adidas Originals Trefoil Hoodie,Fashion,Adidas,4599.0,31.3,3159.51,1,3159.51,869.14,Maharashtra,Nagpur,Credit Card,5.0,4,0
BBD-0111615,2025-10-16 03:57:00,CUST-65957,PROD-6684,Apple iPhone 15 (128GB),Mobiles,Apple,79900.0,20.2,63760.2,2,127520.4,8076.89,West Bengal,Kolkata,Cash on Delivery,4.0,1,0
BBD-0111616,2025-11-18 16:42:00,CUST-73968,PROD-6098,OnePlus 12R,Mobiles,OnePlus,39999.0,9.5,36199.1,2,72398.2,2290.73,Delhi,South Delhi,Debit Card,5.0,1,0
BBD-0111617,2025-10-18 16:58:00,CUST-18068,PROD-2405,HP Pavilion Gaming Laptop,Electronics,HP,68990.0,19.2,55743.92,1,55743.92,7876.17,Haryana,Faridabad,UPI,4.0,3,0
BBD-0111618,2025-10-22 11:41:00,CUST-36016,PROD-8482,Kent Grand Plus RO Water Purifier,Home & Kitchen,Kent,18500.0,18.8,15022.0,1,15022.0,3339.05,Rajasthan,Jaipur,Credit Card,5.0,6,0
BBD-0111619,2025-10-27 05:47:00,CUST-20395,PROD-3168,Puma Men Motorsport Sneakers,Fashion,Puma,5499.0,44.9,3029.95,1,3029.95,719.23,Haryana,Gurgaon,Debit Card,5.0,1,0
BBD-0111620,2025-10-22 03:46:00,CUST-71578,PROD-9235,Nike Air Max Impact Shoes,Fashion,Nike,7995.0,33.9,5284.7,3,15854.1,3825.82,Haryana,Faridabad,UPI,4.5,4,1
BBD-0111621,2025-11-12 20:04:00,CUST-43673,PROD-1208,Adidas Originals Trefoil Hoodie,Fashion,Adidas,4599.0,36.8,2906.57,1,2906.57,710.56,Karnataka,Mangalore,Credit Card,5.0,7,0
BBD-0111622,2025-11-16 19:30:00,CUST-78838,PROD-7725,Milton Thermosteel 1L Flask,Home & Kitchen,Milton,1150.0,20.6,913.1,1,913.1,172.21,Karnataka,Hubli,UPI,4.0,2,0
BBD-0111623,2025-10-21 00:21:00,CUST-41739,PROD-3168,Puma Men Motorsport Sneakers,Fashion,Puma,5499.0,44.7,3040.95,2,6081.9,1418.75,Delhi,South Delhi,Debit Card,5.0,2,0
BBD-0111624,2025-11-09 13:19:00,CUST-31143,PROD-6684,Apple iPhone 15 (128GB),Mobiles,Apple,79900.0,12.9,69592.9,1,69592.9,2860.84,Rajasthan,Jodhpur,Net Banking,4.0,2,0
BBD-0111625,2025-10-21 17:20:00,CUST-84660,PROD-9632,Google Pixel 8a,Mobiles,Google,52999.0,10.5,47434.11,1,47434.11,2360.78,Gujarat,Surat,UPI,3.5,3,0
BBD-0111626,2025-10-26 17:28:00,CUST-40442,PROD-9399,Motorola Edge 50 Fusion,Mobiles,Motorola,22999.0,13.7,19848.14,1,19848.14,516.17,Kerala,Thiruvananthapuram,UPI,5.0,6,0
BBD-0111627,2025-10-27 07:23:00,CUST-30965,PROD-4226,JBL Flip 6 Bluetooth Speaker,Electronics,JBL,11999.0,30.0,8399.3,1,8399.3,737.08,Telangana,Warangal,Credit Card,4.5,1,0
BBD-0111628,2025-11-06 00:55:00,CUST-28245,PROD-0367,Whirlpool 265L Frost Free Refrigerator,Appliances,Whirlpool,32490.0,28.8,23132.88,1,23132.88,1095.57,Maharashtra,Nashik,UPI,5.0,1,0
BBD-0111629,2025-10-29 12:14:00,CUST-42220,PROD-0023,Philips Digital Air Fryer,Home & Kitchen,Philips,10995.0,43.4,6223.17,2,12446.34,2133.99,Karnataka,Hubli,UPI,5.0,2,0
BBD-0111630,2025-11-05 03:43:00,CUST-99422,PROD-2875,Dell Inspiron 15 Laptop,Electronics,Dell,56990.0,20.3,45421.03,1,45421.03,5322.04,Delhi,West Delhi,Credit Card,5.0,2,0
BBD-0111631,2025-11-02 10:06:00,CUST-41274,PROD-9632,Google Pixel 8a,Mobiles,Google,52999.0,9.8,47805.1,1,47805.1,3684.77,Delhi,New Delhi,UPI,5.0,2,0
BBD-0111632,2025-11-02 05:51:00,CUST-34363,PROD-8021,POCO X6 Pro 5G,Mobiles,POCO,24999.0,35.1,16224.35,1,16224.35,579.32,Karnataka,Hubli,Debit Card,5.0,3,0
BBD-0111633,2025-11-20 08:24:00,CUST-87793,PROD-5305,Maybelline New York Matte Lipstick,Beauty & Grooming,Maybelline,449.0,29.0,318.79,1,318.79,103.6,Kerala,Thiruvananthapuram,Credit Card,5.0,6,0
BBD-0111634,2025-11-20 06:54:00,CUST-14545,PROD-8021,POCO X6 Pro 5G,Mobiles,POCO,24999.0,26.7,18324.27,1,18324.27,366.49,Gujarat,Rajkot,UPI,4.0,3,0
BBD-0111635,2025-10-17 14:57:00,CUST-70157,PROD-5353,Samsung Galaxy S24 5G,Mobiles,Samsung,74999.0,15.7,63224.16,2,126448.32,3707.95,Delhi,South Delhi,UPI,5.0,6,0
BBD-0111636,2025-10-19 13:19:00,CUST-54924,PROD-7725,Milton Thermosteel 1L Flask,Home & Kitchen,Milton,1150.0,29.2,814.2,2,1628.4,300.03,Telangana,Nizamabad,Debit Card,4.5,1,0
BBD-0111637,2025-11-04 08:29:00,CUST-32104,PROD-6098,OnePlus 12R,Mobiles,OnePlus,39999.0,21.3,31479.21,1,31479.21,1955.92,Kerala,Kozhikode,UPI,4.5,1,0
BBD-0111638,2025-10-26 02:26:00,CUST-34269,PROD-7214,Realme 12 Pro+ 5G,Mobiles,Realme,29999.0,19.1,24269.19,1,24269.19,538.13,Kerala,Thiruvananthapuram,UPI,4.5,2,0
BBD-0111639,2025-11-07 12:26:00,CUST-81986,PROD-6684,Apple iPhone 15 (128GB),Mobiles,Apple,79900.0,15.4,67595.4,1,67595.4,1883.92,Delhi,North Delhi,EMI,5.0,4,0
BBD-0111640,2025-11-13 12:11:00,CUST-50338,PROD-1462,Sony WH-1000XM5 Headphones,Electronics,Sony,29990.0,15.6,25311.56,3,75934.68,6958.06,Karnataka,Mysore,Credit Card,4.5,3,0
BBD-0111641,2025-11-08 00:16:00,CUST-18336,PROD-9632,Google Pixel 8a,Mobiles,Google,52999.0,19.9,42452.2,1,42452.2,1462.03,Uttar Pradesh,Noida,Debit Card,5.0,3,0
BBD-0111642,2025-11-07 18:49:00,CUST-24394,PROD-3168,Puma Men Motorsport Sneakers,Fashion,Puma,5499.0,50.7,2711.01,1,2711.01,672.25,West Bengal,Howrah,Credit Card,4.0,1,0
BBD-0111643,2025-10-23 12:01:00,CUST-37776,PROD-8627,Apple iPad 10th Gen,Electronics,Apple,39900.0,11.7,35231.7,1,35231.7,4551.15,West Bengal,Howrah,UPI,5.0,1,0
BBD-0111644,2025-10-22 09:08:00,CUST-39150,PROD-8021,POCO X6 Pro 5G,Mobiles,POCO,24999.0,23.2,19199.23,2,38398.46,767.97,Uttar Pradesh,Lucknow,UPI,4.5,6,0
BBD-0111645,2025-11-18 03:27:00,CUST-30538,PROD-8409,Zara Textured Casual Shirt,Fashion,Zara,2990.0,32.7,2012.27,1,2012.27,572.09,Telangana,Hyderabad,UPI,3.0,6,1
BBD-0111646,2025-10-23 04:20:00,CUST-98873,PROD-9949,Daikin 1.5 Ton 5 Star Inverter AC,Appliances,Daikin,45990.0,17.5,37941.75,2,75883.5,6722.09,Karnataka,Mysore,Credit Card,4.0,7,0
BBD-0111647,2025-10-26 08:20:00,CUST-36991,PROD-8021,POCO X6 Pro 5G,Mobiles,POCO,24999.0,20.4,19899.2,1,19899.2,397.98,Kerala,Kozhikode,Cash on Delivery,4.5,5,0
BBD-0111648,2025-11-02 11:29:00,CUST-91825,PROD-9399,Motorola Edge 50 Fusion,Mobiles,Motorola,22999.0,17.3,19020.17,1,19020.17,380.4,Gujarat,Surat,UPI,3.5,1,0
BBD-0111649,2025-10-28 04:55:00,CUST-42662,PROD-1208,Adidas Originals Trefoil Hoodie,Fashion,Adidas,4599.0,40.3,2745.6,1,2745.6,635.56,Telangana,Hyderabad,UPI,4.0,3,0
BBD-0111650,2025-10-27 00:26:00,CUST-53202,PROD-2993,Xiaomi Redmi Note 13 Pro,Mobiles,Xiaomi,25999.0,26.2,19187.26,1,19187.26,383.75,Maharashtra,Nagpur,Cash on Delivery,4.0,2,0
BBD-0111651,2025-11-10 16:02:00,CUST-82512,PROD-6082,Samsung 55-inch 4K Smart TV,Electronics,Samsung,54990.0,35.5,35468.55,1,35468.55,2332.17,Haryana,Gurgaon,Credit Card,3.5,6,0
BBD-0111652,2025-11-05 16:18:00,CUST-40014,PROD-6305,The Derma Co 1% Hyaluronic Sunscreen,Beauty & Grooming,The Derma Co,499.0,12.1,438.62,1,438.62,135.46,Delhi,North Delhi,Debit Card,4.5,2,0
BBD-0111653,2025-11-06 04:09:00,CUST-79121,PROD-5910,LG 43-inch UHD Smart TV,Electronics,LG,38990.0,34.2,25655.42,1,25655.42,2209.67,Kerala,Thiruvananthapuram,UPI,4.0,1,0
BBD-0111654,2025-10-26 11:53:00,CUST-97884,PROD-6684,Apple iPhone 15 (128GB),Mobiles,Apple,79900.0,16.1,67036.1,1,67036.1,2976.29,Karnataka,Mangalore,Credit Card,5.0,2,1
BBD-0111655,2025-11-10 00:29:00,CUST-48213,PROD-8409,Zara Textured Casual Shirt,Fashion,Zara,2990.0,21.0,2362.1,1,2362.1,619.98,Rajasthan,Kota,UPI,5.0,3,0
BBD-0111656,2025-11-10 17:02:00,CUST-43825,PROD-3168,Puma Men Motorsport Sneakers,Fashion,Puma,5499.0,46.8,2925.47,1,2925.47,699.81,Haryana,Faridabad,Debit Card,4.5,2,1
BBD-0111657,2025-11-08 10:38:00,CUST-83847,PROD-5846,Boat Nirvana Ion Earbuds,Electronics,boAt,4990.0,62.2,1886.22,3,5658.66,113.17,Gujarat,Rajkot,Credit Card,4.5,2,0
BBD-0111658,2025-11-15 10:59:00,CUST-94667,PROD-8021,POCO X6 Pro 5G,Mobiles,POCO,24999.0,30.5,17374.31,1,17374.31,347.49,Rajasthan,Jaipur,Credit Card,4.5,4,0
BBD-0111659,2025-11-11 02:31:00,CUST-14727,PROD-5846,Boat Nirvana Ion Earbuds,Electronics,boAt,4990.0,55.7,2210.57,1,2210.57,98.41,Telangana,Nizamabad,Net Banking,5.0,3,0
BBD-0111660,2025-11-19 03:51:00,CUST-93242,PROD-8627,Apple iPad 10th Gen,Electronics,Apple,39900.0,18.8,32398.8,1,32398.8,2909.44,Uttar Pradesh,Varanasi,Cash on Delivery,4.5,4,0
BBD-0111661,2025-10-31 14:36:00,CUST-81607,PROD-9252,Levi's 511 Slim Fit Jeans,Fashion,Levi's,3999.0,48.4,2063.48,1,2063.48,529.12,West Bengal,Siliguri,UPI,5.0,2,0
BBD-0111662,2025-11-13 07:19:00,CUST-92679,PROD-1208,Adidas Originals Trefoil Hoodie,Fashion,Adidas,4599.0,33.4,3062.93,1,3062.93,815.32,Uttar Pradesh,Lucknow,Credit Card,5.0,2,0
BBD-0111663,2025-11-07 22:45:00,CUST-17556,PROD-0694,Bajaj New Shakti Neo Water Heater,Home & Kitchen,Bajaj,6999.0,26.6,5137.27,1,5137.27,962.58,Gujarat,Rajkot,EMI,5.0,2,0
BBD-0111664,2025-10-22 03:45:00,CUST-32582,PROD-6098,OnePlus 12R,Mobiles,OnePlus,39999.0,16.2,33519.16,1,33519.16,2124.63,Uttar Pradesh,Varanasi,UPI,3.5,3,1
BBD-0111665,2025-10-25 01:50:00,CUST-17069,PROD-6305,The Derma Co 1% Hyaluronic Sunscreen,Beauty & Grooming,The Derma Co,499.0,26.4,367.26,3,1101.78,322.87,Telangana,Nizamabad,Credit Card,3.5,3,0
BBD-0111666,2025-11-04 01:24:00,CUST-58450,PROD-1462,Sony WH-1000XM5 Headphones,Electronics,Sony,29990.0,21.2,23632.12,1,23632.12,2811.01,Telangana,Hyderabad,UPI,4.5,6,0
BBD-0111667,2025-11-03 21:50:00,CUST-33022,PROD-6305,The Derma Co 1% Hyaluronic Sunscreen,Beauty & Grooming,The Derma Co,499.0,23.2,383.23,2,766.46,249.15,Haryana,Gurgaon,Net Banking,4.0,3,0
BBD-0111668,2025-11-11 10:19:00,CUST-80136,PROD-5846,Boat Nirvana Ion Earbuds,Electronics,boAt,4990.0,58.1,2090.81,1,2090.81,79.09,Haryana,Panipat,EMI,5.0,3,0
BBD-0111669,2025-11-18 00:57:00,CUST-98106,PROD-6684,Apple iPhone 15 (128GB),Mobiles,Apple,79900.0,13.0,69513.0,1,69513.0,1862.67,Kerala,Kochi,UPI,5.0,3,0
BBD-0111670,2025-11-05 01:50:00,CUST-79558,PROD-6684,Apple iPhone 15 (128GB),Mobiles,Apple,79900.0,19.0,64719.0,1,64719.0,1294.38,Tamil Nadu,Madurai,Credit Card,5.0,3,0
BBD-0111671,2025-11-11 07:39:00,CUST-70781,PROD-8627,Apple iPad 10th Gen,Electronics,Apple,39900.0,7.4,36947.4,1,36947.4,4909.77,West Bengal,Durgapur,UPI,5.0,1,0
BBD-0111672,2025-10-24 13:41:00,CUST-95211,PROD-1462,Sony WH-1000XM5 Headphones,Electronics,Sony,29990.0,21.6,23512.16,1,23512.16,2393.29,Karnataka,Mangalore,Credit Card,5.0,2,0
BBD-0111673,2025-11-20 02:28:00,CUST-79756,PROD-9760,Wakefit Orthopedic Memory Mattress,Home & Kitchen,Wakefit,12499.0,27.4,9074.27,1,9074.27,1438.02,Telangana,Nizamabad,Credit Card,5.0,4,0
BBD-0111674,2025-10-18 03:05:00,CUST-75120,PROD-8595,IFB 6.5kg Top Load Washer,Appliances,IFB,21990.0,35.0,14293.5,1,14293.5,687.52,West Bengal,Durgapur,UPI,4.5,2,0
BBD-0111675,2025-10-25 19:35:00,CUST-31803,PROD-5910,LG 43-inch UHD Smart TV,Electronics,LG,38990.0,40.8,23082.08,1,23082.08,1842.45,Telangana,Warangal,EMI,5.0,1,0
BBD-0111676,2025-11-15 10:35:00,CUST-73184,PROD-6814,Noise ColorFit Pro 5 Smartwatch,Electronics,Noise,3999.0,57.7,1691.58,1,1691.58,73.34,Uttar Pradesh,Agra,Credit Card,2.0,3,0
BBD-0111677,2025-10-22 17:32:00,CUST-64704,PROD-7725,Milton Thermosteel 1L Flask,Home & Kitchen,Milton,1150.0,17.3,951.05,1,951.05,162.29,Gujarat,Surat,UPI,5.0,2,0
BBD-0111678,2025-10-22 10:30:00,CUST-41364,PROD-9399,Motorola Edge 50 Fusion,Mobiles,Motorola,22999.0,29.5,16214.3,1,16214.3,324.29,Haryana,Faridabad,UPI,5.0,1,0
BBD-0111679,2025-10-24 15:14:00,CUST-15349,PROD-7180,Philips Series 3000 Beard Trimmer,Beauty & Grooming,Philips,1895.0,34.1,1248.81,1,1248.81,398.04,Kerala,Kozhikode,Credit Card,4.5,1,1
BBD-0111680,2025-11-05 16:32:00,CUST-80491,PROD-6098,OnePlus 12R,Mobiles,OnePlus,39999.0,16.6,33359.17,1,33359.17,2397.71,Maharashtra,Pune,Net Banking,4.5,2,0
BBD-0111681,2025-10-30 22:31:00,CUST-64019,PROD-7725,Milton Thermosteel 1L Flask,Home & Kitchen,Milton,1150.0,28.5,822.25,1,822.25,121.27,Gujarat,Ahmedabad,UPI,4.5,3,0
BBD-0111682,2025-11-04 16:37:00,CUST-94935,PROD-6684,Apple iPhone 15 (128GB),Mobiles,Apple,79900.0,22.2,62162.2,1,62162.2,3479.95,Telangana,Nizamabad,Debit Card,4.5,3,0
BBD-0111683,2025-11-19 20:32:00,CUST-79121,PROD-9235,Nike Air Max Impact Shoes,Fashion,Nike,7995.0,27.4,5804.37,1,5804.37,1635.52,Maharashtra,Nashik,Credit Card,5.0,2,0
BBD-0111684,2025-10-21 23:52:00,CUST-98415,PROD-5353,Samsung Galaxy S24 5G,Mobiles,Samsung,74999.0,18.6,61049.19,1,61049.19,4247.98,Uttar Pradesh,Agra,Cash on Delivery,4.0,3,0
BBD-0111685,2025-10-22 04:19:00,CUST-39441,PROD-8021,POCO X6 Pro 5G,Mobiles,POCO,24999.0,22.6,19349.23,1,19349.23,386.98,Kerala,Kozhikode,UPI,4.0,5,0
BBD-0111686,2025-11-02 08:45:00,CUST-22909,PROD-6098,OnePlus 12R,Mobiles,OnePlus,39999.0,9.7,36119.1,1,36119.1,2131.71,Maharashtra,Nagpur,Credit Card,4.0,5,0
BBD-0111687,2025-11-18 23:57:00,CUST-82315,PROD-8595,IFB 6.5kg Top Load Washer,Appliances,IFB,21990.0,25.1,16470.51,1,16470.51,1551.67,Haryana,Gurgaon,Credit Card,4.5,7,0
BBD-0111688,2025-11-13 11:34:00,CUST-92737,PROD-6814,Noise ColorFit Pro 5 Smartwatch,Electronics,Noise,3999.0,50.6,1975.51,1,1975.51,56.29,Delhi,North Delhi,UPI,4.0,1,0
BBD-0111689,2025-11-06 07:42:00,CUST-45275,PROD-8627,Apple iPad 10th Gen,Electronics,Apple,39900.0,22.7,30842.7,2,61685.4,5970.23,West Bengal,Kolkata,UPI,5.0,3,0
BBD-0111690,2025-11-18 15:00:00,CUST-86715,PROD-5910,LG 43-inch UHD Smart TV,Electronics,LG,38990.0,32.7,26240.27,1,26240.27,1628.91,Delhi,South Delhi,Debit Card,5.0,3,0
BBD-0111691,2025-11-02 00:46:00,CUST-81187,PROD-9252,Levi's 511 Slim Fit Jeans,Fashion,Levi's,3999.0,44.4,2223.44,2,4446.88,1000.22,Delhi,South Delhi,UPI,4.5,4,0
BBD-0111692,2025-10-28 01:52:00,CUST-80441,PROD-7356,Biba Women Embroidered Kurta,Fashion,Biba,3299.0,49.2,1675.89,1,1675.89,376.74,Gujarat,Vadodara,UPI,3.0,3,0
BBD-0111693,2025-10-16 00:04:00,CUST-79344,PROD-7725,Milton Thermosteel 1L Flask,Home & Kitchen,Milton,1150.0,24.4,869.4,1,869.4,163.07,West Bengal,Durgapur,Cash on Delivery,5.0,3,0
BBD-0111694,2025-11-09 18:14:00,CUST-48960,PROD-6157,Godrej 190L Direct Cool Refrigerator,Appliances,Godrej,16990.0,31.6,11621.16,1,11621.16,1013.06,Gujarat,Vadodara,Credit Card,4.5,2,0
BBD-0111695,2025-11-05 09:41:00,CUST-84985,PROD-8409,Zara Textured Casual Shirt,Fashion,Zara,2990.0,19.9,2394.99,2,4789.98,1275.47,Gujarat,Ahmedabad,EMI,4.0,3,0
BBD-0111696,2025-11-18 13:44:00,CUST-93677,PROD-6098,OnePlus 12R,Mobiles,OnePlus,39999.0,19.8,32079.2,1,32079.2,641.58,Kerala,Thiruvananthapuram,Credit Card,3.5,2,0
BBD-0111697,2025-11-15 12:46:00,CUST-30303,PROD-2480,Allen Solly Formal Trousers,Fashion,Allen Solly,2499.0,31.7,1706.82,1,1706.82,412.22,Tamil Nadu,Chennai,Credit Card,4.0,2,1
BBD-0111698,2025-11-03 01:49:00,CUST-18281,PROD-7180,Philips Series 3000 Beard Trimmer,Beauty & Grooming,Philips,1895.0,25.2,1417.46,1,1417.46,479.65,Karnataka,Bangalore,UPI,4.5,1,0
BBD-0111699,2025-11-08 12:45:00,CUST-58959,PROD-9632,Google Pixel 8a,Mobiles,Google,52999.0,18.7,43088.19,1,43088.19,3048.24,Uttar Pradesh,Lucknow,Credit Card,3.5,3,0
BBD-0111700,2025-10-26 17:18:00,CUST-20707,PROD-0694,Bajaj New Shakti Neo Water Heater,Home & Kitchen,Bajaj,6999.0,36.9,4416.37,1,4416.37,649.11,Rajasthan,Jodhpur,Credit Card,4.5,1,0
BBD-0111701,2025-10-16 03:01:00,CUST-74531,PROD-8409,Zara Textured Casual Shirt,Fashion,Zara,2990.0,34.6,1955.46,1,1955.46,488.77,Kerala,Kozhikode,UPI,5.0,2,1
BBD-0111702,2025-11-02 17:40:00,CUST-48807,PROD-6082,Samsung 55-inch 4K Smart TV,Electronics,Samsung,54990.0,31.7,37558.17,1,37558.17,4107.44,Kerala,Kochi,UPI,5.0,2,0
BBD-0111703,2025-10-25 09:54:00,CUST-60991,PROD-8409,Zara Textured Casual Shirt,Fashion,Zara,2990.0,19.1,2418.91,1,2418.91,760.11,Telangana,Warangal,Net Banking,4.5,1,0
BBD-0111704,2025-10-28 04:34:00,CUST-13446,PROD-6082,Samsung 55-inch 4K Smart TV,Electronics,Samsung,54990.0,41.8,32004.18,2,64008.36,4353.34,Delhi,New Delhi,Credit Card,5.0,1,0
BBD-0111705,2025-11-04 04:30:00,CUST-92588,PROD-6098,OnePlus 12R,Mobiles,OnePlus,39999.0,21.0,31599.21,1,31599.21,757.14,Karnataka,Hubli,UPI,5.0,1,0
BBD-0111706,2025-11-05 12:13:00,CUST-69204,PROD-5305,Maybelline New York Matte Lipstick,Beauty & Grooming,Maybelline,449.0,28.6,320.59,1,320.59,87.8,Rajasthan,Kota,Credit Card,5.0,2,0
BBD-0111707,2025-11-09 22:22:00,CUST-36689,PROD-1208,Adidas Originals Trefoil Hoodie,Fashion,Adidas,4599.0,40.7,2727.21,1,2727.21,635.1,Delhi,West Delhi,UPI,5.0,3,0
BBD-0111708,2025-11-10 11:10:00,CUST-77388,PROD-7725,Milton Thermosteel 1L Flask,Home & Kitchen,Milton,1150.0,30.5,799.25,1,799.25,133.85,Karnataka,Hubli,UPI,5.0,3,0
BBD-0111709,2025-10-30 23:31:00,CUST-49987,PROD-0023,Philips Digital Air Fryer,Home & Kitchen,Philips,10995.0,29.5,7751.48,1,7751.48,1208.85,Haryana,Panipat,Credit Card,5.0,1,1
BBD-0111710,2025-10-21 00:18:00,CUST-16599,PROD-8409,Zara Textured Casual Shirt,Fashion,Zara,2990.0,31.4,2051.14,1,2051.14,592.2,Uttar Pradesh,Agra,Credit Card,5.0,5,0
BBD-0111711,2025-10-30 11:56:00,CUST-67192,PROD-4226,JBL Flip 6 Bluetooth Speaker,Electronics,JBL,11999.0,32.7,8075.33,3,24225.99,1573.27,Karnataka,Bangalore,UPI,5.0,1,0
BBD-0111712,2025-10-17 09:47:00,CUST-94566,PROD-8482,Kent Grand Plus RO Water Purifier,Home & Kitchen,Kent,18500.0,23.6,14134.0,2,28268.0,4355.58,Uttar Pradesh,Noida,UPI,4.5,6,0
BBD-0111713,2025-11-07 21:30:00,CUST-79615,PROD-1462,Sony WH-1000XM5 Headphones,Electronics,Sony,29990.0,16.5,25041.65,1,25041.65,3047.18,Tamil Nadu,Madurai,UPI,5.0,2,0
BBD-0111714,2025-10-22 21:08:00,CUST-12593,PROD-6684,Apple iPhone 15 (128GB),Mobiles,Apple,79900.0,14.3,68474.3,1,68474.3,4613.47,Delhi,North Delhi,Cash on Delivery,4.5,1,0
BBD-0111715,2025-11-05 11:36:00,CUST-80900,PROD-6098,OnePlus 12R,Mobiles,OnePlus,39999.0,8.6,36559.09,1,36559.09,1262.62,Haryana,Panipat,Net Banking,5.0,2,0
BBD-0111716,2025-11-12 12:13:00,CUST-21063,PROD-6098,OnePlus 12R,Mobiles,OnePlus,39999.0,16.1,33559.16,1,33559.16,817.62,Haryana,Panipat,Credit Card,4.5,1,0
BBD-0111717,2025-10-19 02:20:00,CUST-50707,PROD-5353,Samsung Galaxy S24 5G,Mobiles,Samsung,74999.0,27.0,54749.27,1,54749.27,1094.99,West Bengal,Siliguri,Credit Card,5.0,2,0
BBD-0111718,2025-11-13 04:57:00,CUST-57026,PROD-5910,LG 43-inch UHD Smart TV,Electronics,LG,38990.0,35.4,25187.54,2,50375.08,5054.74,Delhi,South Delhi,Net Banking,5.0,2,0
BBD-0111719,2025-10-28 16:33:00,CUST-27371,PROD-4226,JBL Flip 6 Bluetooth Speaker,Electronics,JBL,11999.0,23.6,9167.24,1,9167.24,912.48,Tamil Nadu,Salem,Credit Card,4.0,5,0
BBD-0111720,2025-10-16 22:10:00,CUST-44161,PROD-2875,Dell Inspiron 15 Laptop,Electronics,Dell,56990.0,28.2,40918.82,2,81837.64,6931.86,Gujarat,Vadodara,UPI,5.0,2,0
BBD-0111721,2025-11-05 10:14:00,CUST-48575,PROD-2405,HP Pavilion Gaming Laptop,Electronics,HP,68990.0,19.8,55329.98,1,55329.98,5435.35,Uttar Pradesh,Varanasi,EMI,3.5,6,0
BBD-0111722,2025-11-05 00:00:00,CUST-59022,PROD-9399,Motorola Edge 50 Fusion,Mobiles,Motorola,22999.0,12.3,20170.12,1,20170.12,1185.52,Rajasthan,Jaipur,UPI,4.5,7,0
BBD-0111723,2025-10-31 10:01:00,CUST-79141,PROD-3168,Puma Men Motorsport Sneakers,Fashion,Puma,5499.0,51.6,2661.52,1,2661.52,625.8,Gujarat,Surat,Credit Card,3.0,1,1
BBD-0111724,2025-11-20 22:11:00,CUST-85929,PROD-5846,Boat Nirvana Ion Earbuds,Electronics,boAt,4990.0,67.1,1641.71,1,1641.71,50.73,Tamil Nadu,Chennai,Credit Card,4.0,2,0
BBD-0111725,2025-10-24 21:30:00,CUST-40554,PROD-7180,Philips Series 3000 Beard Trimmer,Beauty & Grooming,Philips,1895.0,36.4,1205.22,1,1205.22,361.94,Karnataka,Mangalore,EMI,3.0,4,0
BBD-0111726,2025-11-14 21:56:00,CUST-84669,PROD-7214,Realme 12 Pro+ 5G,Mobiles,Realme,29999.0,23.3,23009.23,1,23009.23,1181.85,Kerala,Kochi,UPI,3.0,3,0
BBD-0111727,2025-10-21 22:47:00,CUST-92021,PROD-6684,Apple iPhone 15 (128GB),Mobiles,Apple,79900.0,15.6,67435.6,1,67435.6,3053.28,Uttar Pradesh,Noida,Credit Card,3.0,2,0
BBD-0111728,2025-11-09 01:32:00,CUST-51730,PROD-6098,OnePlus 12R,Mobiles,OnePlus,39999.0,13.7,34519.14,1,34519.14,1744.38,Haryana,Panipat,UPI,4.5,7,0
BBD-0111729,2025-10-19 04:16:00,CUST-81788,PROD-6082,Samsung 55-inch 4K Smart TV,Electronics,Samsung,54990.0,36.6,34863.66,1,34863.66,1881.94,Haryana,Faridabad,Debit Card,5.0,3,0
BBD-0111730,2025-11-10 14:03:00,CUST-33090,PROD-1462,Sony WH-1000XM5 Headphones,Electronics,Sony,29990.0,17.3,24801.73,1,24801.73,3455.24,Kerala,Thiruvananthapuram,Credit Card,3.0,1,0
BBD-0111731,2025-11-02 15:12:00,CUST-93377,PROD-7214,Realme 12 Pro+ 5G,Mobiles,Realme,29999.0,23.5,22949.24,1,22949.24,883.09,West Bengal,Durgapur,UPI,5.0,5,0
BBD-0111732,2025-11-13 08:02:00,CUST-31462,PROD-7214,Realme 12 Pro+ 5G,Mobiles,Realme,29999.0,27.7,21689.28,1,21689.28,433.79,Haryana,Gurgaon,UPI,1.0,2,0
BBD-0111733,2025-11-14 06:10:00,CUST-31682,PROD-8021,POCO X6 Pro 5G,Mobiles,POCO,24999.0,33.6,16599.34,1,16599.34,331.99,Telangana,Warangal,UPI,5.0,4,0
BBD-0111734,2025-11-03 21:23:00,CUST-54585,PROD-8482,Kent Grand Plus RO Water Purifier,Home & Kitchen,Kent,18500.0,19.8,14837.0,1,14837.0,2652.7,Karnataka,Mangalore,UPI,5.0,2,0
BBD-0111735,2025-11-13 23:27:00,CUST-65882,PROD-1208,Adidas Originals Trefoil Hoodie,Fashion,Adidas,4599.0,44.9,2534.05,4,10136.2,2718.67,Telangana,Warangal,Cash on Delivery,4.0,2,0
BBD-0111736,2025-10-18 13:12:00,CUST-83069,PROD-5910,LG 43-inch UHD Smart TV,Electronics,LG,38990.0,29.4,27526.94,1,27526.94,2672.01,Kerala,Thiruvananthapuram,UPI,4.5,3,0
BBD-0111737,2025-11-07 09:25:00,CUST-76260,PROD-7214,Realme 12 Pro+ 5G,Mobiles,Realme,29999.0,15.7,25289.16,1,25289.16,1285.43,West Bengal,Siliguri,Credit Card,3.5,2,0
BBD-0111738,2025-10-18 20:57:00,CUST-70173,PROD-5910,LG 43-inch UHD Smart TV,Electronics,LG,38990.0,37.6,24329.76,2,48659.52,4655.26,Maharashtra,Nagpur,Credit Card,5.0,1,0
BBD-0111739,2025-11-01 10:26:00,CUST-67859,PROD-8409,Zara Textured Casual Shirt,Fashion,Zara,2990.0,32.7,2012.27,1,2012.27,580.68,West Bengal,Siliguri,Credit Card,5.0,6,0
BBD-0111740,2025-10-22 13:36:00,CUST-71955,PROD-9235,Nike Air Max Impact Shoes,Fashion,Nike,7995.0,36.3,5092.82,1,5092.82,1195.13,Uttar Pradesh,Kanpur,Cash on Delivery,4.5,5,1
BBD-0111741,2025-11-04 20:31:00,CUST-94660,PROD-5846,Boat Nirvana Ion Earbuds,Electronics,boAt,4990.0,54.4,2275.44,1,2275.44,120.0,Uttar Pradesh,Lucknow,Net Banking,5.0,1,1
BBD-0111742,2025-11-02 07:41:00,CUST-51758,PROD-9235,Nike Air Max Impact Shoes,Fashion,Nike,7995.0,40.9,4725.05,1,4725.05,1247.48,Kerala,Thiruvananthapuram,Debit Card,4.0,1,0
BBD-0111743,2025-10-20 10:23:00,CUST-27808,PROD-5846,Boat Nirvana Ion Earbuds,Electronics,boAt,4990.0,67.9,1601.79,1,1601.79,66.9,Maharashtra,Nagpur,UPI,4.5,1,0
BBD-0111744,2025-10-29 12:32:00,CUST-87963,PROD-7356,Biba Women Embroidered Kurta,Fashion,Biba,3299.0,57.7,1395.48,1,1395.48,296.45,Tamil Nadu,Chennai,UPI,3.0,6,1
BBD-0111745,2025-11-19 13:59:00,CUST-39233,PROD-9399,Motorola Edge 50 Fusion,Mobiles,Motorola,22999.0,21.7,18008.22,1,18008.22,360.16,Rajasthan,Udaipur,UPI,4.5,2,0
BBD-0111746,2025-10-22 05:26:00,CUST-47978,PROD-7214,Realme 12 Pro+ 5G,Mobiles,Realme,29999.0,22.2,23339.22,1,23339.22,1237.32,Kerala,Kochi,Debit Card,5.0,2,0
BBD-0111747,2025-10-30 17:11:00,CUST-97337,PROD-4226,JBL Flip 6 Bluetooth Speaker,Electronics,JBL,11999.0,20.3,9563.2,1,9563.2,1197.05,West Bengal,Kolkata,UPI,4.0,6,0
BBD-0111748,2025-11-06 18:21:00,CUST-66821,PROD-9252,Levi's 511 Slim Fit Jeans,Fashion,Levi's,3999.0,44.8,2207.45,3,6622.35,1627.19,Gujarat,Ahmedabad,UPI,5.0,2,0
BBD-0111749,2025-11-10 13:36:00,CUST-85936,PROD-9235,Nike Air Max Impact Shoes,Fashion,Nike,7995.0,37.6,4988.88,2,9977.76,2485.96,Delhi,North Delhi,Credit Card,3.5,1,1
BBD-0111750,2025-11-13 04:16:00,CUST-84423,PROD-7725,Milton Thermosteel 1L Flask,Home & Kitchen,Milton,1150.0,27.6,832.6,1,832.6,154.47,West Bengal,Kolkata,Credit Card,5.0,5,0
BBD-0111751,2025-10-19 23:18:00,CUST-69503,PROD-1208,Adidas Originals Trefoil Hoodie,Fashion,Adidas,4599.0,30.5,3196.31,1,3196.31,849.4,Maharashtra,Nagpur,UPI,5.0,2,0
BBD-0111752,2025-10-20 16:33:00,CUST-61907,PROD-8347,FabIndia Cotton Printed Saree,Fashion,FabIndia,4990.0,24.4,3772.44,1,3772.44,1010.09,West Bengal,Durgapur,UPI,4.5,3,0
BBD-0111753,2025-10-26 22:28:00,CUST-85929,PROD-5846,Boat Nirvana Ion Earbuds,Electronics,boAt,4990.0,66.3,1681.63,1,1681.63,53.53,Tamil Nadu,Chennai,Credit Card,4.0,3,0
BBD-0111754,2025-10-26 11:02:00,CUST-77771,PROD-3168,Puma Men Motorsport Sneakers,Fashion,Puma,5499.0,41.0,3244.41,1,3244.41,895.06,Telangana,Hyderabad,Cash on Delivery,4.5,1,0
BBD-0111755,2025-10-23 07:59:00,CUST-70415,PROD-8409,Zara Textured Casual Shirt,Fashion,Zara,2990.0,22.4,2320.24,1,2320.24,609.33,Uttar Pradesh,Lucknow,UPI,5.0,1,1
BBD-0111756,2025-11-03 09:01:00,CUST-31885,PROD-7214,Realme 12 Pro+ 5G,Mobiles,Realme,29999.0,28.2,21539.28,2,43078.56,1240.54,Haryana,Gurgaon,UPI,5.0,2,0
BBD-0111757,2025-10-24 00:10:00,CUST-64712,PROD-9252,Levi's 511 Slim Fit Jeans,Fashion,Levi's,3999.0,46.1,2155.46,2,4310.92,1145.98,Maharashtra,Mumbai,Cash on Delivery,4.5,2,0
BBD-0111758,2025-10-28 05:20:00,CUST-41274,PROD-9399,Motorola Edge 50 Fusion,Mobiles,Motorola,22999.0,28.4,16467.28,1,16467.28,737.51,Tamil Nadu,Salem,Cash on Delivery,5.0,1,0
BBD-0111759,2025-10-16 16:27:00,CUST-92032,PROD-8482,Kent Grand Plus RO Water Purifier,Home & Kitchen,Kent,18500.0,20.5,14707.5,1,14707.5,2460.56,West Bengal,Howrah,UPI,5.0,2,0
BBD-0111760,2025-11-15 00:54:00,CUST-55081,PROD-9399,Motorola Edge 50 Fusion,Mobiles,Motorola,22999.0,16.8,19135.17,1,19135.17,1160.32,Gujarat,Ahmedabad,Credit Card,4.0,2,0
BBD-0111761,2025-11-13 05:37:00,CUST-84920,PROD-9760,Wakefit Orthopedic Memory Mattress,Home & Kitchen,Wakefit,12499.0,28.3,8961.78,1,8961.78,1667.64,Uttar Pradesh,Noida,UPI,5.0,4,0
BBD-0111762,2025-11-15 09:07:00,CUST-65503,PROD-2405,HP Pavilion Gaming Laptop,Electronics,HP,68990.0,33.9,45602.39,2,91204.78,7278.05,Rajasthan,Jodhpur,Debit Card,4.0,3,0
BBD-0111763,2025-11-18 16:48:00,CUST-24262,PROD-1462,Sony WH-1000XM5 Headphones,Electronics,Sony,29990.0,27.7,21682.77,1,21682.77,2069.81,Telangana,Nizamabad,UPI,5.0,2,0
BBD-0111764,2025-10-29 19:59:00,CUST-80895,PROD-7214,Realme 12 Pro+ 5G,Mobiles,Realme,29999.0,29.8,21059.3,1,21059.3,863.94,Tamil Nadu,Salem,Debit Card,3.0,1,0
BBD-0111765,2025-11-17 17:13:00,CUST-44278,PROD-9632,Google Pixel 8a,Mobiles,Google,52999.0,26.0,39219.26,1,39219.26,784.39,Gujarat,Rajkot,EMI,5.0,2,0
BBD-0111766,2025-11-09 09:16:00,CUST-41293,PROD-8021,POCO X6 Pro 5G,Mobiles,POCO,24999.0,28.2,17949.28,1,17949.28,576.72,Rajasthan,Jaipur,UPI,4.0,1,0
BBD-0111767,2025-10-19 08:42:00,CUST-24595,PROD-2993,Xiaomi Redmi Note 13 Pro,Mobiles,Xiaomi,25999.0,25.8,19291.26,1,19291.26,385.83,Uttar Pradesh,Noida,EMI,5.0,4,0
BBD-0111768,2025-11-20 18:22:00,CUST-79459,PROD-7725,Milton Thermosteel 1L Flask,Home & Kitchen,Milton,1150.0,28.6,821.1,2,1642.2,317.24,Haryana,Panipat,UPI,4.0,2,0
BBD-0111769,2025-10-24 16:09:00,CUST-71595,PROD-8627,Apple iPad 10th Gen,Electronics,Apple,39900.0,11.6,35271.6,1,35271.6,5037.27,Delhi,South Delhi,UPI,4.0,2,0
BBD-0111770,2025-11-09 05:15:00,CUST-24698,PROD-7725,Milton Thermosteel 1L Flask,Home & Kitchen,Milton,1150.0,23.7,877.45,1,877.45,150.45,Kerala,Kozhikode,UPI,4.5,4,0
BBD-0111771,2025-11-07 09:00:00,CUST-92657,PROD-6098,OnePlus 12R,Mobiles,OnePlus,39999.0,11.8,35279.12,1,35279.12,1314.77,West Bengal,Howrah,UPI,4.5,4,0
BBD-0111772,2025-10-28 02:17:00,CUST-31431,PROD-3168,Puma Men Motorsport Sneakers,Fashion,Puma,5499.0,43.6,3101.44,1,3101.44,740.54,Delhi,West Delhi,Debit Card,5.0,5,0
BBD-0111773,2025-10-16 04:26:00,CUST-20409,PROD-1208,Adidas Originals Trefoil Hoodie,Fashion,Adidas,4599.0,34.3,3021.54,3,9064.62,2456.93,Rajasthan,Udaipur,Cash on Delivery,3.5,1,0
BBD-0111774,2025-11-19 13:03:00,CUST-78935,PROD-9235,Nike Air Max Impact Shoes,Fashion,Nike,7995.0,34.8,5212.74,2,10425.48,2622.64,Delhi,New Delhi,UPI,5.0,1,0
BBD-0111775,2025-10-29 02:58:00,CUST-16079,PROD-5305,Maybelline New York Matte Lipstick,Beauty & Grooming,Maybelline,449.0,41.0,264.91,3,794.73,200.68,Tamil Nadu,Madurai,Cash on Delivery,4.0,3,0
BBD-0111776,2025-11-06 16:56:00,CUST-35667,PROD-6157,Godrej 190L Direct Cool Refrigerator,Appliances,Godrej,16990.0,26.8,12436.68,1,12436.68,952.66,Delhi,South Delhi,UPI,4.0,1,0
BBD-0111777,2025-11-07 15:47:00,CUST-21423,PROD-8409,Zara Textured Casual Shirt,Fashion,Zara,2990.0,28.9,2125.89,1,2125.89,642.34,Maharashtra,Nashik,Cash on Delivery,5.0,3,0
BBD-0111778,2025-11-10 15:42:00,CUST-69782,PROD-9252,Levi's 511 Slim Fit Jeans,Fashion,Levi's,3999.0,50.0,1999.5,1,1999.5,490.61,Tamil Nadu,Madurai,UPI,3.5,1,1
BBD-0111779,2025-11-20 09:34:00,CUST-82661,PROD-9949,Daikin 1.5 Ton 5 Star Inverter AC,Appliances,Daikin,45990.0,17.3,38033.73,1,38033.73,4760.36,Maharashtra,Pune,Credit Card,4.0,3,0
BBD-0111780,2025-10-21 05:01:00,CUST-85951,PROD-8482,Kent Grand Plus RO Water Purifier,Home & Kitchen,Kent,18500.0,23.6,14134.0,2,28268.0,5160.64,Kerala,Kozhikode,UPI,5.0,6,0
BBD-0111781,2025-11-10 17:13:00,CUST-20646,PROD-8627,Apple iPad 10th Gen,Electronics,Apple,39900.0,14.0,34314.0,2,68628.0,8174.0,West Bengal,Howrah,UPI,3.0,3,0
BBD-0111782,2025-11-14 13:58:00,CUST-50811,PROD-4226,JBL Flip 6 Bluetooth Speaker,Electronics,JBL,11999.0,27.6,8687.28,1,8687.28,570.83,West Bengal,Kolkata,Debit Card,5.0,1,0
BBD-0111783,2025-10-21 19:10:00,CUST-68934,PROD-7214,Realme 12 Pro+ 5G,Mobiles,Realme,29999.0,21.7,23489.22,1,23489.22,695.32,Karnataka,Bangalore,Net Banking,4.0,4,0
BBD-0111784,2025-10-29 13:34:00,CUST-87230,PROD-6684,Apple iPhone 15 (128GB),Mobiles,Apple,79900.0,19.1,64639.1,1,64639.1,1292.78,Kerala,Kochi,Debit Card,4.5,2,0
BBD-0111785,2025-10-19 17:38:00,CUST-90261,PROD-2875,Dell Inspiron 15 Laptop,Electronics,Dell,56990.0,28.9,40519.89,1,40519.89,4420.06,Rajasthan,Jaipur,UPI,5.0,1,0
BBD-0111786,2025-10-28 10:21:00,CUST-94599,PROD-6082,Samsung 55-inch 4K Smart TV,Electronics,Samsung,54990.0,37.7,34258.77,2,68517.54,4741.71,Karnataka,Mysore,EMI,3.5,3,0
BBD-0111787,2025-11-06 03:55:00,CUST-41220,PROD-8347,FabIndia Cotton Printed Saree,Fashion,FabIndia,4990.0,37.9,3098.79,1,3098.79,797.54,Rajasthan,Jaipur,Net Banking,5.0,3,0
BBD-0111788,2025-11-11 14:38:00,CUST-24319,PROD-6098,OnePlus 12R,Mobiles,OnePlus,39999.0,19.1,32359.19,1,32359.19,1710.28,Kerala,Kochi,Cash on Delivery,4.5,3,0
BBD-0111789,2025-11-06 08:43:00,CUST-10186,PROD-6098,OnePlus 12R,Mobiles,OnePlus,39999.0,6.2,37519.06,1,37519.06,3083.32,Karnataka,Mangalore,Debit Card,5.0,1,0
BBD-0111790,2025-10-22 04:51:00,CUST-65239,PROD-2480,Allen Solly Formal Trousers,Fashion,Allen Solly,2499.0,35.8,1604.36,1,1604.36,416.05,Tamil Nadu,Salem,Credit Card,3.0,3,0
BBD-0111791,2025-10-28 23:48:00,CUST-74390,PROD-3168,Puma Men Motorsport Sneakers,Fashion,Puma,5499.0,45.8,2980.46,1,2980.46,758.85,Delhi,New Delhi,UPI,3.0,3,0
BBD-0111792,2025-10-21 13:54:00,CUST-95895,PROD-2875,Dell Inspiron 15 Laptop,Electronics,Dell,56990.0,19.3,45990.93,1,45990.93,6449.26,Delhi,North Delhi,UPI,2.0,2,0
BBD-0111793,2025-10-27 05:06:00,CUST-75497,PROD-9235,Nike Air Max Impact Shoes,Fashion,Nike,7995.0,40.1,4789.01,1,4789.01,1082.42,Gujarat,Surat,Credit Card,5.0,5,0
BBD-0111794,2025-11-15 19:22:00,CUST-59679,PROD-1208,Adidas Originals Trefoil Hoodie,Fashion,Adidas,4599.0,33.5,3058.34,1,3058.34,760.29,West Bengal,Siliguri,EMI,5.0,2,0
BBD-0111795,2025-10-30 22:50:00,CUST-98925,PROD-8021,POCO X6 Pro 5G,Mobiles,POCO,24999.0,32.8,16799.33,1,16799.33,335.99,Uttar Pradesh,Noida,Credit Card,4.0,1,0
BBD-0111796,2025-10-23 17:54:00,CUST-30942,PROD-6098,OnePlus 12R,Mobiles,OnePlus,39999.0,16.1,33559.16,1,33559.16,2037.75,Gujarat,Vadodara,Debit Card,5.0,2,0
BBD-0111797,2025-11-03 22:10:00,CUST-79925,PROD-5305,Maybelline New York Matte Lipstick,Beauty & Grooming,Maybelline,449.0,40.9,265.36,1,265.36,79.62,Tamil Nadu,Madurai,Credit Card,5.0,3,0
BBD-0111798,2025-11-18 13:52:00,CUST-85539,PROD-9632,Google Pixel 8a,Mobiles,Google,52999.0,12.9,46162.13,1,46162.13,1748.04,Gujarat,Vadodara,UPI,4.5,3,0
BBD-0111799,2025-11-01 15:57:00,CUST-58809,PROD-8627,Apple iPad 10th Gen,Electronics,Apple,39900.0,23.7,30443.7,1,30443.7,2781.09,Rajasthan,Kota,Debit Card,5.0,2,0
BBD-0111800,2025-10-24 07:16:00,CUST-57223,PROD-7356,Biba Women Embroidered Kurta,Fashion,Biba,3299.0,58.9,1355.89,1,1355.89,256.4,Karnataka,Mysore,EMI,4.5,3,0
BBD-0111801,2025-10-29 10:16:00,CUST-24909,PROD-6684,Apple iPhone 15 (128GB),Mobiles,Apple,79900.0,16.5,66716.5,1,66716.5,2711.7,Delhi,New Delhi,Cash on Delivery,5.0,5,0
BBD-0111802,2025-11-05 00:43:00,CUST-58337,PROD-5846,Boat Nirvana Ion Earbuds,Electronics,boAt,4990.0,61.1,1941.11,1,1941.11,72.44,West Bengal,Kolkata,Credit Card,5.0,3,0
BBD-0111803,2025-11-14 15:59:00,CUST-26087,PROD-7214,Realme 12 Pro+ 5G,Mobiles,Realme,29999.0,15.3,25409.15,1,25409.15,1243.87,Haryana,Gurgaon,UPI,5.0,2,1
BBD-0111804,2025-11-09 22:08:00,CUST-74272,PROD-1208,Adidas Originals Trefoil Hoodie,Fashion,Adidas,4599.0,33.3,3067.53,1,3067.53,812.7,West Bengal,Durgapur,Credit Card,4.5,1,0
BBD-0111805,2025-10-25 07:24:00,CUST-63676,PROD-5846,Boat Nirvana Ion Earbuds,Electronics,boAt,4990.0,70.2,1487.02,1,1487.02,29.74,Haryana,Gurgaon,UPI,5.0,1,0
BBD-0111806,2025-11-06 05:44:00,CUST-93155,PROD-8482,Kent Grand Plus RO Water Purifier,Home & Kitchen,Kent,18500.0,18.3,15114.5,3,45343.5,8104.27,Telangana,Warangal,UPI,4.5,2,0
BBD-0111807,2025-10-31 22:39:00,CUST-70105,PROD-7214,Realme 12 Pro+ 5G,Mobiles,Realme,29999.0,30.4,20879.3,1,20879.3,982.75,Tamil Nadu,Salem,Credit Card,4.5,3,0
BBD-0111808,2025-10-18 21:24:00,CUST-41968,PROD-9760,Wakefit Orthopedic Memory Mattress,Home & Kitchen,Wakefit,12499.0,38.0,7749.38,1,7749.38,1186.35,Haryana,Faridabad,UPI,5.0,2,0
BBD-0111809,2025-11-15 13:35:00,CUST-33074,PROD-5353,Samsung Galaxy S24 5G,Mobiles,Samsung,74999.0,15.8,63149.16,1,63149.16,4858.31,Uttar Pradesh,Varanasi,EMI,3.5,6,0
BBD-0111810,2025-11-11 07:56:00,CUST-67886,PROD-6157,Godrej 190L Direct Cool Refrigerator,Appliances,Godrej,16990.0,17.4,14033.74,1,14033.74,1099.66,Haryana,Panipat,EMI,4.5,2,0
BBD-0111811,2025-10-19 07:21:00,CUST-18590,PROD-8409,Zara Textured Casual Shirt,Fashion,Zara,2990.0,21.2,2356.12,2,4712.24,1355.87,Haryana,Panipat,UPI,4.5,2,0
BBD-0111812,2025-10-24 08:06:00,CUST-63939,PROD-8627,Apple iPad 10th Gen,Electronics,Apple,39900.0,10.2,35830.2,1,35830.2,5214.87,Haryana,Faridabad,Debit Card,5.0,2,0
BBD-0111813,2025-11-01 15:24:00,CUST-77847,PROD-9632,Google Pixel 8a,Mobiles,Google,52999.0,11.1,47116.11,1,47116.11,2732.24,Rajasthan,Udaipur,UPI,3.5,1,0
BBD-0111814,2025-10-20 10:45:00,CUST-26087,PROD-4226,JBL Flip 6 Bluetooth Speaker,Electronics,JBL,11999.0,32.7,8075.33,1,8075.33,705.16,Haryana,Panipat,Cash on Delivery,4.5,2,0
BBD-0111815,2025-11-07 08:24:00,CUST-13119,PROD-7214,Realme 12 Pro+ 5G,Mobiles,Realme,29999.0,17.5,24749.17,1,24749.17,1264.08,Haryana,Panipat,Debit Card,3.5,1,0
BBD-0111816,2025-11-05 07:03:00,CUST-66821,PROD-8627,Apple iPad 10th Gen,Electronics,Apple,39900.0,13.8,34393.8,1,34393.8,3894.55,Gujarat,Surat,Debit Card,4.0,5,0
BBD-0111817,2025-10-31 11:25:00,CUST-65942,PROD-7356,Biba Women Embroidered Kurta,Fashion,Biba,3299.0,50.3,1639.6,3,4918.8,1209.78,Telangana,Hyderabad,EMI,4.0,4,0
BBD-0111818,2025-10-18 00:59:00,CUST-91967,PROD-9760,Wakefit Orthopedic Memory Mattress,Home & Kitchen,Wakefit,12499.0,39.4,7574.39,1,7574.39,1115.79,Kerala,Thiruvananthapuram,UPI,5.0,1,0
BBD-0111819,2025-11-13 02:29:00,CUST-24092,PROD-9399,Motorola Edge 50 Fusion,Mobiles,Motorola,22999.0,21.3,18100.21,1,18100.21,507.06,Maharashtra,Nashik,UPI,5.0,3,0
BBD-0111820,2025-10-22 16:39:00,CUST-87083,PROD-7214,Realme 12 Pro+ 5G,Mobiles,Realme,29999.0,16.4,25079.16,1,25079.16,984.3,Tamil Nadu,Salem,UPI,5.0,2,0
BBD-0111821,2025-10-19 09:35:00,CUST-58902,PROD-9235,Nike Air Max Impact Shoes,Fashion,Nike,7995.0,31.7,5460.59,1,5460.59,1298.79,Maharashtra,Nashik,Debit Card,5.0,1,0
BBD-0111822,2025-11-09 00:06:00,CUST-17260,PROD-8482,Kent Grand Plus RO Water Purifier,Home & Kitchen,Kent,18500.0,23.5,14152.5,1,14152.5,2966.39,Telangana,Warangal,UPI,4.0,3,0
BBD-0111823,2025-11-09 07:43:00,CUST-29836,PROD-5353,Samsung Galaxy S24 5G,Mobiles,Samsung,74999.0,25.9,55574.26,1,55574.26,1111.49,Rajasthan,Jaipur,Credit Card,5.0,1,0
BBD-0111824,2025-10-18 08:08:00,CUST-77715,PROD-2993,Xiaomi Redmi Note 13 Pro,Mobiles,Xiaomi,25999.0,33.8,17211.34,1,17211.34,386.46,West Bengal,Siliguri,Credit Card,5.0,3,0
BBD-0111825,2025-11-12 03:15:00,CUST-13236,PROD-7725,Milton Thermosteel 1L Flask,Home & Kitchen,Milton,1150.0,22.3,893.55,2,1787.1,374.19,Gujarat,Ahmedabad,UPI,4.0,2,0
BBD-0111826,2025-10-28 04:57:00,CUST-42360,PROD-9632,Google Pixel 8a,Mobiles,Google,52999.0,21.6,41551.22,1,41551.22,2443.07,Tamil Nadu,Salem,Credit Card,4.0,3,0
BBD-0111827,2025-10-16 16:30:00,CUST-91523,PROD-9252,Levi's 511 Slim Fit Jeans,Fashion,Levi's,3999.0,40.5,2379.4,1,2379.4,628.16,Haryana,Gurgaon,UPI,5.0,2,0
BBD-0111828,2025-11-13 00:03:00,CUST-69503,PROD-8347,FabIndia Cotton Printed Saree,Fashion,FabIndia,4990.0,34.1,3288.41,1,3288.41,765.66,Maharashtra,Nashik,Debit Card,3.0,2,0
BBD-0111829,2025-11-13 00:51:00,CUST-91307,PROD-2480,Allen Solly Formal Trousers,Fashion,Allen Solly,2499.0,43.6,1409.44,1,1409.44,332.55,Karnataka,Hubli,Debit Card,4.0,2,1
BBD-0111830,2025-10-25 04:03:00,CUST-83294,PROD-6814,Noise ColorFit Pro 5 Smartwatch,Electronics,Noise,3999.0,66.1,1355.66,1,1355.66,27.11,Rajasthan,Jaipur,UPI,5.0,3,0
BBD-0111831,2025-11-05 12:55:00,CUST-88412,PROD-8627,Apple iPad 10th Gen,Electronics,Apple,39900.0,22.9,30762.9,1,30762.9,3906.42,Maharashtra,Nashik,UPI,5.0,3,0
BBD-0111832,2025-11-11 08:41:00,CUST-40585,PROD-0367,Whirlpool 265L Frost Free Refrigerator,Appliances,Whirlpool,32490.0,34.6,21248.46,1,21248.46,682.24,Delhi,New Delhi,UPI,3.5,3,0
BBD-0111833,2025-11-04 09:53:00,CUST-59315,PROD-8021,POCO X6 Pro 5G,Mobiles,POCO,24999.0,30.8,17299.31,1,17299.31,353.89,Gujarat,Surat,UPI,5.0,3,0
BBD-0111834,2025-10-31 09:39:00,CUST-61475,PROD-1712,Prestige Iris 750W Mixer Grinder,Home & Kitchen,Prestige,4295.0,41.2,2525.46,2,5050.92,888.75,Maharashtra,Pune,Credit Card,5.0,4,0
BBD-0111835,2025-11-11 14:06:00,CUST-62510,PROD-5353,Samsung Galaxy S24 5G,Mobiles,Samsung,74999.0,26.4,55199.26,1,55199.26,2859.34,Kerala,Kozhikode,Credit Card,4.0,3,0
BBD-0111836,2025-10-28 19:32:00,CUST-81036,PROD-5846,Boat Nirvana Ion Earbuds,Electronics,boAt,4990.0,57.7,2110.77,1,2110.77,81.22,Maharashtra,Mumbai,UPI,5.0,2,0
BBD-0111837,2025-11-04 04:17:00,CUST-52638,PROD-2897,Bombay Shaving Co Grooming Kit,Beauty & Grooming,Bombay Shaving Co,1499.0,45.4,818.45,2,1636.9,452.28,Haryana,Panipat,Cash on Delivery,4.5,4,1
BBD-0111838,2025-10-19 00:18:00,CUST-34070,PROD-7214,Realme 12 Pro+ 5G,Mobiles,Realme,29999.0,20.4,23879.2,1,23879.2,916.51,Karnataka,Hubli,Net Banking,4.0,2,0
BBD-0111839,2025-11-18 21:37:00,CUST-85553,PROD-4226,JBL Flip 6 Bluetooth Speaker,Electronics,JBL,11999.0,33.3,8003.33,1,8003.33,862.58,Tamil Nadu,Madurai,UPI,3.5,3,0
BBD-0111840,2025-10-28 01:30:00,CUST-66798,PROD-5846,Boat Nirvana Ion Earbuds,Electronics,boAt,4990.0,60.9,1951.09,2,3902.18,78.04,Uttar Pradesh,Agra,UPI,4.5,4,0
BBD-0111841,2025-10-22 14:36:00,CUST-33655,PROD-6082,Samsung 55-inch 4K Smart TV,Electronics,Samsung,54990.0,38.0,34093.8,1,34093.8,3058.96,Delhi,North Delhi,Credit Card,5.0,2,0
BBD-0111842,2025-11-16 06:37:00,CUST-75973,PROD-5353,Samsung Galaxy S24 5G,Mobiles,Samsung,74999.0,15.5,63374.15,2,126748.3,9068.68,Telangana,Nizamabad,Credit Card,5.0,2,0
BBD-0111843,2025-10-30 17:15:00,CUST-84243,PROD-9760,Wakefit Orthopedic Memory Mattress,Home & Kitchen,Wakefit,12499.0,26.0,9249.26,1,9249.26,1646.83,Rajasthan,Jaipur,Net Banking,4.0,1,0
BBD-0111844,2025-10-16 18:02:00,CUST-81005,PROD-1208,Adidas Originals Trefoil Hoodie,Fashion,Adidas,4599.0,43.8,2584.64,3,7753.92,1858.33,Karnataka,Mysore,Debit Card,4.5,3,0
BBD-0111845,2025-11-02 05:04:00,CUST-14835,PROD-8627,Apple iPad 10th Gen,Electronics,Apple,39900.0,21.2,31441.2,2,62882.4,6662.83,Uttar Pradesh,Varanasi,Credit Card,4.0,4,0
BBD-0111846,2025-10-30 09:24:00,CUST-76481,PROD-6684,Apple iPhone 15 (128GB),Mobiles,Apple,79900.0,18.9,64798.9,2,129597.8,3156.39,Uttar Pradesh,Kanpur,Credit Card,3.5,1,0
BBD-0111847,2025-11-03 09:02:00,CUST-12049,PROD-1208,Adidas Originals Trefoil Hoodie,Fashion,Adidas,4599.0,43.8,2584.64,1,2584.64,571.27,West Bengal,Durgapur,UPI,5.0,5,0
BBD-0111848,2025-11-13 15:20:00,CUST-65957,PROD-6814,Noise ColorFit Pro 5 Smartwatch,Electronics,Noise,3999.0,50.1,1995.5,1,1995.5,108.1,Tamil Nadu,Coimbatore,UPI,3.5,2,0
BBD-0111849,2025-10-17 12:37:00,CUST-65853,PROD-5675,L'Oreal Paris Total Repair Hair Mask,Beauty & Grooming,L'Oreal,499.0,29.6,351.3,1,351.3,101.64,Tamil Nadu,Salem,Credit Card,5.0,2,0
BBD-0111850,2025-11-06 09:16:00,CUST-46327,PROD-8409,Zara Textured Casual Shirt,Fashion,Zara,2990.0,20.1,2389.01,2,4778.02,1333.78,Maharashtra,Nashik,UPI,5.0,1,0
BBD-0111851,2025-10-29 08:36:00,CUST-34994,PROD-4226,JBL Flip 6 Bluetooth Speaker,Electronics,JBL,11999.0,21.6,9407.22,2,18814.44,1512.65,Kerala,Kozhikode,Cash on Delivery,2.0,2,0
BBD-0111852,2025-11-15 03:41:00,CUST-65561,PROD-9399,Motorola Edge 50 Fusion,Mobiles,Motorola,22999.0,22.4,17847.22,2,35694.44,2219.08,Rajasthan,Kota,Debit Card,5.0,2,0
BBD-0111853,2025-10-30 14:33:00,CUST-42048,PROD-1712,Prestige Iris 750W Mixer Grinder,Home & Kitchen,Prestige,4295.0,37.9,2667.2,1,2667.2,480.18,Telangana,Warangal,UPI,4.5,2,0
BBD-0111854,2025-10-29 09:47:00,CUST-18824,PROD-8482,Kent Grand Plus RO Water Purifier,Home & Kitchen,Kent,18500.0,23.3,14189.5,1,14189.5,2957.44,Delhi,North Delhi,Credit Card,4.5,2,0
BBD-0111855,2025-11-01 04:24:00,CUST-46509,PROD-0023,Philips Digital Air Fryer,Home & Kitchen,Philips,10995.0,33.7,7289.69,1,7289.69,1334.59,Rajasthan,Jodhpur,UPI,5.0,2,0
BBD-0111856,2025-11-11 01:19:00,CUST-80437,PROD-6098,OnePlus 12R,Mobiles,OnePlus,39999.0,20.8,31679.21,1,31679.21,1924.16,Uttar Pradesh,Agra,Credit Card,3.0,3,0
BBD-0111857,2025-10-19 02:50:00,CUST-40336,PROD-8627,Apple iPad 10th Gen,Electronics,Apple,39900.0,6.7,37226.7,1,37226.7,4562.23,Uttar Pradesh,Kanpur,UPI,5.0,2,0
BBD-0111858,2025-11-19 09:58:00,CUST-42373,PROD-6098,OnePlus 12R,Mobiles,OnePlus,39999.0,20.7,31719.21,1,31719.21,710.1,Uttar Pradesh,Kanpur,Credit Card,4.5,1,0
BBD-0111859,2025-11-11 09:01:00,CUST-11542,PROD-8409,Zara Textured Casual Shirt,Fashion,Zara,2990.0,33.5,1988.35,3,5965.05,1489.13,Haryana,Panipat,UPI,3.5,2,0
BBD-0111860,2025-11-15 00:08:00,CUST-66836,PROD-7356,Biba Women Embroidered Kurta,Fashion,Biba,3299.0,49.3,1672.59,1,1672.59,419.06,Delhi,North Delhi,Credit Card,3.0,2,0
BBD-0111861,2025-10-24 05:59:00,CUST-83851,PROD-7725,Milton Thermosteel 1L Flask,Home & Kitchen,Milton,1150.0,16.0,966.0,1,966.0,210.77,Delhi,New Delhi,Credit Card,5.0,2,0
BBD-0111862,2025-10-29 03:01:00,CUST-42048,PROD-0694,Bajaj New Shakti Neo Water Heater,Home & Kitchen,Bajaj,6999.0,35.5,4514.36,1,4514.36,827.57,Gujarat,Surat,EMI,5.0,3,0
BBD-0111863,2025-11-17 13:12:00,CUST-22579,PROD-1712,Prestige Iris 750W Mixer Grinder,Home & Kitchen,Prestige,4295.0,49.1,2186.16,1,2186.16,243.03,Rajasthan,Kota,UPI,5.0,1,0
BBD-0111864,2025-11-09 13:56:00,CUST-57498,PROD-7725,Milton Thermosteel 1L Flask,Home & Kitchen,Milton,1150.0,28.7,819.95,1,819.95,162.3,Gujarat,Vadodara,UPI,5.0,3,0
BBD-0111865,2025-10-18 16:25:00,CUST-75565,PROD-2993,Xiaomi Redmi Note 13 Pro,Mobiles,Xiaomi,25999.0,20.8,20591.21,1,20591.21,1056.18,Delhi,New Delhi,UPI,3.5,2,0
BBD-0111866,2025-10-31 16:04:00,CUST-28956,PROD-9252,Levi's 511 Slim Fit Jeans,Fashion,Levi's,3999.0,51.5,1939.51,1,1939.51,400.31,Rajasthan,Jodhpur,Cash on Delivery,4.5,3,0
BBD-0111867,2025-10-28 03:42:00,CUST-76168,PROD-6082,Samsung 55-inch 4K Smart TV,Electronics,Samsung,54990.0,33.9,36348.39,1,36348.39,3771.81,Haryana,Gurgaon,UPI,4.0,1,0
BBD-0111868,2025-10-28 10:40:00,CUST-97859,PROD-7214,Realme 12 Pro+ 5G,Mobiles,Realme,29999.0,17.5,24749.17,1,24749.17,913.14,West Bengal,Siliguri,UPI,5.0,1,0
BBD-0111869,2025-11-09 17:08:00,CUST-70486,PROD-6157,Godrej 190L Direct Cool Refrigerator,Appliances,Godrej,16990.0,18.2,13897.82,1,13897.82,1640.99,Karnataka,Bangalore,UPI,3.0,1,0
BBD-0111870,2025-11-17 21:34:00,CUST-30116,PROD-9235,Nike Air Max Impact Shoes,Fashion,Nike,7995.0,40.4,4765.02,3,14295.06,3183.18,Maharashtra,Nagpur,Credit Card,4.5,1,0
BBD-0111871,2025-11-18 10:30:00,CUST-95340,PROD-4226,JBL Flip 6 Bluetooth Speaker,Electronics,JBL,11999.0,35.6,7727.36,1,7727.36,590.54,Maharashtra,Nashik,UPI,4.0,2,0
BBD-0111872,2025-11-10 10:45:00,CUST-73904,PROD-7725,Milton Thermosteel 1L Flask,Home & Kitchen,Milton,1150.0,19.5,925.75,1,925.75,154.68,Telangana,Nizamabad,Credit Card,5.0,4,0
BBD-0111873,2025-10-22 03:36:00,CUST-94259,PROD-9235,Nike Air Max Impact Shoes,Fashion,Nike,7995.0,39.3,4852.97,3,14558.91,3875.38,Maharashtra,Mumbai,Credit Card,5.0,7,0
BBD-0111874,2025-11-11 14:02:00,CUST-76710,PROD-9252,Levi's 511 Slim Fit Jeans,Fashion,Levi's,3999.0,39.5,2419.39,1,2419.39,648.91,Gujarat,Rajkot,UPI,5.0,3,0
BBD-0111875,2025-11-13 05:37:00,CUST-92843,PROD-9632,Google Pixel 8a,Mobiles,Google,52999.0,13.5,45844.14,1,45844.14,2747.31,Haryana,Faridabad,Cash on Delivery,4.5,2,0
BBD-0111876,2025-10-23 06:06:00,CUST-50604,PROD-9235,Nike Air Max Impact Shoes,Fashion,Nike,7995.0,40.6,4749.03,1,4749.03,1284.63,Maharashtra,Nagpur,UPI,4.0,3,0
BBD-0111877,2025-10-28 18:06:00,CUST-24996,PROD-7725,Milton Thermosteel 1L Flask,Home & Kitchen,Milton,1150.0,19.4,926.9,1,926.9,161.22,Maharashtra,Mumbai,UPI,5.0,2,0
BBD-0111878,2025-11-17 21:54:00,CUST-40138,PROD-9235,Nike Air Max Impact Shoes,Fashion,Nike,7995.0,38.7,4900.93,1,4900.93,1249.15,Maharashtra,Pune,UPI,5.0,2,0
BBD-0111879,2025-11-05 19:00:00,CUST-82187,PROD-5353,Samsung Galaxy S24 5G,Mobiles,Samsung,74999.0,30.0,52499.3,1,52499.3,1049.99,Delhi,West Delhi,Net Banking,5.0,2,0
BBD-0111880,2025-11-06 11:33:00,CUST-28929,PROD-2405,HP Pavilion Gaming Laptop,Electronics,HP,68990.0,33.5,45878.35,1,45878.35,3042.88,Rajasthan,Kota,Debit Card,5.0,3,0
BBD-0111881,2025-10-28 08:55:00,CUST-46157,PROD-9252,Levi's 511 Slim Fit Jeans,Fashion,Levi's,3999.0,35.5,2579.36,1,2579.36,658.68,Tamil Nadu,Chennai,Debit Card,5.0,5,0
BBD-0111882,2025-10-17 14:57:00,CUST-23900,PROD-5387,Minimalist 10% Niacinamide Serum,Beauty & Grooming,Minimalist,599.0,15.9,503.76,1,503.76,155.1,Rajasthan,Jodhpur,Credit Card,3.5,2,0
BBD-0111883,2025-10-17 05:36:00,CUST-92841,PROD-6814,Noise ColorFit Pro 5 Smartwatch,Electronics,Noise,3999.0,66.7,1331.67,2,2663.34,53.27,Maharashtra,Pune,UPI,4.5,3,0
BBD-0111884,2025-11-09 20:28:00,CUST-18701,PROD-9235,Nike Air Max Impact Shoes,Fashion,Nike,7995.0,24.9,6004.24,1,6004.24,1642.82,Maharashtra,Nagpur,Net Banking,3.5,2,0
BBD-0111885,2025-11-20 04:18:00,CUST-16132,PROD-5805,LG 8kg Front Load Washing Machine,Appliances,LG,41990.0,35.0,27293.5,1,27293.5,1618.17,Uttar Pradesh,Kanpur,UPI,5.0,3,0
BBD-0111886,2025-10-26 18:12:00,CUST-37409,PROD-6814,Noise ColorFit Pro 5 Smartwatch,Electronics,Noise,3999.0,61.4,1543.61,1,1543.61,33.45,Telangana,Warangal,UPI,5.0,2,0
BBD-0111887,2025-10-17 12:38:00,CUST-89736,PROD-3168,Puma Men Motorsport Sneakers,Fashion,Puma,5499.0,50.0,2749.5,2,5499.0,1410.25,Rajasthan,Kota,EMI,4.0,2,0
BBD-0111888,2025-10-22 06:43:00,CUST-12398,PROD-7356,Biba Women Embroidered Kurta,Fashion,Biba,3299.0,54.9,1487.85,1,1487.85,296.69,Maharashtra,Nagpur,UPI,5.0,3,1
BBD-0111889,2025-10-28 10:28:00,CUST-37396,PROD-9399,Motorola Edge 50 Fusion,Mobiles,Motorola,22999.0,16.2,19273.16,1,19273.16,1287.65,Kerala,Kochi,Credit Card,5.0,2,0
BBD-0111890,2025-10-19 22:58:00,CUST-47108,PROD-7356,Biba Women Embroidered Kurta,Fashion,Biba,3299.0,49.4,1669.29,1,1669.29,427.14,Uttar Pradesh,Kanpur,Credit Card,3.5,3,1
BBD-0111891,2025-11-12 09:13:00,CUST-64520,PROD-5305,Maybelline New York Matte Lipstick,Beauty & Grooming,Maybelline,449.0,26.1,331.81,2,663.62,195.93,Gujarat,Surat,UPI,3.5,1,0
BBD-0111892,2025-11-12 14:38:00,CUST-98492,PROD-5910,LG 43-inch UHD Smart TV,Electronics,LG,38990.0,31.6,26669.16,1,26669.16,2374.13,Gujarat,Surat,UPI,3.0,2,0
BBD-0111893,2025-11-03 12:55:00,CUST-81764,PROD-8409,Zara Textured Casual Shirt,Fashion,Zara,2990.0,35.4,1931.54,2,3863.08,980.51,Haryana,Faridabad,Credit Card,5.0,2,0
BBD-0111894,2025-11-03 23:32:00,CUST-20814,PROD-8595,IFB 6.5kg Top Load Washer,Appliances,IFB,21990.0,27.7,15898.77,1,15898.77,1515.5,West Bengal,Howrah,Credit Card,5.0,6,0
BBD-0111895,2025-10-20 19:25:00,CUST-31803,PROD-9399,Motorola Edge 50 Fusion,Mobiles,Motorola,22999.0,27.6,16651.28,1,16651.28,356.84,Maharashtra,Nagpur,UPI,4.0,6,0
BBD-0111896,2025-10-31 16:21:00,CUST-54505,PROD-3168,Puma Men Motorsport Sneakers,Fashion,Puma,5499.0,48.2,2848.48,1,2848.48,593.66,Tamil Nadu,Coimbatore,Debit Card,4.5,7,0
BBD-0111897,2025-11-08 18:53:00,CUST-18340,PROD-1462,Sony WH-1000XM5 Headphones,Electronics,Sony,29990.0,28.1,21562.81,1,21562.81,1625.75,Gujarat,Vadodara,UPI,3.5,2,0
BBD-0111898,2025-11-13 23:34:00,CUST-88236,PROD-1712,Prestige Iris 750W Mixer Grinder,Home & Kitchen,Prestige,4295.0,34.6,2808.93,1,2808.93,435.57,Haryana,Faridabad,Credit Card,4.5,2,0
BBD-0111899,2025-10-21 18:16:00,CUST-84647,PROD-6098,OnePlus 12R,Mobiles,OnePlus,39999.0,19.1,32359.19,2,64718.38,3431.84,Kerala,Kozhikode,Credit Card,3.0,3,0
BBD-0111900,2025-11-20 04:25:00,CUST-64617,PROD-8482,Kent Grand Plus RO Water Purifier,Home & Kitchen,Kent,18500.0,23.9,14078.5,2,28157.0,4655.08,Haryana,Faridabad,Cash on Delivery,4.5,4,0
BBD-0111901,2025-10-20 18:14:00,CUST-54940,PROD-2405,HP Pavilion Gaming Laptop,Electronics,HP,68990.0,20.5,54847.05,1,54847.05,5112.05,Rajasthan,Jodhpur,UPI,4.0,1,0
BBD-0111902,2025-11-11 00:39:00,CUST-32217,PROD-8482,Kent Grand Plus RO Water Purifier,Home & Kitchen,Kent,18500.0,23.6,14134.0,1,14134.0,2294.59,Kerala,Thiruvananthapuram,Debit Card,5.0,2,0
BBD-0111903,2025-10-31 18:50:00,CUST-25291,PROD-1712,Prestige Iris 750W Mixer Grinder,Home & Kitchen,Prestige,4295.0,50.7,2117.43,1,2117.43,242.88,Tamil Nadu,Salem,UPI,5.0,1,0
BBD-0111904,2025-10-16 00:30:00,CUST-54960,PROD-5387,Minimalist 10% Niacinamide Serum,Beauty & Grooming,Minimalist,599.0,7.4,554.67,1,554.67,179.58,Gujarat,Rajkot,UPI,4.0,2,0
BBD-0111905,2025-11-19 10:12:00,CUST-27626,PROD-3168,Puma Men Motorsport Sneakers,Fashion,Puma,5499.0,56.7,2381.07,1,2381.07,538.55,West Bengal,Siliguri,Cash on Delivery,2.0,2,0
BBD-0111906,2025-10-20 13:59:00,CUST-73555,PROD-7180,Philips Series 3000 Beard Trimmer,Beauty & Grooming,Philips,1895.0,36.1,1210.9,3,3632.7,1136.37,Haryana,Panipat,UPI,5.0,3,0
BBD-0111907,2025-10-23 03:29:00,CUST-58214,PROD-7180,Philips Series 3000 Beard Trimmer,Beauty & Grooming,Philips,1895.0,21.1,1495.15,1,1495.15,460.57,Delhi,New Delhi,EMI,4.5,2,0
BBD-0111908,2025-10-29 18:06:00,CUST-94734,PROD-8347,FabIndia Cotton Printed Saree,Fashion,FabIndia,4990.0,26.9,3647.69,1,3647.69,1083.37,Karnataka,Hubli,Credit Card,4.5,2,1
BBD-0111909,2025-10-21 23:14:00,CUST-40736,PROD-9235,Nike Air Max Impact Shoes,Fashion,Nike,7995.0,27.1,5828.35,1,5828.35,1619.02,Kerala,Thiruvananthapuram,UPI,2.0,2,0
BBD-0111910,2025-10-18 14:09:00,CUST-80062,PROD-6814,Noise ColorFit Pro 5 Smartwatch,Electronics,Noise,3999.0,60.3,1587.6,2,3175.2,63.5,Gujarat,Surat,Credit Card,5.0,2,0
BBD-0111911,2025-11-16 06:14:00,CUST-52614,PROD-5675,L'Oreal Paris Total Repair Hair Mask,Beauty & Grooming,L'Oreal,499.0,24.9,374.75,4,1499.0,444.95,Kerala,Thiruvananthapuram,Net Banking,4.0,2,0
BBD-0111912,2025-10-30 15:02:00,CUST-50486,PROD-8409,Zara Textured Casual Shirt,Fashion,Zara,2990.0,27.5,2167.75,2,4335.5,1216.54,West Bengal,Durgapur,Credit Card,3.5,3,0
BBD-0111913,2025-11-13 20:21:00,CUST-49160,PROD-6082,Samsung 55-inch 4K Smart TV,Electronics,Samsung,54990.0,36.4,34973.64,1,34973.64,3370.85,Kerala,Thiruvananthapuram,Credit Card,5.0,3,0
BBD-0111914,2025-10-24 19:19:00,CUST-24592,PROD-5910,LG 43-inch UHD Smart TV,Electronics,LG,38990.0,30.8,26981.08,1,26981.08,1980.43,Uttar Pradesh,Kanpur,Credit Card,5.0,2,0
BBD-0111915,2025-11-14 19:38:00,CUST-56276,PROD-0694,Bajaj New Shakti Neo Water Heater,Home & Kitchen,Bajaj,6999.0,26.8,5123.27,1,5123.27,760.29,Tamil Nadu,Salem,Cash on Delivery,4.0,2,0
BBD-0111916,2025-10-21 14:21:00,CUST-42719,PROD-0694,Bajaj New Shakti Neo Water Heater,Home & Kitchen,Bajaj,6999.0,34.7,4570.35,2,9140.7,1325.79,Delhi,South Delhi,UPI,4.0,2,0
BBD-0111917,2025-11-20 09:08:00,CUST-74077,PROD-8409,Zara Textured Casual Shirt,Fashion,Zara,2990.0,21.8,2338.18,1,2338.18,713.45,Telangana,Nizamabad,UPI,5.0,1,0
BBD-0111918,2025-10-26 14:14:00,CUST-49128,PROD-9399,Motorola Edge 50 Fusion,Mobiles,Motorola,22999.0,18.9,18652.19,1,18652.19,1247.71,Uttar Pradesh,Agra,UPI,5.0,2,0
BBD-0111919,2025-11-16 14:41:00,CUST-31235,PROD-9252,Levi's 511 Slim Fit Jeans,Fashion,Levi's,3999.0,44.8,2207.45,1,2207.45,593.78,Tamil Nadu,Chennai,EMI,5.0,2,0
BBD-0111920,2025-11-07 10:11:00,CUST-84566,PROD-6098,OnePlus 12R,Mobiles,OnePlus,39999.0,17.4,33039.17,1,33039.17,1540.33,Gujarat,Surat,Debit Card,3.5,2,0
BBD-0111921,2025-11-12 04:48:00,CUST-17940,PROD-5846,Boat Nirvana Ion Earbuds,Electronics,boAt,4990.0,54.3,2280.43,2,4560.86,275.05,West Bengal,Durgapur,Debit Card,4.0,2,0
BBD-0111922,2025-11-06 09:33:00,CUST-77930,PROD-8482,Kent Grand Plus RO Water Purifier,Home & Kitchen,Kent,18500.0,29.5,13042.5,1,13042.5,2031.86,Gujarat,Surat,Net Banking,1.0,4,0
BBD-0111923,2025-11-02 21:48:00,CUST-28294,PROD-5387,Minimalist 10% Niacinamide Serum,Beauty & Grooming,Minimalist,599.0,11.5,530.12,1,530.12,165.05,West Bengal,Durgapur,Credit Card,4.5,7,0
BBD-0111924,2025-11-18 19:08:00,CUST-15039,PROD-8627,Apple iPad 10th Gen,Electronics,Apple,39900.0,23.3,30603.3,1,30603.3,2325.5,West Bengal,Howrah,UPI,5.0,5,0
BBD-0111925,2025-11-15 18:21:00,CUST-47039,PROD-6098,OnePlus 12R,Mobiles,OnePlus,39999.0,17.3,33079.17,1,33079.17,1169.5,Karnataka,Hubli,UPI,4.0,3,0
BBD-0111926,2025-11-08 20:02:00,CUST-69456,PROD-6157,Godrej 190L Direct Cool Refrigerator,Appliances,Godrej,16990.0,27.1,12385.71,1,12385.71,994.24,Karnataka,Mangalore,UPI,4.5,3,1
BBD-0111927,2025-10-23 11:06:00,CUST-17411,PROD-7356,Biba Women Embroidered Kurta,Fashion,Biba,3299.0,50.1,1646.2,1,1646.2,352.0,Maharashtra,Mumbai,UPI,4.5,1,0
BBD-0111928,2025-11-08 10:13:00,CUST-47501,PROD-5353,Samsung Galaxy S24 5G,Mobiles,Samsung,74999.0,23.5,57374.24,1,57374.24,2774.02,Maharashtra,Nagpur,UPI,5.0,2,0
BBD-0111929,2025-11-17 23:23:00,CUST-64968,PROD-6814,Noise ColorFit Pro 5 Smartwatch,Electronics,Noise,3999.0,62.5,1499.62,1,1499.62,77.95,Delhi,South Delhi,UPI,4.5,1,1
BBD-0111930,2025-10-16 18:11:00,CUST-95055,PROD-8595,IFB 6.5kg Top Load Washer,Appliances,IFB,21990.0,33.6,14601.36,1,14601.36,846.11,Maharashtra,Nashik,UPI,4.0,2,0
BBD-0111931,2025-11-13 15:17:00,CUST-98415,PROD-9632,Google Pixel 8a,Mobiles,Google,52999.0,23.0,40809.23,1,40809.23,877.71,Gujarat,Vadodara,Credit Card,4.5,3,0
BBD-0111932,2025-11-08 20:44:00,CUST-71741,PROD-0367,Whirlpool 265L Frost Free Refrigerator,Appliances,Whirlpool,32490.0,31.3,22320.63,1,22320.63,1751.39,Karnataka,Hubli,Credit Card,5.0,2,0
BBD-0111933,2025-10-25 17:40:00,CUST-68854,PROD-2993,Xiaomi Redmi Note 13 Pro,Mobiles,Xiaomi,25999.0,21.8,20331.22,1,20331.22,725.85,Tamil Nadu,Chennai,Debit Card,2.0,1,0
BBD-0111934,2025-11-20 17:18:00,CUST-86339,PROD-6098,OnePlus 12R,Mobiles,OnePlus,39999.0,8.6,36559.09,1,36559.09,2497.38,Kerala,Kochi,UPI,3.5,1,0
BBD-0111935,2025-11-03 08:45:00,CUST-92428,PROD-9235,Nike Air Max Impact Shoes,Fashion,Nike,7995.0,34.2,5260.71,3,15782.13,3680.45,Delhi,South Delhi,UPI,4.5,5,0
BBD-0111936,2025-11-18 22:48:00,CUST-70345,PROD-8409,Zara Textured Casual Shirt,Fashion,Zara,2990.0,23.8,2278.38,1,2278.38,580.86,Delhi,West Delhi,UPI,5.0,2,0
BBD-0111937,2025-11-13 10:43:00,CUST-59216,PROD-5353,Samsung Galaxy S24 5G,Mobiles,Samsung,74999.0,28.6,53549.29,1,53549.29,1070.99,Tamil Nadu,Chennai,UPI,5.0,1,0
BBD-0111938,2025-11-09 20:25:00,CUST-98823,PROD-5353,Samsung Galaxy S24 5G,Mobiles,Samsung,74999.0,15.9,63074.16,1,63074.16,4586.49,Karnataka,Mysore,Cash on Delivery,5.0,1,0
BBD-0111939,2025-10-25 03:19:00,CUST-17353,PROD-1712,Prestige Iris 750W Mixer Grinder,Home & Kitchen,Prestige,4295.0,51.8,2070.19,1,2070.19,264.07,Uttar Pradesh,Noida,Credit Card,3.0,3,0
BBD-0111940,2025-11-11 06:37:00,CUST-33292,PROD-6814,Noise ColorFit Pro 5 Smartwatch,Electronics,Noise,3999.0,51.8,1927.52,1,1927.52,52.04,West Bengal,Siliguri,Credit Card,4.5,1,0
BBD-0111941,2025-11-08 22:07:00,CUST-89986,PROD-8409,Zara Textured Casual Shirt,Fashion,Zara,2990.0,21.7,2341.17,3,7023.51,1819.54,Delhi,New Delhi,EMI,4.0,3,1
BBD-0111942,2025-10-19 15:49:00,CUST-79451,PROD-8595,IFB 6.5kg Top Load Washer,Appliances,IFB,21990.0,28.7,15678.87,1,15678.87,668.36,Telangana,Warangal,Debit Card,3.5,2,0
BBD-0111943,2025-11-11 00:00:00,CUST-50518,PROD-9252,Levi's 511 Slim Fit Jeans,Fashion,Levi's,3999.0,43.2,2271.43,1,2271.43,498.85,Maharashtra,Pune,Cash on Delivery,4.5,2,0
BBD-0111944,2025-11-05 23:32:00,CUST-51259,PROD-0694,Bajaj New Shakti Neo Water Heater,Home & Kitchen,Bajaj,6999.0,36.6,4437.37,1,4437.37,589.82,Kerala,Kochi,UPI,5.0,1,0
BBD-0111945,2025-10-20 17:58:00,CUST-71829,PROD-2480,Allen Solly Formal Trousers,Fashion,Allen Solly,2499.0,31.8,1704.32,2,3408.64,859.92,Telangana,Warangal,Credit Card,5.0,4,0
BBD-0111946,2025-10-24 21:24:00,CUST-20409,PROD-9252,Levi's 511 Slim Fit Jeans,Fashion,Levi's,3999.0,45.6,2175.46,2,4350.92,942.05,Maharashtra,Mumbai,Credit Card,5.0,5,0
BBD-0111947,2025-10-25 08:49:00,CUST-28399,PROD-8347,FabIndia Cotton Printed Saree,Fashion,FabIndia,4990.0,40.1,2989.01,1,2989.01,671.28,Rajasthan,Jodhpur,Cash on Delivery,5.0,1,0
BBD-0111948,2025-11-18 19:27:00,CUST-70537,PROD-5353,Samsung Galaxy S24 5G,Mobiles,Samsung,74999.0,21.4,58949.21,1,58949.21,2238.73,Gujarat,Surat,UPI,2.0,2,0
BBD-0111949,2025-11-11 16:06:00,CUST-52401,PROD-0023,Philips Digital Air Fryer,Home & Kitchen,Philips,10995.0,32.6,7410.63,2,14821.26,2503.55,Haryana,Panipat,Debit Card,4.0,2,0
BBD-0111950,2025-11-11 22:35:00,CUST-63792,PROD-4226,JBL Flip 6 Bluetooth Speaker,Electronics,JBL,11999.0,24.2,9095.24,1,9095.24,1001.7,Gujarat,Surat,Credit Card,3.0,5,0
BBD-0111951,2025-10-27 21:42:00,CUST-56498,PROD-7214,Realme 12 Pro+ 5G,Mobiles,Realme,29999.0,22.3,23309.22,1,23309.22,510.51,Kerala,Kochi,UPI,4.5,1,0
BBD-0111952,2025-10-28 23:24:00,CUST-33501,PROD-1712,Prestige Iris 750W Mixer Grinder,Home & Kitchen,Prestige,4295.0,37.5,2684.38,1,2684.38,443.84,West Bengal,Durgapur,UPI,5.0,2,0
BBD-0111953,2025-11-04 04:33:00,CUST-53877,PROD-5846,Boat Nirvana Ion Earbuds,Electronics,boAt,4990.0,56.8,2155.68,2,4311.36,231.31,Tamil Nadu,Chennai,Debit Card,5.0,3,0
BBD-0111954,2025-11-03 22:06:00,CUST-36689,PROD-5910,LG 43-inch UHD Smart TV,Electronics,LG,38990.0,40.9,23043.09,1,23043.09,1434.89,Haryana,Panipat,Net Banking,3.5,2,0
BBD-0111955,2025-10-22 07:44:00,CUST-44390,PROD-5846,Boat Nirvana Ion Earbuds,Electronics,boAt,4990.0,70.3,1482.03,1,1482.03,29.64,Telangana,Warangal,Credit Card,4.5,3,0
BBD-0111956,2025-11-19 22:22:00,CUST-34476,PROD-5846,Boat Nirvana Ion Earbuds,Electronics,boAt,4990.0,63.8,1806.38,1,1806.38,42.05,Gujarat,Vadodara,UPI,5.0,3,0
BBD-0111957,2025-11-15 12:09:00,CUST-60739,PROD-6082,Samsung 55-inch 4K Smart TV,Electronics,Samsung,54990.0,34.4,36073.44,1,36073.44,3360.85,Gujarat,Surat,Debit Card,5.0,6,0
BBD-0111958,2025-11-09 11:26:00,CUST-35288,PROD-8021,POCO X6 Pro 5G,Mobiles,POCO,24999.0,23.6,19099.24,1,19099.24,381.98,Kerala,Thiruvananthapuram,UPI,3.5,2,0
BBD-0111959,2025-11-06 13:32:00,CUST-61248,PROD-2480,Allen Solly Formal Trousers,Fashion,Allen Solly,2499.0,35.2,1619.35,3,4858.05,1271.39,Karnataka,Mysore,Credit Card,5.0,2,0
BBD-0111960,2025-10-25 01:50:00,CUST-15341,PROD-1712,Prestige Iris 750W Mixer Grinder,Home & Kitchen,Prestige,4295.0,51.3,2091.66,1,2091.66,223.46,Karnataka,Mangalore,UPI,5.0,4,0
BBD-0111961,2025-11-15 09:11:00,CUST-17624,PROD-7725,Milton Thermosteel 1L Flask,Home & Kitchen,Milton,1150.0,25.3,859.05,1,859.05,148.13,Gujarat,Ahmedabad,UPI,1.0,2,0
BBD-0111962,2025-11-20 12:51:00,CUST-41946,PROD-8021,POCO X6 Pro 5G,Mobiles,POCO,24999.0,20.2,19949.2,1,19949.2,989.08,Uttar Pradesh,Noida,UPI,4.5,3,0
BBD-0111963,2025-11-07 20:59:00,CUST-72747,PROD-9252,Levi's 511 Slim Fit Jeans,Fashion,Levi's,3999.0,37.7,2491.38,4,9965.52,2427.71,Uttar Pradesh,Varanasi,UPI,4.0,2,0
BBD-0111964,2025-10-29 06:19:00,CUST-53131,PROD-7214,Realme 12 Pro+ 5G,Mobiles,Realme,29999.0,25.6,22319.26,1,22319.26,795.53,Telangana,Nizamabad,Debit Card,3.5,6,0
BBD-0111965,2025-11-07 08:36:00,CUST-58425,PROD-2480,Allen Solly Formal Trousers,Fashion,Allen Solly,2499.0,41.3,1466.91,1,1466.91,335.81,West Bengal,Siliguri,Debit Card,5.0,2,0
BBD-0111966,2025-11-01 14:51:00,CUST-28399,PROD-9399,Motorola Edge 50 Fusion,Mobiles,Motorola,22999.0,19.8,18445.2,1,18445.2,650.46,Kerala,Thiruvananthapuram,UPI,5.0,3,0
BBD-0111967,2025-11-17 04:09:00,CUST-78160,PROD-9235,Nike Air Max Impact Shoes,Fashion,Nike,7995.0,38.0,4956.9,3,14870.7,4045.03,Telangana,Hyderabad,Cash on Delivery,4.0,1,0
BBD-0111968,2025-10-18 12:24:00,CUST-64607,PROD-6157,Godrej 190L Direct Cool Refrigerator,Appliances,Godrej,16990.0,27.8,12266.78,1,12266.78,1267.23,Karnataka,Bangalore,UPI,5.0,1,0
BBD-0111969,2025-11-04 23:44:00,CUST-25291,PROD-5675,L'Oreal Paris Total Repair Hair Mask,Beauty & Grooming,L'Oreal,499.0,29.9,349.8,4,1399.2,416.61,Uttar Pradesh,Varanasi,UPI,3.5,1,0
BBD-0111970,2025-11-20 03:16:00,CUST-42934,PROD-8347,FabIndia Cotton Printed Saree,Fashion,FabIndia,4990.0,41.2,2934.12,1,2934.12,646.51,Uttar Pradesh,Noida,Credit Card,4.5,2,0
BBD-0111971,2025-11-10 03:10:00,CUST-51609,PROD-2993,Xiaomi Redmi Note 13 Pro,Mobiles,Xiaomi,25999.0,19.0,21059.19,1,21059.19,1425.09,Maharashtra,Nashik,Net Banking,5.0,2,0
BBD-0111972,2025-11-16 08:56:00,CUST-59645,PROD-6305,The Derma Co 1% Hyaluronic Sunscreen,Beauty & Grooming,The Derma Co,499.0,22.7,385.73,2,771.46,222.61,Telangana,Warangal,Credit Card,5.0,3,0
BBD-0111973,2025-10-16 09:58:00,CUST-75429,PROD-7214,Realme 12 Pro+ 5G,Mobiles,Realme,29999.0,19.1,24269.19,1,24269.19,485.38,Delhi,New Delhi,Debit Card,4.5,3,0
BBD-0111974,2025-10-19 20:21:00,CUST-11610,PROD-1208,Adidas Originals Trefoil Hoodie,Fashion,Adidas,4599.0,35.6,2961.76,3,8885.28,2339.58,Telangana,Warangal,UPI,4.5,2,1
BBD-0111975,2025-11-09 11:17:00,CUST-14335,PROD-6098,OnePlus 12R,Mobiles,OnePlus,39999.0,17.7,32919.18,1,32919.18,658.38,Maharashtra,Mumbai,Credit Card,5.0,2,0
BBD-0111976,2025-11-19 17:23:00,CUST-82575,PROD-2875,Dell Inspiron 15 Laptop,Electronics,Dell,56990.0,19.8,45705.98,1,45705.98,5860.92,West Bengal,Durgapur,UPI,4.0,1,0
BBD-0111977,2025-11-15 07:57:00,CUST-75919,PROD-8482,Kent Grand Plus RO Water Purifier,Home & Kitchen,Kent,18500.0,16.8,15392.0,1,15392.0,3206.36,Telangana,Warangal,UPI,5.0,2,0
BBD-0111978,2025-10-20 01:07:00,CUST-64480,PROD-9399,Motorola Edge 50 Fusion,Mobiles,Motorola,22999.0,28.1,16536.28,1,16536.28,783.44,Karnataka,Mangalore,UPI,5.0,3,1
BBD-0111979,2025-10-29 13:43:00,CUST-69782,PROD-1462,Sony WH-1000XM5 Headphones,Electronics,Sony,29990.0,21.6,23512.16,1,23512.16,2736.77,Haryana,Faridabad,UPI,4.0,4,0
BBD-0111980,2025-10-31 05:41:00,CUST-27304,PROD-6157,Godrej 190L Direct Cool Refrigerator,Appliances,Godrej,16990.0,14.2,14577.42,2,29154.84,2671.48,Telangana,Nizamabad,UPI,3.5,2,0
BBD-0111981,2025-10-29 18:54:00,CUST-46735,PROD-0367,Whirlpool 265L Frost Free Refrigerator,Appliances,Whirlpool,32490.0,34.0,21443.4,1,21443.4,989.27,Telangana,Hyderabad,Credit Card,4.0,1,0
BBD-0111982,2025-11-02 08:53:00,CUST-96587,PROD-8409,Zara Textured Casual Shirt,Fashion,Zara,2990.0,35.6,1925.56,3,5776.68,1557.81,Uttar Pradesh,Noida,Cash on Delivery,3.0,1,0
BBD-0111983,2025-11-07 15:53:00,CUST-78360,PROD-8021,POCO X6 Pro 5G,Mobiles,POCO,24999.0,21.1,19724.21,1,19724.21,971.59,Kerala,Kochi,UPI,5.0,3,0
BBD-0111984,2025-11-11 09:34:00,CUST-90132,PROD-7356,Biba Women Embroidered Kurta,Fashion,Biba,3299.0,58.7,1362.49,2,2724.98,553.75,Delhi,North Delhi,UPI,3.5,4,0
BBD-0111985,2025-11-18 03:03:00,CUST-86781,PROD-5675,L'Oreal Paris Total Repair Hair Mask,Beauty & Grooming,L'Oreal,499.0,31.4,342.31,2,684.62,185.2,Uttar Pradesh,Agra,UPI,5.0,2,0
BBD-0111986,2025-11-14 11:55:00,CUST-26571,PROD-4226,JBL Flip 6 Bluetooth Speaker,Electronics,JBL,11999.0,25.7,8915.26,1,8915.26,866.07,Telangana,Hyderabad,Debit Card,5.0,2,0
BBD-0111987,2025-11-12 15:38:00,CUST-43140,PROD-8347,FabIndia Cotton Printed Saree,Fashion,FabIndia,4990.0,25.8,3702.58,1,3702.58,940.86,Karnataka,Mysore,UPI,1.0,2,0
BBD-0111988,2025-11-17 22:24:00,CUST-75120,PROD-6814,Noise ColorFit Pro 5 Smartwatch,Electronics,Noise,3999.0,55.7,1771.56,1,1771.56,118.22,Gujarat,Rajkot,Credit Card,5.0,1,0
BBD-0111989,2025-10-20 15:11:00,CUST-69402,PROD-8595,IFB 6.5kg Top Load Washer,Appliances,IFB,21990.0,19.8,17635.98,1,17635.98,1326.61,Telangana,Nizamabad,UPI,4.5,1,0
BBD-0111990,2025-11-14 05:51:00,CUST-88950,PROD-8347,FabIndia Cotton Printed Saree,Fashion,FabIndia,4990.0,24.0,3792.4,1,3792.4,1126.34,Tamil Nadu,Coimbatore,UPI,4.5,3,0
BBD-0111991,2025-11-01 23:26:00,CUST-45322,PROD-7725,Milton Thermosteel 1L Flask,Home & Kitchen,Milton,1150.0,23.1,884.35,1,884.35,143.61,Karnataka,Hubli,Credit Card,5.0,2,0
BBD-0111992,2025-11-01 02:47:00,CUST-25722,PROD-5910,LG 43-inch UHD Smart TV,Electronics,LG,38990.0,32.7,26240.27,2,52480.54,2910.18,Maharashtra,Mumbai,UPI,4.0,2,0
BBD-0111993,2025-11-14 23:14:00,CUST-85736,PROD-8021,POCO X6 Pro 5G,Mobiles,POCO,24999.0,31.0,17249.31,1,17249.31,344.99,Karnataka,Bangalore,UPI,5.0,2,0
BBD-0111994,2025-10-18 01:28:00,CUST-24102,PROD-5353,Samsung Galaxy S24 5G,Mobiles,Samsung,74999.0,14.3,64274.14,1,64274.14,4337.44,Kerala,Kochi,Cash on Delivery,3.5,1,0
BBD-0111995,2025-10-28 04:24:00,CUST-69398,PROD-2897,Bombay Shaving Co Grooming Kit,Beauty & Grooming,Bombay Shaving Co,1499.0,45.6,815.46,1,815.46,226.73,West Bengal,Kolkata,UPI,5.0,1,0
BBD-0111996,2025-10-19 11:25:00,CUST-75925,PROD-9235,Nike Air Max Impact Shoes,Fashion,Nike,7995.0,36.2,5100.81,1,5100.81,1432.33,Gujarat,Rajkot,Debit Card,5.0,2,0
BBD-0111997,2025-10-27 10:37:00,CUST-87209,PROD-9399,Motorola Edge 50 Fusion,Mobiles,Motorola,22999.0,29.4,16237.29,1,16237.29,457.99,Tamil Nadu,Coimbatore,UPI,5.0,3,0
BBD-0111998,2025-11-20 17:27:00,CUST-80207,PROD-2993,Xiaomi Redmi Note 13 Pro,Mobiles,Xiaomi,25999.0,26.7,19057.27,1,19057.27,381.15,Telangana,Warangal,UPI,5.0,5,0
BBD-0111999,2025-11-01 03:00:00,CUST-12177,PROD-1208,Adidas Originals Trefoil Hoodie,Fashion,Adidas,4599.0,32.9,3085.93,1,3085.93,749.11,Karnataka,Mangalore,UPI,5.0,3,1
BBD-0112000,2025-10-22 11:14:00,CUST-38628,PROD-6305,The Derma Co 1% Hyaluronic Sunscreen,Beauty & Grooming,The Derma Co,499.0,11.0,444.11,1,444.11,159.88,Uttar Pradesh,Kanpur,Credit Card,5.0,4,0
BBD-0112001,2025-11-01 21:08:00,CUST-22538,PROD-1462,Sony WH-1000XM5 Headphones,Electronics,Sony,29990.0,18.6,24411.86,1,24411.86,2652.0,Maharashtra,Nagpur,Debit Card,5.0,7,0
BBD-0112002,2025-11-04 09:35:00,CUST-92802,PROD-2405,HP Pavilion Gaming Laptop,Electronics,HP,68990.0,24.3,52225.43,1,52225.43,4433.11,Rajasthan,Kota,UPI,5.0,1,0
BBD-0112003,2025-11-13 11:15:00,CUST-47926,PROD-2405,HP Pavilion Gaming Laptop,Electronics,HP,68990.0,16.8,57399.68,2,114799.36,16220.94,Maharashtra,Nagpur,Debit Card,2.0,2,0
BBD-0112004,2025-11-01 14:58:00,CUST-78229,PROD-5910,LG 43-inch UHD Smart TV,Electronics,LG,38990.0,26.1,28813.61,2,57627.22,6575.67,Karnataka,Hubli,Net Banking,5.0,2,0
BBD-0112005,2025-10-20 17:10:00,CUST-25592,PROD-6814,Noise ColorFit Pro 5 Smartwatch,Electronics,Noise,3999.0,52.5,1899.52,1,1899.52,79.89,Karnataka,Mangalore,UPI,5.0,3,0
BBD-0112006,2025-11-11 06:17:00,CUST-38708,PROD-4226,JBL Flip 6 Bluetooth Speaker,Electronics,JBL,11999.0,26.7,8795.27,1,8795.27,595.89,Delhi,New Delhi,Credit Card,3.0,3,0
BBD-0112007,2025-11-04 07:03:00,CUST-82957,PROD-4226,JBL Flip 6 Bluetooth Speaker,Electronics,JBL,11999.0,28.0,8639.28,1,8639.28,892.67,Rajasthan,Jaipur,UPI,5.0,1,0
BBD-0112008,2025-11-10 15:28:00,CUST-72855,PROD-2993,Xiaomi Redmi Note 13 Pro,Mobiles,Xiaomi,25999.0,32.7,17497.33,1,17497.33,349.95,Kerala,Kochi,UPI,5.0,1,0
BBD-0112009,2025-10-17 14:00:00,CUST-10891,PROD-2993,Xiaomi Redmi Note 13 Pro,Mobiles,Xiaomi,25999.0,16.3,21761.16,1,21761.16,435.22,Tamil Nadu,Salem,Net Banking,5.0,2,0
BBD-0112010,2025-10-26 06:21:00,CUST-63889,PROD-8627,Apple iPad 10th Gen,Electronics,Apple,39900.0,17.2,33037.2,1,33037.2,4540.44,Gujarat,Rajkot,Credit Card,4.5,2,0
BBD-0112011,2025-11-01 02:27:00,CUST-93680,PROD-7725,Milton Thermosteel 1L Flask,Home & Kitchen,Milton,1150.0,16.0,966.0,1,966.0,192.26,West Bengal,Siliguri,Credit Card,3.0,3,1
BBD-0112012,2025-11-13 23:19:00,CUST-58707,PROD-7214,Realme 12 Pro+ 5G,Mobiles,Realme,29999.0,31.3,20609.31,1,20609.31,412.19,Gujarat,Surat,Credit Card,5.0,3,0
BBD-0112013,2025-10-18 17:44:00,CUST-19344,PROD-8482,Kent Grand Plus RO Water Purifier,Home & Kitchen,Kent,18500.0,33.2,12358.0,1,12358.0,1690.49,Kerala,Kochi,Cash on Delivery,5.0,5,0
BBD-0112014,2025-10-16 17:22:00,CUST-41364,PROD-6082,Samsung 55-inch 4K Smart TV,Electronics,Samsung,54990.0,35.9,35248.59,2,70497.18,3726.08,Kerala,Thiruvananthapuram,Credit Card,5.0,5,0
BBD-0112015,2025-11-08 01:48:00,CUST-77789,PROD-3168,Puma Men Motorsport Sneakers,Fashion,Puma,5499.0,44.8,3035.45,1,3035.45,815.89,Maharashtra,Nagpur,Credit Card,5.0,6,0
BBD-0112016,2025-11-03 19:58:00,CUST-58902,PROD-6082,Samsung 55-inch 4K Smart TV,Electronics,Samsung,54990.0,46.7,29309.67,1,29309.67,1076.02,Haryana,Faridabad,UPI,5.0,2,0
BBD-0112017,2025-11-16 00:49:00,CUST-40334,PROD-6098,OnePlus 12R,Mobiles,OnePlus,39999.0,12.9,34839.13,1,34839.13,2773.25,Rajasthan,Jodhpur,EMI,3.0,1,0
BBD-0112018,2025-11-13 06:49:00,CUST-28214,PROD-5675,L'Oreal Paris Total Repair Hair Mask,Beauty & Grooming,L'Oreal,499.0,25.9,369.76,1,369.76,103.77,Uttar Pradesh,Kanpur,Credit Card,4.0,3,0
BBD-0112019,2025-10-17 16:54:00,CUST-94587,PROD-5353,Samsung Galaxy S24 5G,Mobiles,Samsung,74999.0,28.3,53774.28,1,53774.28,2583.54,West Bengal,Kolkata,UPI,5.0,3,0
BBD-0112020,2025-10-18 23:43:00,CUST-60831,PROD-4226,JBL Flip 6 Bluetooth Speaker,Electronics,JBL,11999.0,28.2,8615.28,1,8615.28,819.8,Delhi,West Delhi,UPI,3.5,2,0
BBD-0112021,2025-10-24 01:57:00,CUST-12474,PROD-9252,Levi's 511 Slim Fit Jeans,Fashion,Levi's,3999.0,35.6,2575.36,2,5150.72,1340.91,Rajasthan,Kota,Cash on Delivery,5.0,2,0
BBD-0112022,2025-10-21 09:44:00,CUST-72841,PROD-1712,Prestige Iris 750W Mixer Grinder,Home & Kitchen,Prestige,4295.0,48.7,2203.33,1,2203.33,288.91,Delhi,North Delhi,UPI,4.5,2,0
BBD-0112023,2025-11-06 06:53:00,CUST-79098,PROD-2405,HP Pavilion Gaming Laptop,Electronics,HP,68990.0,28.1,49603.81,3,148811.43,13326.45,Maharashtra,Nashik,Credit Card,4.5,2,0
BBD-0112024,2025-10-23 04:16:00,CUST-84152,PROD-7214,Realme 12 Pro+ 5G,Mobiles,Realme,29999.0,19.0,24299.19,1,24299.19,1039.36,Haryana,Panipat,Credit Card,5.0,1,0
BBD-0112025,2025-10-20 22:10:00,CUST-49141,PROD-2405,HP Pavilion Gaming Laptop,Electronics,HP,68990.0,26.8,50500.68,1,50500.68,5986.79,West Bengal,Durgapur,UPI,5.0,4,0
BBD-0112026,2025-11-20 07:37:00,CUST-95657,PROD-9235,Nike Air Max Impact Shoes,Fashion,Nike,7995.0,34.5,5236.73,1,5236.73,1341.21,Telangana,Warangal,Credit Card,3.5,5,0
BBD-0112027,2025-10-25 11:46:00,CUST-50988,PROD-6305,The Derma Co 1% Hyaluronic Sunscreen,Beauty & Grooming,The Derma Co,499.0,22.2,388.22,1,388.22,112.24,Delhi,South Delhi,UPI,4.5,3,0
BBD-0112028,2025-10-22 14:51:00,CUST-63301,PROD-8482,Kent Grand Plus RO Water Purifier,Home & Kitchen,Kent,18500.0,21.3,14559.5,1,14559.5,2488.29,Rajasthan,Kota,Credit Card,3.0,1,0
BBD-0112029,2025-11-04 03:51:00,CUST-80157,PROD-5353,Samsung Galaxy S24 5G,Mobiles,Samsung,74999.0,17.7,61724.18,2,123448.36,2938.79,Tamil Nadu,Coimbatore,Credit Card,4.0,2,0
BBD-0112030,2025-11-15 12:38:00,CUST-18655,PROD-5675,L'Oreal Paris Total Repair Hair Mask,Beauty & Grooming,L'Oreal,499.0,20.5,396.71,1,396.71,115.99,Kerala,Thiruvananthapuram,Credit Card,5.0,2,0
BBD-0112031,2025-11-03 03:03:00,CUST-27675,PROD-2405,HP Pavilion Gaming Laptop,Electronics,HP,68990.0,20.0,55192.0,1,55192.0,5798.2,West Bengal,Durgapur,UPI,5.0,2,0
BBD-0112032,2025-10-31 23:35:00,CUST-47497,PROD-8409,Zara Textured Casual Shirt,Fashion,Zara,2990.0,25.5,2227.55,2,4455.1,1116.82,Tamil Nadu,Madurai,EMI,4.5,3,1
BBD-0112033,2025-11-14 17:35:00,CUST-99793,PROD-8409,Zara Textured Casual Shirt,Fashion,Zara,2990.0,33.6,1985.36,3,5956.08,1479.63,Uttar Pradesh,Kanpur,Credit Card,3.5,1,0
BBD-0112034,2025-11-02 21:07:00,CUST-25077,PROD-1208,Adidas Originals Trefoil Hoodie,Fashion,Adidas,4599.0,35.1,2984.75,1,2984.75,848.57,Telangana,Warangal,Net Banking,4.5,3,0
BBD-0112035,2025-11-12 21:03:00,CUST-62200,PROD-5305,Maybelline New York Matte Lipstick,Beauty & Grooming,Maybelline,449.0,26.1,331.81,2,663.62,205.04,Delhi,South Delhi,EMI,5.0,1,0
BBD-0112036,2025-11-14 12:20:00,CUST-85507,PROD-3168,Puma Men Motorsport Sneakers,Fashion,Puma,5499.0,54.0,2529.54,1,2529.54,604.06,Gujarat,Ahmedabad,UPI,4.5,1,0
BBD-0112037,2025-11-20 11:03:00,CUST-15289,PROD-5675,L'Oreal Paris Total Repair Hair Mask,Beauty & Grooming,L'Oreal,499.0,18.8,405.19,1,405.19,137.37,Haryana,Panipat,Cash on Delivery,3.0,5,0
BBD-0112038,2025-11-13 10:15:00,CUST-42293,PROD-9252,Levi's 511 Slim Fit Jeans,Fashion,Levi's,3999.0,49.5,2019.5,1,2019.5,499.83,Maharashtra,Mumbai,UPI,5.0,1,0
BBD-0112039,2025-10-26 09:52:00,CUST-32208,PROD-5305,Maybelline New York Matte Lipstick,Beauty & Grooming,Maybelline,449.0,38.5,276.13,4,1104.52,281.45,Delhi,New Delhi,Debit Card,4.5,2,0
BBD-0112040,2025-10-30 08:02:00,CUST-29997,PROD-1208,Adidas Originals Trefoil Hoodie,Fashion,Adidas,4599.0,43.6,2593.84,1,2593.84,648.74,Delhi,New Delhi,UPI,4.5,2,0
BBD-0112041,2025-10-25 14:13:00,CUST-31682,PROD-9632,Google Pixel 8a,Mobiles,Google,52999.0,24.1,40226.24,1,40226.24,1898.45,Delhi,South Delhi,Debit Card,5.0,2,0
BBD-0112042,2025-11-15 23:45:00,CUST-37204,PROD-9235,Nike Air Max Impact Shoes,Fashion,Nike,7995.0,34.3,5252.72,1,5252.72,1237.19,Telangana,Nizamabad,UPI,5.0,2,0
BBD-0112043,2025-11-14 00:43:00,CUST-81389,PROD-5353,Samsung Galaxy S24 5G,Mobiles,Samsung,74999.0,27.3,54524.27,1,54524.27,1090.49,Karnataka,Mangalore,UPI,5.0,4,0
BBD-0112044,2025-11-19 17:32:00,CUST-63676,PROD-2993,Xiaomi Redmi Note 13 Pro,Mobiles,Xiaomi,25999.0,21.1,20513.21,1,20513.21,1003.48,Karnataka,Hubli,UPI,5.0,2,0
BBD-0112045,2025-11-02 05:54:00,CUST-74227,PROD-5846,Boat Nirvana Ion Earbuds,Electronics,boAt,4990.0,64.4,1776.44,1,1776.44,60.21,Uttar Pradesh,Noida,Credit Card,4.5,3,0
BBD-0112046,2025-11-01 13:08:00,CUST-88569,PROD-8482,Kent Grand Plus RO Water Purifier,Home & Kitchen,Kent,18500.0,26.3,13634.5,1,13634.5,2427.97,Karnataka,Bangalore,Debit Card,4.0,1,0
BBD-0112047,2025-11-20 05:40:00,CUST-91597,PROD-0023,Philips Digital Air Fryer,Home & Kitchen,Philips,10995.0,29.4,7762.47,1,7762.47,1347.75,Haryana,Faridabad,UPI,4.5,1,0
BBD-0112048,2025-11-03 03:21:00,CUST-54725,PROD-6082,Samsung 55-inch 4K Smart TV,Electronics,Samsung,54990.0,36.9,34698.69,1,34698.69,3630.04,Gujarat,Vadodara,Debit Card,4.5,1,0
BBD-0112049,2025-11-16 01:03:00,CUST-45093,PROD-6684,Apple iPhone 15 (128GB),Mobiles,Apple,79900.0,18.6,65038.6,1,65038.6,4121.17,Karnataka,Hubli,Credit Card,4.0,3,0
BBD-0112050,2025-11-11 11:14:00,CUST-54924,PROD-9632,Google Pixel 8a,Mobiles,Google,52999.0,18.0,43459.18,1,43459.18,2520.42,Rajasthan,Jodhpur,UPI,3.5,3,0
BBD-0112051,2025-11-05 10:40:00,CUST-95895,PROD-6082,Samsung 55-inch 4K Smart TV,Electronics,Samsung,54990.0,45.8,29804.58,1,29804.58,2266.51,Tamil Nadu,Salem,Cash on Delivery,4.5,2,0
BBD-0112052,2025-10-20 18:10:00,CUST-65306,PROD-6157,Godrej 190L Direct Cool Refrigerator,Appliances,Godrej,16990.0,16.1,14254.61,1,14254.61,1807.14,Uttar Pradesh,Agra,UPI,4.0,2,0
BBD-0112053,2025-11-11 03:59:00,CUST-27404,PROD-9252,Levi's 511 Slim Fit Jeans,Fashion,Levi's,3999.0,39.7,2411.4,1,2411.4,595.37,Tamil Nadu,Chennai,Net Banking,5.0,3,0
BBD-0112054,2025-10-21 16:30:00,CUST-33464,PROD-8595,IFB 6.5kg Top Load Washer,Appliances,IFB,21990.0,27.2,16008.72,1,16008.72,1156.1,Delhi,New Delhi,Debit Card,5.0,7,0
BBD-0112055,2025-11-03 23:18:00,CUST-52663,PROD-5910,LG 43-inch UHD Smart TV,Electronics,LG,38990.0,27.9,28111.79,1,28111.79,3172.85,Kerala,Kozhikode,EMI,5.0,7,1
BBD-0112056,2025-10-23 00:20:00,CUST-64019,PROD-5353,Samsung Galaxy S24 5G,Mobiles,Samsung,74999.0,20.9,59324.21,1,59324.21,2833.25,Karnataka,Bangalore,UPI,4.0,3,0
BBD-0112057,2025-11-09 09:08:00,CUST-36597,PROD-1712,Prestige Iris 750W Mixer Grinder,Home & Kitchen,Prestige,4295.0,50.8,2113.14,1,2113.14,306.46,Gujarat,Vadodara,UPI,4.5,2,0
BBD-0112058,2025-10-17 17:28:00,CUST-70415,PROD-5846,Boat Nirvana Ion Earbuds,Electronics,boAt,4990.0,65.2,1736.52,2,3473.04,99.11,Maharashtra,Nashik,Debit Card,4.5,3,0
BBD-0112059,2025-10-27 17:53:00,CUST-60698,PROD-6684,Apple iPhone 15 (128GB),Mobiles,Apple,79900.0,24.7,60164.7,1,60164.7,1203.29,Maharashtra,Nagpur,Credit Card,5.0,2,0
BBD-0112060,2025-11-09 23:37:00,CUST-16842,PROD-8595,IFB 6.5kg Top Load Washer,Appliances,IFB,21990.0,27.5,15942.75,1,15942.75,1481.7,Gujarat,Vadodara,UPI,5.0,4,0
BBD-0112061,2025-11-06 05:40:00,CUST-30965,PROD-9632,Google Pixel 8a,Mobiles,Google,52999.0,26.4,39007.26,1,39007.26,1788.61,Tamil Nadu,Madurai,UPI,4.5,1,0
BBD-0112062,2025-11-13 15:11:00,CUST-86554,PROD-9760,Wakefit Orthopedic Memory Mattress,Home & Kitchen,Wakefit,12499.0,28.7,8911.79,1,8911.79,1567.45,Delhi,West Delhi,Credit Card,3.5,2,0
BBD-0112063,2025-11-14 07:02:00,CUST-16508,PROD-2405,HP Pavilion Gaming Laptop,Electronics,HP,68990.0,22.4,53536.24,1,53536.24,5733.43,Gujarat,Ahmedabad,Credit Card,3.5,2,0
BBD-0112064,2025-10-16 16:54:00,CUST-57614,PROD-1208,Adidas Originals Trefoil Hoodie,Fashion,Adidas,4599.0,41.6,2685.82,1,2685.82,699.53,Kerala,Thiruvananthapuram,UPI,4.0,2,0
BBD-0112065,2025-11-09 04:01:00,CUST-55694,PROD-9632,Google Pixel 8a,Mobiles,Google,52999.0,14.5,45314.14,1,45314.14,2406.93,Delhi,New Delhi,UPI,3.0,2,0
BBD-0112066,2025-10-23 12:29:00,CUST-27897,PROD-6082,Samsung 55-inch 4K Smart TV,Electronics,Samsung,54990.0,42.3,31729.23,1,31729.23,1265.88,Delhi,North Delhi,Credit Card,5.0,4,0
BBD-0112067,2025-11-09 00:39:00,CUST-48455,PROD-7180,Philips Series 3000 Beard Trimmer,Beauty & Grooming,Philips,1895.0,25.6,1409.88,1,1409.88,423.13,Delhi,New Delhi,UPI,4.5,4,0
BBD-0112068,2025-11-14 15:30:00,CUST-21913,PROD-2875,Dell Inspiron 15 Laptop,Electronics,Dell,56990.0,24.7,42913.47,1,42913.47,4547.9,Haryana,Gurgaon,Credit Card,5.0,3,0
BBD-0112069,2025-10-28 17:40:00,CUST-94730,PROD-5910,LG 43-inch UHD Smart TV,Electronics,LG,38990.0,28.7,27799.87,1,27799.87,2446.7,Maharashtra,Nashik,EMI,5.0,1,0
BBD-0112070,2025-11-05 04:52:00,CUST-50764,PROD-5675,L'Oreal Paris Total Repair Hair Mask,Beauty & Grooming,L'Oreal,499.0,16.0,419.16,1,419.16,131.84,Telangana,Nizamabad,Cash on Delivery,5.0,6,0
BBD-0112071,2025-10-30 00:55:00,CUST-24092,PROD-8021,POCO X6 Pro 5G,Mobiles,POCO,24999.0,21.4,19649.21,1,19649.21,755.97,Haryana,Gurgaon,Net Banking,2.0,1,1
BBD-0112072,2025-10-31 08:22:00,CUST-27878,PROD-9399,Motorola Edge 50 Fusion,Mobiles,Motorola,22999.0,14.3,19710.14,1,19710.14,1459.92,Gujarat,Rajkot,UPI,5.0,4,0
BBD-0112073,2025-11-14 04:22:00,CUST-82841,PROD-1462,Sony WH-1000XM5 Headphones,Electronics,Sony,29990.0,29.1,21262.91,2,42525.82,4599.55,Telangana,Nizamabad,Cash on Delivery,4.0,7,0
BBD-0112074,2025-10-18 03:55:00,CUST-71595,PROD-5910,LG 43-inch UHD Smart TV,Electronics,LG,38990.0,40.8,23082.08,1,23082.08,1248.81,Tamil Nadu,Chennai,Credit Card,5.0,3,0
BBD-0112075,2025-11-16 01:48:00,CUST-83159,PROD-6098,OnePlus 12R,Mobiles,OnePlus,39999.0,15.8,33679.16,2,67358.32,3930.25,West Bengal,Siliguri,Credit Card,4.0,2,0
BBD-0112076,2025-10-29 07:05:00,CUST-29997,PROD-6684,Apple iPhone 15 (128GB),Mobiles,Apple,79900.0,17.3,66077.3,1,66077.3,3342.52,West Bengal,Kolkata,UPI,5.0,2,0
BBD-0112077,2025-11-09 05:32:00,CUST-53103,PROD-9399,Motorola Edge 50 Fusion,Mobiles,Motorola,22999.0,23.4,17617.23,1,17617.23,352.34,Karnataka,Bangalore,UPI,3.0,1,0
BBD-0112078,2025-11-07 17:40:00,CUST-44451,PROD-8021,POCO X6 Pro 5G,Mobiles,POCO,24999.0,23.8,19049.24,1,19049.24,773.24,West Bengal,Siliguri,Debit Card,4.5,1,0
BBD-0112079,2025-11-16 14:33:00,CUST-31833,PROD-7725,Milton Thermosteel 1L Flask,Home & Kitchen,Milton,1150.0,30.0,805.0,2,1610.0,227.65,Haryana,Panipat,Net Banking,4.5,5,0
BBD-0112080,2025-11-11 14:08:00,CUST-58214,PROD-6082,Samsung 55-inch 4K Smart TV,Electronics,Samsung,54990.0,31.1,37888.11,2,75776.22,5171.03,Gujarat,Vadodara,UPI,5.0,2,0
BBD-0112081,2025-11-13 00:56:00,CUST-69456,PROD-3168,Puma Men Motorsport Sneakers,Fashion,Puma,5499.0,47.4,2892.47,1,2892.47,720.81,Telangana,Hyderabad,UPI,3.5,1,0
BBD-0112082,2025-11-09 14:10:00,CUST-60352,PROD-8347,FabIndia Cotton Printed Saree,Fashion,FabIndia,4990.0,40.8,2954.08,2,5908.16,1311.65,Telangana,Nizamabad,Credit Card,5.0,1,0
BBD-0112083,2025-11-09 07:47:00,CUST-90456,PROD-6098,OnePlus 12R,Mobiles,OnePlus,39999.0,17.9,32839.18,1,32839.18,1738.44,Delhi,South Delhi,Net Banking,4.5,3,0
BBD-0112084,2025-11-16 20:30:00,CUST-28703,PROD-4226,JBL Flip 6 Bluetooth Speaker,Electronics,JBL,11999.0,19.8,9623.2,1,9623.2,880.87,Maharashtra,Nashik,Cash on Delivery,4.0,3,0
BBD-0112085,2025-11-09 00:12:00,CUST-93090,PROD-1462,Sony WH-1000XM5 Headphones,Electronics,Sony,29990.0,16.1,25161.61,1,25161.61,2946.43,West Bengal,Kolkata,Credit Card,5.0,5,0
BBD-0112086,2025-10-22 13:58:00,CUST-15289,PROD-0694,Bajaj New Shakti Neo Water Heater,Home & Kitchen,Bajaj,6999.0,32.2,4745.32,1,4745.32,672.86,West Bengal,Durgapur,UPI,4.5,4,0
BBD-0112087,2025-11-08 08:41:00,CUST-85027,PROD-5846,Boat Nirvana Ion Earbuds,Electronics,boAt,4990.0,71.2,1437.12,1,1437.12,28.74,West Bengal,Howrah,Cash on Delivery,4.5,1,0
BBD-0112088,2025-10-20 16:46:00,CUST-47190,PROD-2405,HP Pavilion Gaming Laptop,Electronics,HP,68990.0,27.2,50224.72,1,50224.72,5841.43,Rajasthan,Jaipur,Debit Card,4.5,3,0
BBD-0112089,2025-11-20 02:55:00,CUST-14727,PROD-2480,Allen Solly Formal Trousers,Fashion,Allen Solly,2499.0,32.6,1684.33,1,1684.33,467.95,Karnataka,Bangalore,Credit Card,5.0,4,0
BBD-0112090,2025-11-20 04:08:00,CUST-99221,PROD-6098,OnePlus 12R,Mobiles,OnePlus,39999.0,13.1,34759.13,1,34759.13,1274.02,Uttar Pradesh,Kanpur,UPI,4.5,2,0
BBD-0112091,2025-11-15 01:32:00,CUST-58450,PROD-8482,Kent Grand Plus RO Water Purifier,Home & Kitchen,Kent,18500.0,27.4,13431.0,1,13431.0,2465.54,Telangana,Hyderabad,Credit Card,5.0,3,0
BBD-0112092,2025-10-22 06:22:00,CUST-75019,PROD-0367,Whirlpool 265L Frost Free Refrigerator,Appliances,Whirlpool,32490.0,19.3,26219.43,1,26219.43,2213.78,Tamil Nadu,Chennai,UPI,4.0,3,0
BBD-0112093,2025-11-10 16:16:00,CUST-67368,PROD-8482,Kent Grand Plus RO Water Purifier,Home & Kitchen,Kent,18500.0,28.5,13227.5,1,13227.5,2089.01,Maharashtra,Nagpur,Credit Card,4.5,4,0
BBD-0112094,2025-10-29 00:20:00,CUST-79777,PROD-5846,Boat Nirvana Ion Earbuds,Electronics,boAt,4990.0,60.1,1991.01,1,1991.01,39.82,Karnataka,Bangalore,Credit Card,4.5,1,0
BBD-0112095,2025-10-26 22:52:00,CUST-23761,PROD-4226,JBL Flip 6 Bluetooth Speaker,Electronics,JBL,11999.0,28.8,8543.29,2,17086.58,1687.85,Rajasthan,Kota,UPI,5.0,2,0
BBD-0112096,2025-10-29 08:28:00,CUST-64308,PROD-8021,POCO X6 Pro 5G,Mobiles,POCO,24999.0,28.2,17949.28,2,35898.56,717.97,Maharashtra,Nashik,EMI,4.5,1,0
BBD-0112097,2025-11-16 11:20:00,CUST-34966,PROD-5305,Maybelline New York Matte Lipstick,Beauty & Grooming,Maybelline,449.0,40.9,265.36,1,265.36,79.77,Rajasthan,Jaipur,Net Banking,5.0,4,0
BBD-0112098,2025-11-07 08:32:00,CUST-75460,PROD-5846,Boat Nirvana Ion Earbuds,Electronics,boAt,4990.0,61.9,1901.19,1,1901.19,38.02,Maharashtra,Pune,Debit Card,3.5,5,0
BBD-0112099,2025-11-18 08:29:00,CUST-85539,PROD-8482,Kent Grand Plus RO Water Purifier,Home & Kitchen,Kent,18500.0,27.3,13449.5,1,13449.5,2170.88,Maharashtra,Pune,UPI,5.0,2,0
BBD-0112100,2025-11-17 17:18:00,CUST-87177,PROD-5910,LG 43-inch UHD Smart TV,Electronics,LG,38990.0,29.3,27565.93,1,27565.93,2616.45,Delhi,West Delhi,UPI,1.0,2,0
BBD-0112101,2025-11-11 13:14:00,CUST-18625,PROD-2993,Xiaomi Redmi Note 13 Pro,Mobiles,Xiaomi,25999.0,27.0,18979.27,1,18979.27,1012.99,Maharashtra,Mumbai,Credit Card,4.5,2,0
BBD-0112102,2025-11-07 05:14:00,CUST-83294,PROD-6684,Apple iPhone 15 (128GB),Mobiles,Apple,79900.0,26.5,58726.5,1,58726.5,1733.36,Tamil Nadu,Coimbatore,UPI,3.5,4,1
BBD-0112103,2025-11-17 22:13:00,CUST-69456,PROD-6098,OnePlus 12R,Mobiles,OnePlus,39999.0,6.9,37239.07,1,37239.07,2799.8,Kerala,Kozhikode,Cash on Delivery,3.5,6,0
BBD-0112104,2025-10-24 23:17:00,CUST-53893,PROD-2405,HP Pavilion Gaming Laptop,Electronics,HP,68990.0,31.0,47603.1,3,142809.3,14881.96,Rajasthan,Jaipur,Credit Card,5.0,3,0
BBD-0112105,2025-10-17 00:37:00,CUST-75447,PROD-9399,Motorola Edge 50 Fusion,Mobiles,Motorola,22999.0,26.4,16927.26,1,16927.26,384.39,Maharashtra,Nashik,Credit Card,3.5,2,0
BBD-0112106,2025-10-28 07:50:00,CUST-22744,PROD-0367,Whirlpool 265L Frost Free Refrigerator,Appliances,Whirlpool,32490.0,21.2,25602.12,1,25602.12,2731.53,Karnataka,Mysore,Credit Card,4.5,5,1
BBD-0112107,2025-10-29 10:19:00,CUST-17333,PROD-6814,Noise ColorFit Pro 5 Smartwatch,Electronics,Noise,3999.0,59.4,1623.59,1,1623.59,32.47,Kerala,Thiruvananthapuram,UPI,5.0,1,0
BBD-0112108,2025-11-09 06:17:00,CUST-38842,PROD-6098,OnePlus 12R,Mobiles,OnePlus,39999.0,20.5,31799.21,1,31799.21,2157.43,West Bengal,Siliguri,Debit Card,5.0,2,0
BBD-0112109,2025-10-26 10:22:00,CUST-70140,PROD-9235,Nike Air Max Impact Shoes,Fashion,Nike,7995.0,24.4,6044.22,4,24176.88,7085.14,Maharashtra,Pune,UPI,3.5,2,0
BBD-0112110,2025-11-19 07:45:00,CUST-38628,PROD-8021,POCO X6 Pro 5G,Mobiles,POCO,24999.0,19.2,20199.19,1,20199.19,1179.25,Rajasthan,Jodhpur,UPI,5.0,3,0
BBD-0112111,2025-11-11 10:13:00,CUST-16788,PROD-6814,Noise ColorFit Pro 5 Smartwatch,Electronics,Noise,3999.0,65.4,1383.65,1,1383.65,27.67,Kerala,Kozhikode,UPI,4.5,4,0
BBD-0112112,2025-10-29 03:00:00,CUST-41628,PROD-6082,Samsung 55-inch 4K Smart TV,Electronics,Samsung,54990.0,33.6,36513.36,1,36513.36,3137.63,Maharashtra,Pune,UPI,4.0,4,0
BBD-0112113,2025-10-18 14:04:00,CUST-17411,PROD-8347,FabIndia Cotton Printed Saree,Fashion,FabIndia,4990.0,36.7,3158.67,1,3158.67,782.29,Uttar Pradesh,Noida,Credit Card,4.5,3,0
BBD-0112114,2025-11-10 06:11:00,CUST-77604,PROD-6814,Noise ColorFit Pro 5 Smartwatch,Electronics,Noise,3999.0,59.5,1619.6,1,1619.6,51.52,West Bengal,Howrah,UPI,4.5,2,0
BBD-0112115,2025-11-03 04:20:00,CUST-82531,PROD-8347,FabIndia Cotton Printed Saree,Fashion,FabIndia,4990.0,36.7,3158.67,1,3158.67,853.84,Maharashtra,Pune,UPI,4.5,2,0
BBD-0112116,2025-11-08 18:42:00,CUST-94760,PROD-1462,Sony WH-1000XM5 Headphones,Electronics,Sony,29990.0,15.5,25341.55,1,25341.55,3427.39,Rajasthan,Kota,Credit Card,4.5,1,0
BBD-0112117,2025-10-20 04:48:00,CUST-61627,PROD-8347,FabIndia Cotton Printed Saree,Fashion,FabIndia,4990.0,36.3,3178.63,2,6357.26,1682.41,Telangana,Nizamabad,Debit Card,4.5,3,1
BBD-0112118,2025-11-10 17:46:00,CUST-39253,PROD-1208,Adidas Originals Trefoil Hoodie,Fashion,Adidas,4599.0,41.7,2681.22,4,10724.88,2792.95,Kerala,Thiruvananthapuram,Credit Card,5.0,5,0
BBD-0112119,2025-10-23 09:22:00,CUST-63836,PROD-9399,Motorola Edge 50 Fusion,Mobiles,Motorola,22999.0,19.6,18491.2,1,18491.2,1168.0,Rajasthan,Kota,Debit Card,3.5,2,0
BBD-0112120,2025-10-29 05:44:00,CUST-36650,PROD-1712,Prestige Iris 750W Mixer Grinder,Home & Kitchen,Prestige,4295.0,49.6,2164.68,1,2164.68,339.21,Maharashtra,Pune,UPI,5.0,1,0
BBD-0112121,2025-11-03 10:18:00,CUST-17203,PROD-8627,Apple iPad 10th Gen,Electronics,Apple,39900.0,10.1,35870.1,1,35870.1,4710.47,Maharashtra,Mumbai,Credit Card,5.0,3,0
BBD-0112122,2025-10-24 19:09:00,CUST-65888,PROD-1208,Adidas Originals Trefoil Hoodie,Fashion,Adidas,4599.0,32.9,3085.93,2,6171.86,1513.59,Gujarat,Ahmedabad,UPI,5.0,6,0
BBD-0112123,2025-10-24 12:31:00,CUST-13038,PROD-6684,Apple iPhone 15 (128GB),Mobiles,Apple,79900.0,19.0,64719.0,1,64719.0,1294.38,Kerala,Kochi,UPI,4.5,3,0
BBD-0112124,2025-10-29 13:36:00,CUST-91199,PROD-2405,HP Pavilion Gaming Laptop,Electronics,HP,68990.0,22.2,53674.22,1,53674.22,4977.46,Uttar Pradesh,Lucknow,Credit Card,3.5,3,0
BBD-0112125,2025-10-17 09:04:00,CUST-13472,PROD-2405,HP Pavilion Gaming Laptop,Electronics,HP,68990.0,27.8,49810.78,2,99621.56,8486.52,Maharashtra,Nashik,UPI,3.5,1,0
BBD-0112126,2025-10-27 21:36:00,CUST-22579,PROD-6082,Samsung 55-inch 4K Smart TV,Electronics,Samsung,54990.0,45.7,29859.57,1,29859.57,1598.21,Maharashtra,Mumbai,UPI,4.5,2,0
BBD-0112127,2025-10-21 16:14:00,CUST-31431,PROD-0367,Whirlpool 265L Frost Free Refrigerator,Appliances,Whirlpool,32490.0,36.0,20793.6,1,20793.6,1597.03,Maharashtra,Mumbai,Cash on Delivery,5.0,1,0
BBD-0112128,2025-10-28 11:45:00,CUST-97209,PROD-6098,OnePlus 12R,Mobiles,OnePlus,39999.0,10.1,35959.1,1,35959.1,2663.18,Telangana,Nizamabad,Credit Card,5.0,6,0
BBD-0112129,2025-10-17 23:04:00,CUST-62559,PROD-5305,Maybelline New York Matte Lipstick,Beauty & Grooming,Maybelline,449.0,31.2,308.91,1,308.91,89.22,Karnataka,Mysore,UPI,5.0,3,0
BBD-0112130,2025-10-23 16:42:00,CUST-98065,PROD-5846,Boat Nirvana Ion Earbuds,Electronics,boAt,4990.0,58.7,2060.87,1,2060.87,118.59,Rajasthan,Jaipur,UPI,4.0,2,0
BBD-0112131,2025-11-07 00:48:00,CUST-97294,PROD-2875,Dell Inspiron 15 Laptop,Electronics,Dell,56990.0,18.2,46617.82,1,46617.82,5612.56,Telangana,Warangal,UPI,4.5,3,0
BBD-0112132,2025-10-23 23:07:00,CUST-51028,PROD-2897,Bombay Shaving Co Grooming Kit,Beauty & Grooming,Bombay Shaving Co,1499.0,39.4,908.39,2,1816.78,503.65,Tamil Nadu,Coimbatore,Credit Card,2.0,3,0
BBD-0112133,2025-11-13 07:58:00,CUST-24996,PROD-5910,LG 43-inch UHD Smart TV,Electronics,LG,38990.0,34.3,25616.43,2,51232.86,4954.63,Rajasthan,Kota,UPI,4.0,1,0
BBD-0112134,2025-10-18 17:25:00,CUST-78952,PROD-1712,Prestige Iris 750W Mixer Grinder,Home & Kitchen,Prestige,4295.0,36.3,2735.91,1,2735.91,432.04,Telangana,Hyderabad,Credit Card,3.5,2,0
BBD-0112135,2025-11-09 06:28:00,CUST-51572,PROD-8409,Zara Textured Casual Shirt,Fashion,Zara,2990.0,33.9,1976.39,1,1976.39,558.61,Haryana,Faridabad,Cash on Delivery,4.0,1,0
BBD-0112136,2025-11-03 02:18:00,CUST-63676,PROD-6684,Apple iPhone 15 (128GB),Mobiles,Apple,79900.0,19.2,64559.2,1,64559.2,1836.13,Karnataka,Mangalore,UPI,3.0,2,0
BBD-0112137,2025-11-15 01:39:00,CUST-55664,PROD-9235,Nike Air Max Impact Shoes,Fashion,Nike,7995.0,26.9,5844.35,1,5844.35,1480.04,Telangana,Warangal,UPI,4.0,1,0
BBD-0112138,2025-11-19 06:55:00,CUST-14883,PROD-1462,Sony WH-1000XM5 Headphones,Electronics,Sony,29990.0,22.7,23182.27,1,23182.27,2531.72,Kerala,Thiruvananthapuram,UPI,4.0,3,0
BBD-0112139,2025-10-18 08:27:00,CUST-87209,PROD-6814,Noise ColorFit Pro 5 Smartwatch,Electronics,Noise,3999.0,62.7,1491.63,1,1491.63,76.38,Delhi,South Delhi,Cash on Delivery,3.5,3,0
BBD-0112140,2025-10-25 19:41:00,CUST-15529,PROD-7180,Philips Series 3000 Beard Trimmer,Beauty & Grooming,Philips,1895.0,22.1,1476.21,1,1476.21,496.98,Maharashtra,Nagpur,UPI,5.0,3,0
BBD-0112141,2025-10-19 22:26:00,CUST-26087,PROD-2993,Xiaomi Redmi Note 13 Pro,Mobiles,Xiaomi,25999.0,25.8,19291.26,1,19291.26,553.96,Haryana,Faridabad,Credit Card,4.5,6,0
BBD-0112142,2025-10-30 19:25:00,CUST-29264,PROD-5846,Boat Nirvana Ion Earbuds,Electronics,boAt,4990.0,57.4,2125.74,1,2125.74,108.76,Telangana,Hyderabad,Credit Card,5.0,5,0
BBD-0112143,2025-11-04 07:34:00,CUST-70026,PROD-1712,Prestige Iris 750W Mixer Grinder,Home & Kitchen,Prestige,4295.0,47.4,2259.17,1,2259.17,333.28,Rajasthan,Jodhpur,Credit Card,5.0,1,0
BBD-0112144,2025-11-16 20:47:00,CUST-45856,PROD-9632,Google Pixel 8a,Mobiles,Google,52999.0,12.8,46215.13,2,92430.26,2926.93,Tamil Nadu,Chennai,UPI,5.0,6,0
BBD-0112145,2025-10-21 17:08:00,CUST-32031,PROD-5846,Boat Nirvana Ion Earbuds,Electronics,boAt,4990.0,69.8,1506.98,2,3013.96,112.07,Delhi,North Delhi,UPI,3.5,2,0
BBD-0112146,2025-11-03 01:14:00,CUST-46437,PROD-7214,Realme 12 Pro+ 5G,Mobiles,Realme,29999.0,14.6,25619.15,1,25619.15,1939.31,Haryana,Panipat,UPI,4.5,2,0
BBD-0112147,2025-11-13 10:37:00,CUST-71015,PROD-8627,Apple iPad 10th Gen,Electronics,Apple,39900.0,9.6,36069.6,1,36069.6,5718.43,Kerala,Thiruvananthapuram,Credit Card,5.0,4,0
BBD-0112148,2025-11-02 21:59:00,CUST-97935,PROD-0023,Philips Digital Air Fryer,Home & Kitchen,Philips,10995.0,30.5,7641.53,1,7641.53,1380.84,Tamil Nadu,Coimbatore,UPI,4.5,1,0
BBD-0112149,2025-11-01 23:02:00,CUST-73699,PROD-9760,Wakefit Orthopedic Memory Mattress,Home & Kitchen,Wakefit,12499.0,38.5,7686.89,1,7686.89,988.44,Kerala,Thiruvananthapuram,UPI,5.0,3,0
BBD-0112150,2025-10-31 15:53:00,CUST-33418,PROD-9399,Motorola Edge 50 Fusion,Mobiles,Motorola,22999.0,12.8,20055.13,1,20055.13,747.36,Rajasthan,Kota,UPI,4.5,7,0
BBD-0112151,2025-10-27 20:50:00,CUST-91078,PROD-9399,Motorola Edge 50 Fusion,Mobiles,Motorola,22999.0,25.0,17249.25,1,17249.25,911.22,Haryana,Faridabad,Credit Card,5.0,1,0
BBD-0112152,2025-10-17 21:28:00,CUST-21819,PROD-7725,Milton Thermosteel 1L Flask,Home & Kitchen,Milton,1150.0,18.3,939.55,1,939.55,167.14,Telangana,Nizamabad,UPI,4.0,3,0
BBD-0112153,2025-11-05 23:51:00,CUST-77599,PROD-9235,Nike Air Max Impact Shoes,Fashion,Nike,7995.0,40.7,4741.03,2,9482.06,2340.21,Uttar Pradesh,Lucknow,UPI,5.0,4,0
BBD-0112154,2025-11-17 22:08:00,CUST-94916,PROD-6305,The Derma Co 1% Hyaluronic Sunscreen,Beauty & Grooming,The Derma Co,499.0,13.7,430.64,2,861.28,279.84,Telangana,Nizamabad,UPI,5.0,1,0
BBD-0112155,2025-11-18 09:32:00,CUST-20424,PROD-7214,Realme 12 Pro+ 5G,Mobiles,Realme,29999.0,24.4,22679.24,1,22679.24,474.84,Kerala,Kozhikode,UPI,4.0,3,0
BBD-0112156,2025-11-19 21:43:00,CUST-81950,PROD-4226,JBL Flip 6 Bluetooth Speaker,Electronics,JBL,11999.0,22.4,9311.22,1,9311.22,1144.01,West Bengal,Howrah,Credit Card,4.5,2,0
BBD-0112157,2025-11-13 08:59:00,CUST-23529,PROD-8347,FabIndia Cotton Printed Saree,Fashion,FabIndia,4990.0,31.0,3443.1,1,3443.1,920.62,Delhi,New Delhi,UPI,5.0,3,1
BBD-0112158,2025-10-25 20:20:00,CUST-40612,PROD-7356,Biba Women Embroidered Kurta,Fashion,Biba,3299.0,46.9,1751.77,1,1751.77,455.19,Karnataka,Mangalore,Credit Card,3.0,6,0
BBD-0112159,2025-11-06 18:00:00,CUST-43570,PROD-5353,Samsung Galaxy S24 5G,Mobiles,Samsung,74999.0,28.1,53924.28,1,53924.28,1078.49,Delhi,New Delhi,UPI,5.0,3,0
BBD-0112160,2025-11-18 04:46:00,CUST-71956,PROD-9399,Motorola Edge 50 Fusion,Mobiles,Motorola,22999.0,27.5,16674.27,1,16674.27,333.49,Gujarat,Rajkot,UPI,4.0,2,1
BBD-0112161,2025-11-05 00:11:00,CUST-10661,PROD-5305,Maybelline New York Matte Lipstick,Beauty & Grooming,Maybelline,449.0,25.9,332.71,1,332.71,99.43,West Bengal,Siliguri,UPI,5.0,2,0
BBD-0112162,2025-10-31 12:01:00,CUST-23376,PROD-2405,HP Pavilion Gaming Laptop,Electronics,HP,68990.0,27.8,49810.78,2,99621.56,6683.86,Maharashtra,Pune,Cash on Delivery,3.5,3,1
BBD-0112163,2025-10-28 17:54:00,CUST-70243,PROD-6684,Apple iPhone 15 (128GB),Mobiles,Apple,79900.0,21.5,62721.5,1,62721.5,1735.05,Kerala,Kozhikode,Debit Card,4.5,2,0
BBD-0112164,2025-10-19 12:42:00,CUST-21337,PROD-7725,Milton Thermosteel 1L Flask,Home & Kitchen,Milton,1150.0,19.5,925.75,2,1851.5,329.09,Kerala,Kochi,UPI,5.0,2,0
BBD-0112165,2025-10-23 07:43:00,CUST-44050,PROD-9760,Wakefit Orthopedic Memory Mattress,Home & Kitchen,Wakefit,12499.0,30.3,8711.8,1,8711.8,1723.59,Karnataka,Bangalore,UPI,5.0,1,1
BBD-0112166,2025-11-03 03:48:00,CUST-93078,PROD-0367,Whirlpool 265L Frost Free Refrigerator,Appliances,Whirlpool,32490.0,26.4,23912.64,1,23912.64,1166.85,Delhi,South Delhi,UPI,5.0,4,0
BBD-0112167,2025-10-20 06:34:00,CUST-43607,PROD-9632,Google Pixel 8a,Mobiles,Google,52999.0,19.7,42558.2,1,42558.2,1066.75,Kerala,Kozhikode,UPI,1.0,4,0
BBD-0112168,2025-11-17 04:59:00,CUST-21008,PROD-2480,Allen Solly Formal Trousers,Fashion,Allen Solly,2499.0,33.6,1659.34,1,1659.34,397.02,Maharashtra,Pune,UPI,5.0,2,0
BBD-0112169,2025-11-14 08:34:00,CUST-39769,PROD-4226,JBL Flip 6 Bluetooth Speaker,Electronics,JBL,11999.0,24.5,9059.25,1,9059.25,1172.06,Maharashtra,Pune,Credit Card,5.0,1,0
BBD-0112170,2025-11-06 01:21:00,CUST-56853,PROD-9399,Motorola Edge 50 Fusion,Mobiles,Motorola,22999.0,20.3,18330.2,1,18330.2,863.14,West Bengal,Durgapur,Cash on Delivery,5.0,3,1
BBD-0112171,2025-10-24 22:44:00,CUST-33750,PROD-9632,Google Pixel 8a,Mobiles,Google,52999.0,18.5,43194.18,1,43194.18,2945.43,Maharashtra,Mumbai,EMI,4.5,1,0
BBD-0112172,2025-10-19 06:24:00,CUST-18340,PROD-5846,Boat Nirvana Ion Earbuds,Electronics,boAt,4990.0,60.6,1966.06,1,1966.06,39.32,Telangana,Hyderabad,UPI,4.5,2,0
BBD-0112173,2025-11-03 17:57:00,CUST-53103,PROD-2480,Allen Solly Formal Trousers,Fashion,Allen Solly,2499.0,44.7,1381.95,1,1381.95,360.77,Kerala,Kozhikode,Credit Card,4.5,6,0
BBD-0112174,2025-11-18 00:39:00,CUST-92124,PROD-6157,Godrej 190L Direct Cool Refrigerator,Appliances,Godrej,16990.0,20.9,13439.09,1,13439.09,1107.93,Gujarat,Rajkot,Debit Card,3.0,1,0
BBD-0112175,2025-10-28 03:57:00,CUST-15742,PROD-2875,Dell Inspiron 15 Laptop,Electronics,Dell,56990.0,27.3,41431.73,2,82863.46,9801.43,Maharashtra,Nashik,Net Banking,5.0,1,0
BBD-0112176,2025-10-17 21:16:00,CUST-14043,PROD-7356,Biba Women Embroidered Kurta,Fashion,Biba,3299.0,53.5,1534.03,1,1534.03,376.82,Gujarat,Rajkot,Debit Card,5.0,2,1
BBD-0112177,2025-11-05 12:28:00,CUST-99793,PROD-8627,Apple iPad 10th Gen,Electronics,Apple,39900.0,7.9,36747.9,2,73495.8,11203.55,Haryana,Gurgaon,UPI,3.5,3,0
BBD-0112178,2025-11-13 06:12:00,CUST-84534,PROD-6684,Apple iPhone 15 (128GB),Mobiles,Apple,79900.0,13.0,69513.0,1,69513.0,4114.56,West Bengal,Durgapur,UPI,5.0,2,0
BBD-0112179,2025-11-05 01:53:00,CUST-79451,PROD-2993,Xiaomi Redmi Note 13 Pro,Mobiles,Xiaomi,25999.0,19.2,21007.19,1,21007.19,1294.51,Uttar Pradesh,Agra,UPI,5.0,2,0
BBD-0112180,2025-11-05 17:47:00,CUST-88236,PROD-2875,Dell Inspiron 15 Laptop,Electronics,Dell,56990.0,17.0,47301.7,1,47301.7,4288.01,Kerala,Kochi,UPI,4.0,1,0
BBD-0112181,2025-11-16 10:03:00,CUST-18174,PROD-2897,Bombay Shaving Co Grooming Kit,Beauty & Grooming,Bombay Shaving Co,1499.0,51.9,721.02,1,721.02,187.19,Tamil Nadu,Chennai,UPI,5.0,1,1
BBD-0112182,2025-11-04 08:35:00,CUST-29096,PROD-0694,Bajaj New Shakti Neo Water Heater,Home & Kitchen,Bajaj,6999.0,34.2,4605.34,1,4605.34,866.19,Delhi,South Delhi,UPI,4.0,4,1
BBD-0112183,2025-10-16 05:12:00,CUST-12223,PROD-3168,Puma Men Motorsport Sneakers,Fashion,Puma,5499.0,53.2,2573.53,1,2573.53,636.99,Delhi,South Delhi,UPI,2.0,1,0
BBD-0112184,2025-11-09 21:23:00,CUST-96626,PROD-9399,Motorola Edge 50 Fusion,Mobiles,Motorola,22999.0,15.7,19388.16,1,19388.16,1197.13,Maharashtra,Nagpur,Net Banking,4.5,2,0
BBD-0112185,2025-11-08 15:26:00,CUST-95642,PROD-1712,Prestige Iris 750W Mixer Grinder,Home & Kitchen,Prestige,4295.0,42.5,2469.62,1,2469.62,406.5,West Bengal,Durgapur,Credit Card,5.0,2,0
BBD-0112186,2025-11-15 17:08:00,CUST-16094,PROD-2480,Allen Solly Formal Trousers,Fashion,Allen Solly,2499.0,39.0,1524.39,1,1524.39,356.11,Tamil Nadu,Madurai,UPI,5.0,2,0
BBD-0112187,2025-11-04 11:27:00,CUST-97294,PROD-9399,Motorola Edge 50 Fusion,Mobiles,Motorola,22999.0,14.6,19641.15,1,19641.15,1505.73,Karnataka,Mangalore,Cash on Delivery,5.0,2,0
BBD-0112188,2025-11-14 14:54:00,CUST-91523,PROD-5675,L'Oreal Paris Total Repair Hair Mask,Beauty & Grooming,L'Oreal,499.0,28.8,355.29,2,710.58,216.15,Gujarat,Vadodara,Credit Card,4.5,2,0
BBD-0112189,2025-11-20 05:19:00,CUST-70173,PROD-6098,OnePlus 12R,Mobiles,OnePlus,39999.0,8.9,36439.09,1,36439.09,2621.0,Telangana,Hyderabad,UPI,3.5,6,0
BBD-0112190,2025-11-10 01:36:00,CUST-40600,PROD-9235,Nike Air Max Impact Shoes,Fashion,Nike,7995.0,28.0,5756.4,1,5756.4,1432.24,Telangana,Warangal,Cash on Delivery,4.5,5,0
BBD-0112191,2025-10-20 22:45:00,CUST-46724,PROD-5387,Minimalist 10% Niacinamide Serum,Beauty & Grooming,Minimalist,599.0,13.5,518.13,1,518.13,162.03,Rajasthan,Kota,Debit Card,5.0,2,0
BBD-0112192,2025-11-14 19:34:00,CUST-59423,PROD-0367,Whirlpool 265L Frost Free Refrigerator,Appliances,Whirlpool,32490.0,29.2,23002.92,1,23002.92,1043.15,Haryana,Panipat,Credit Card,3.5,3,0
BBD-0112193,2025-10-31 22:03:00,CUST-86037,PROD-8021,POCO X6 Pro 5G,Mobiles,POCO,24999.0,20.4,19899.2,1,19899.2,1293.59,Maharashtra,Nashik,Net Banking,5.0,2,0
BBD-0112194,2025-10-16 15:50:00,CUST-79188,PROD-0023,Philips Digital Air Fryer,Home & Kitchen,Philips,10995.0,41.1,6476.05,1,6476.05,878.36,Uttar Pradesh,Varanasi,EMI,4.5,3,0
BBD-0112195,2025-10-27 01:14:00,CUST-69774,PROD-7214,Realme 12 Pro+ 5G,Mobiles,Realme,29999.0,20.1,23969.2,1,23969.2,1547.26,Maharashtra,Mumbai,Credit Card,3.5,2,0
BBD-0112196,2025-11-06 20:17:00,CUST-79777,PROD-6082,Samsung 55-inch 4K Smart TV,Electronics,Samsung,54990.0,39.2,33433.92,1,33433.92,1537.4,Haryana,Panipat,UPI,4.5,2,0
BBD-0112197,2025-10-31 22:22:00,CUST-70962,PROD-6157,Godrej 190L Direct Cool Refrigerator,Appliances,Godrej,16990.0,23.2,13048.32,1,13048.32,1130.81,Uttar Pradesh,Noida,EMI,5.0,3,0
BBD-0112198,2025-10-22 20:38:00,CUST-34450,PROD-8482,Kent Grand Plus RO Water Purifier,Home & Kitchen,Kent,18500.0,24.7,13930.5,1,13930.5,2099.49,West Bengal,Kolkata,Debit Card,5.0,2,0
BBD-0112199,2025-11-17 19:42:00,CUST-94667,PROD-9235,Nike Air Max Impact Shoes,Fashion,Nike,7995.0,35.0,5196.75,1,5196.75,1433.56,West Bengal,Howrah,Credit Card,4.5,3,0
BBD-0112200,2025-10-26 14:52:00,CUST-12270,PROD-1712,Prestige Iris 750W Mixer Grinder,Home & Kitchen,Prestige,4295.0,44.4,2388.02,1,2388.02,407.88,Tamil Nadu,Madurai,Credit Card,4.5,3,0
BBD-0112201,2025-10-18 18:44:00,CUST-50940,PROD-8482,Kent Grand Plus RO Water Purifier,Home & Kitchen,Kent,18500.0,24.9,13893.5,1,13893.5,2846.82,West Bengal,Howrah,Credit Card,5.0,2,0
BBD-0112202,2025-11-17 23:45:00,CUST-47982,PROD-8347,FabIndia Cotton Printed Saree,Fashion,FabIndia,4990.0,35.5,3218.55,1,3218.55,850.67,Haryana,Panipat,UPI,5.0,2,0
BBD-0112203,2025-11-05 23:21:00,CUST-11286,PROD-6684,Apple iPhone 15 (128GB),Mobiles,Apple,79900.0,18.3,65278.3,1,65278.3,3082.84,West Bengal,Kolkata,EMI,3.5,1,0
BBD-0112204,2025-11-10 17:17:00,CUST-66235,PROD-7214,Realme 12 Pro+ 5G,Mobiles,Realme,29999.0,29.7,21089.3,1,21089.3,421.79,Rajasthan,Jodhpur,UPI,5.0,3,0
BBD-0112205,2025-10-22 09:06:00,CUST-93983,PROD-0023,Philips Digital Air Fryer,Home & Kitchen,Philips,10995.0,36.2,7014.81,2,14029.62,2504.43,Maharashtra,Nashik,UPI,4.5,4,0
BBD-0112206,2025-10-18 10:21:00,CUST-15456,PROD-9252,Levi's 511 Slim Fit Jeans,Fashion,Levi's,3999.0,47.4,2103.47,2,4206.94,927.34,Uttar Pradesh,Agra,Credit Card,4.5,4,1
BBD-0112207,2025-11-16 16:12:00,CUST-66549,PROD-8627,Apple iPad 10th Gen,Electronics,Apple,39900.0,12.0,35112.0,1,35112.0,4751.38,Gujarat,Vadodara,Cash on Delivery,4.5,3,0
BBD-0112208,2025-11-16 15:08:00,CUST-73152,PROD-6814,Noise ColorFit Pro 5 Smartwatch,Electronics,Noise,3999.0,54.4,1823.54,1,1823.54,108.49,Kerala,Thiruvananthapuram,UPI,5.0,2,0
BBD-0112209,2025-10-22 13:02:00,CUST-53650,PROD-0694,Bajaj New Shakti Neo Water Heater,Home & Kitchen,Bajaj,6999.0,43.7,3940.44,1,3940.44,456.02,West Bengal,Durgapur,Credit Card,5.0,4,0
BBD-0112210,2025-11-15 22:43:00,CUST-15529,PROD-0694,Bajaj New Shakti Neo Water Heater,Home & Kitchen,Bajaj,6999.0,32.2,4745.32,1,4745.32,923.72,West Bengal,Durgapur,Credit Card,4.5,4,0
BBD-0112211,2025-10-30 19:22:00,CUST-77771,PROD-2405,HP Pavilion Gaming Laptop,Electronics,HP,68990.0,30.1,48224.01,1,48224.01,4727.77,Telangana,Nizamabad,Credit Card,5.0,3,0
BBD-0112212,2025-11-20 15:08:00,CUST-18993,PROD-8021,POCO X6 Pro 5G,Mobiles,POCO,24999.0,22.1,19474.22,1,19474.22,529.48,Tamil Nadu,Madurai,UPI,3.5,2,0
BBD-0112213,2025-11-11 01:57:00,CUST-75690,PROD-7725,Milton Thermosteel 1L Flask,Home & Kitchen,Milton,1150.0,21.8,899.3,1,899.3,153.06,West Bengal,Kolkata,UPI,5.0,3,0
BBD-0112214,2025-11-11 20:41:00,CUST-79451,PROD-9760,Wakefit Orthopedic Memory Mattress,Home & Kitchen,Wakefit,12499.0,28.6,8924.29,1,8924.29,1326.15,West Bengal,Siliguri,EMI,3.5,4,0
BBD-0112215,2025-11-16 13:40:00,CUST-74247,PROD-9399,Motorola Edge 50 Fusion,Mobiles,Motorola,22999.0,16.8,19135.17,1,19135.17,908.49,Delhi,South Delhi,UPI,5.0,4,0
BBD-0112216,2025-11-01 11:15:00,CUST-47512,PROD-2405,HP Pavilion Gaming Laptop,Electronics,HP,68990.0,29.1,48913.91,1,48913.91,5816.38,Maharashtra,Nagpur,UPI,3.5,3,0
BBD-0112217,2025-11-09 22:47:00,CUST-41524,PROD-9252,Levi's 511 Slim Fit Jeans,Fashion,Levi's,3999.0,49.1,2035.49,1,2035.49,449.84,Maharashtra,Nashik,Credit Card,2.0,1,0
BBD-0112218,2025-10-16 03:44:00,CUST-92077,PROD-1462,Sony WH-1000XM5 Headphones,Electronics,Sony,29990.0,28.7,21382.87,1,21382.87,2194.17,Rajasthan,Udaipur,Cash on Delivery,4.0,4,0
BBD-0112219,2025-11-06 12:34:00,CUST-59267,PROD-6082,Samsung 55-inch 4K Smart TV,Electronics,Samsung,54990.0,35.3,35578.53,1,35578.53,2168.75,Tamil Nadu,Coimbatore,Debit Card,3.0,4,0
BBD-0112220,2025-11-01 16:05:00,CUST-61229,PROD-8347,FabIndia Cotton Printed Saree,Fashion,FabIndia,4990.0,32.3,3378.23,2,6756.46,1863.29,Uttar Pradesh,Agra,Debit Card,5.0,3,0
BBD-0112221,2025-11-07 10:03:00,CUST-42165,PROD-8627,Apple iPad 10th Gen,Electronics,Apple,39900.0,21.5,31321.5,1,31321.5,2769.25,Tamil Nadu,Salem,EMI,3.0,4,0
BBD-0112222,2025-11-16 12:19:00,CUST-86554,PROD-2480,Allen Solly Formal Trousers,Fashion,Allen Solly,2499.0,43.5,1411.93,2,2823.86,752.02,Maharashtra,Mumbai,Credit Card,3.0,2,0
BBD-0112223,2025-10-21 06:55:00,CUST-92081,PROD-8627,Apple iPad 10th Gen,Electronics,Apple,39900.0,18.3,32598.3,1,32598.3,3333.56,Uttar Pradesh,Agra,Credit Card,4.5,2,0
BBD-0112224,2025-11-08 01:58:00,CUST-12938,PROD-2993,Xiaomi Redmi Note 13 Pro,Mobiles,Xiaomi,25999.0,27.2,18927.27,1,18927.27,378.55,Maharashtra,Mumbai,Debit Card,5.0,3,0
BBD-0112225,2025-11-11 11:15:00,CUST-12177,PROD-9235,Nike Air Max Impact Shoes,Fashion,Nike,7995.0,30.7,5540.54,1,5540.54,1327.13,Kerala,Kozhikode,Debit Card,3.5,1,0
BBD-0112226,2025-10-27 15:54:00,CUST-28934,PROD-9632,Google Pixel 8a,Mobiles,Google,52999.0,17.4,43777.17,1,43777.17,2503.48,Kerala,Kozhikode,EMI,5.0,1,0
BBD-0112227,2025-11-05 11:19:00,CUST-72146,PROD-1462,Sony WH-1000XM5 Headphones,Electronics,Sony,29990.0,23.6,22912.36,1,22912.36,1714.43,Kerala,Kochi,Credit Card,5.0,3,0
BBD-0112228,2025-11-01 11:03:00,CUST-74784,PROD-0367,Whirlpool 265L Frost Free Refrigerator,Appliances,Whirlpool,32490.0,27.4,23587.74,1,23587.74,2090.49,Tamil Nadu,Coimbatore,UPI,3.0,2,0
BBD-0112229,2025-11-17 13:47:00,CUST-47840,PROD-7356,Biba Women Embroidered Kurta,Fashion,Biba,3299.0,45.3,1804.55,2,3609.1,917.24,Maharashtra,Mumbai,Credit Card,2.0,2,0
BBD-0112230,2025-11-07 22:19:00,CUST-23919,PROD-6814,Noise ColorFit Pro 5 Smartwatch,Electronics,Noise,3999.0,51.6,1935.52,1,1935.52,117.83,Haryana,Panipat,Debit Card,3.5,2,0
BBD-0112231,2025-10-17 21:47:00,CUST-98533,PROD-2993,Xiaomi Redmi Note 13 Pro,Mobiles,Xiaomi,25999.0,18.8,21111.19,1,21111.19,1071.49,Delhi,New Delhi,Credit Card,5.0,2,0
BBD-0112232,2025-10-18 09:27:00,CUST-25358,PROD-9252,Levi's 511 Slim Fit Jeans,Fashion,Levi's,3999.0,42.9,2283.43,1,2283.43,575.92,Kerala,Kochi,Credit Card,5.0,3,0
BBD-0112233,2025-11-11 06:14:00,CUST-32912,PROD-6684,Apple iPhone 15 (128GB),Mobiles,Apple,79900.0,18.0,65518.0,1,65518.0,2700.83,Kerala,Kozhikode,Debit Card,5.0,2,0
BBD-0112234,2025-11-06 02:14:00,CUST-31454,PROD-7214,Realme 12 Pro+ 5G,Mobiles,Realme,29999.0,29.5,21149.3,1,21149.3,607.28,West Bengal,Kolkata,UPI,4.5,4,0
BBD-0112235,2025-10-24 20:22:00,CUST-60042,PROD-2875,Dell Inspiron 15 Laptop,Electronics,Dell,56990.0,20.3,45421.03,1,45421.03,5398.93,Kerala,Thiruvananthapuram,UPI,5.0,2,0
BBD-0112236,2025-10-26 00:37:00,CUST-82204,PROD-1712,Prestige Iris 750W Mixer Grinder,Home & Kitchen,Prestige,4295.0,40.1,2572.7,1,2572.7,382.68,Rajasthan,Jaipur,Credit Card,4.5,3,0
BBD-0112237,2025-11-13 04:14:00,CUST-61856,PROD-0023,Philips Digital Air Fryer,Home & Kitchen,Philips,10995.0,32.2,7454.61,2,14909.22,2039.42,West Bengal,Durgapur,Credit Card,4.5,6,0
BBD-0112238,2025-10-18 05:20:00,CUST-99129,PROD-2897,Bombay Shaving Co Grooming Kit,Beauty & Grooming,Bombay Shaving Co,1499.0,50.8,737.51,2,1475.02,358.88,Uttar Pradesh,Kanpur,Debit Card,4.0,6,1
BBD-0112239,2025-10-21 06:17:00,CUST-36991,PROD-8021,POCO X6 Pro 5G,Mobiles,POCO,24999.0,20.3,19924.2,2,39848.4,2541.79,Tamil Nadu,Coimbatore,EMI,3.5,1,0
BBD-0112240,2025-11-12 05:07:00,CUST-78086,PROD-2480,Allen Solly Formal Trousers,Fashion,Allen Solly,2499.0,45.9,1351.96,1,1351.96,283.87,Kerala,Kozhikode,UPI,3.0,2,0
BBD-0112241,2025-11-17 20:47:00,CUST-10082,PROD-9399,Motorola Edge 50 Fusion,Mobiles,Motorola,22999.0,24.2,17433.24,1,17433.24,933.78,Haryana,Panipat,UPI,5.0,1,0
BBD-0112242,2025-11-15 08:51:00,CUST-14043,PROD-2480,Allen Solly Formal Trousers,Fashion,Allen Solly,2499.0,39.0,1524.39,1,1524.39,387.67,Haryana,Panipat,UPI,5.0,2,1
BBD-0112243,2025-11-01 21:15:00,CUST-12944,PROD-4226,JBL Flip 6 Bluetooth Speaker,Electronics,JBL,11999.0,30.3,8363.3,1,8363.3,629.67,Rajasthan,Jodhpur,UPI,4.0,2,0
BBD-0112244,2025-11-02 15:10:00,CUST-43111,PROD-9399,Motorola Edge 50 Fusion,Mobiles,Motorola,22999.0,25.2,17203.25,2,34406.5,1074.44,Rajasthan,Udaipur,Cash on Delivery,4.0,3,0
BBD-0112245,2025-10-21 12:04:00,CUST-55403,PROD-9252,Levi's 511 Slim Fit Jeans,Fashion,Levi's,3999.0,35.8,2567.36,1,2567.36,726.96,Haryana,Panipat,Cash on Delivery,5.0,3,0
BBD-0112246,2025-10-26 15:56:00,CUST-27626,PROD-8347,FabIndia Cotton Printed Saree,Fashion,FabIndia,4990.0,24.9,3747.49,2,7494.98,2056.74,Karnataka,Hubli,UPI,5.0,4,0
BBD-0112247,2025-11-07 05:22:00,CUST-74737,PROD-2480,Allen Solly Formal Trousers,Fashion,Allen Solly,2499.0,37.1,1571.87,1,1571.87,382.34,Gujarat,Ahmedabad,UPI,5.0,4,0
BBD-0112248,2025-11-05 02:36:00,CUST-93239,PROD-2480,Allen Solly Formal Trousers,Fashion,Allen Solly,2499.0,37.0,1574.37,1,1574.37,379.3,Karnataka,Hubli,UPI,5.0,1,0
BBD-0112249,2025-11-05 09:48:00,CUST-26357,PROD-1208,Adidas Originals Trefoil Hoodie,Fashion,Adidas,4599.0,31.5,3150.32,1,3150.32,910.98,Karnataka,Hubli,UPI,5.0,2,1
BBD-0112250,2025-11-20 03:43:00,CUST-25960,PROD-1462,Sony WH-1000XM5 Headphones,Electronics,Sony,29990.0,19.4,24171.94,3,72515.82,6489.67,Telangana,Hyderabad,Net Banking,3.0,3,0
BBD-0112251,2025-11-06 11:02:00,CUST-50946,PROD-8482,Kent Grand Plus RO Water Purifier,Home & Kitchen,Kent,18500.0,20.8,14652.0,1,14652.0,3050.41,Kerala,Kochi,Credit Card,5.0,1,0
BBD-0112252,2025-11-16 17:59:00,CUST-37301,PROD-0694,Bajaj New Shakti Neo Water Heater,Home & Kitchen,Bajaj,6999.0,43.0,3989.43,2,7978.86,995.35,Haryana,Faridabad,Debit Card,4.5,1,0
BBD-0112253,2025-11-01 06:04:00,CUST-31159,PROD-8021,POCO X6 Pro 5G,Mobiles,POCO,24999.0,31.3,17174.31,1,17174.31,648.58,West Bengal,Howrah,Debit Card,4.5,1,0
BBD-0112254,2025-11-13 15:46:00,CUST-25443,PROD-1462,Sony WH-1000XM5 Headphones,Electronics,Sony,29990.0,21.2,23632.12,1,23632.12,1925.66,Rajasthan,Jodhpur,Debit Card,4.0,2,0
BBD-0112255,2025-11-10 23:02:00,CUST-42165,PROD-2875,Dell Inspiron 15 Laptop,Electronics,Dell,56990.0,15.2,48327.52,1,48327.52,4900.06,Maharashtra,Nagpur,UPI,4.5,1,0
BBD-0112256,2025-11-02 02:19:00,CUST-41220,PROD-0023,Philips Digital Air Fryer,Home & Kitchen,Philips,10995.0,44.8,6069.24,3,18207.72,3086.54,Karnataka,Hubli,EMI,5.0,2,1
BBD-0112257,2025-10-29 18:27:00,CUST-44050,PROD-8627,Apple iPad 10th Gen,Electronics,Apple,39900.0,8.4,36548.4,1,36548.4,5583.43,Kerala,Kozhikode,UPI,5.0,3,0
BBD-0112258,2025-10-27 02:41:00,CUST-82849,PROD-2405,HP Pavilion Gaming Laptop,Electronics,HP,68990.0,33.4,45947.34,1,45947.34,2922.78,West Bengal,Siliguri,UPI,5.0,2,0
BBD-0112259,2025-10-16 13:03:00,CUST-90132,PROD-8021,POCO X6 Pro 5G,Mobiles,POCO,24999.0,29.8,17549.3,1,17549.3,350.99,Delhi,New Delhi,Credit Card,4.5,3,0
BBD-0112260,2025-10-26 03:17:00,CUST-19971,PROD-9632,Google Pixel 8a,Mobiles,Google,52999.0,9.6,47911.1,2,95822.2,3226.09,Maharashtra,Pune,Credit Card,4.5,6,0
BBD-0112261,2025-10-29 11:06:00,CUST-92219,PROD-5387,Minimalist 10% Niacinamide Serum,Beauty & Grooming,Minimalist,599.0,5.0,569.05,1,569.05,198.62,Telangana,Warangal,UPI,4.0,1,0
BBD-0112262,2025-10-24 11:48:00,CUST-88351,PROD-5846,Boat Nirvana Ion Earbuds,Electronics,boAt,4990.0,64.7,1761.47,1,1761.47,70.33,Tamil Nadu,Madurai,Credit Card,4.5,4,0
BBD-0112263,2025-10-29 07:54:00,CUST-57421,PROD-1712,Prestige Iris 750W Mixer Grinder,Home & Kitchen,Prestige,4295.0,46.4,2302.12,1,2302.12,358.35,West Bengal,Siliguri,UPI,5.0,2,0
BBD-0112264,2025-11-03 20:57:00,CUST-51733,PROD-2993,Xiaomi Redmi Note 13 Pro,Mobiles,Xiaomi,25999.0,33.0,17419.33,1,17419.33,348.39,Gujarat,Rajkot,UPI,4.5,2,0
BBD-0112265,2025-11-14 16:48:00,CUST-51491,PROD-7214,Realme 12 Pro+ 5G,Mobiles,Realme,29999.0,22.5,23249.23,2,46498.46,2742.26,West Bengal,Kolkata,Credit Card,3.5,2,0
BBD-0112266,2025-10-20 16:05:00,CUST-36392,PROD-9949,Daikin 1.5 Ton 5 Star Inverter AC,Appliances,Daikin,45990.0,26.9,33618.69,1,33618.69,3070.78,Telangana,Warangal,UPI,5.0,2,0
BBD-0112267,2025-11-07 02:28:00,CUST-30591,PROD-5353,Samsung Galaxy S24 5G,Mobiles,Samsung,74999.0,13.9,64574.14,1,64574.14,1946.92,Haryana,Gurgaon,Debit Card,5.0,1,0
BBD-0112268,2025-11-20 06:09:00,CUST-28245,PROD-7180,Philips Series 3000 Beard Trimmer,Beauty & Grooming,Philips,1895.0,22.3,1472.41,4,5889.64,1984.24,Haryana,Gurgaon,UPI,5.0,2,0
BBD-0112269,2025-10-17 06:45:00,CUST-91709,PROD-4226,JBL Flip 6 Bluetooth Speaker,Electronics,JBL,11999.0,24.9,9011.25,1,9011.25,871.6,West Bengal,Kolkata,Credit Card,5.0,1,0
BBD-0112270,2025-10-30 18:06:00,CUST-30478,PROD-8482,Kent Grand Plus RO Water Purifier,Home & Kitchen,Kent,18500.0,17.6,15244.0,1,15244.0,3003.17,Karnataka,Hubli,Credit Card,5.0,3,0
BBD-0112271,2025-10-30 00:04:00,CUST-34163,PROD-8409,Zara Textured Casual Shirt,Fashion,Zara,2990.0,32.5,2018.25,1,2018.25,539.47,Kerala,Thiruvananthapuram,UPI,5.0,2,0
BBD-0112272,2025-11-18 04:10:00,CUST-25592,PROD-7180,Philips Series 3000 Beard Trimmer,Beauty & Grooming,Philips,1895.0,24.0,1440.2,1,1440.2,474.65,Gujarat,Rajkot,Debit Card,5.0,4,0
BBD-0112273,2025-10-20 12:54:00,CUST-83069,PROD-0023,Philips Digital Air Fryer,Home & Kitchen,Philips,10995.0,31.8,7498.59,1,7498.59,1177.48,Delhi,West Delhi,Debit Card,5.0,1,0
BBD-0112274,2025-11-20 11:47:00,CUST-72168,PROD-0023,Philips Digital Air Fryer,Home & Kitchen,Philips,10995.0,36.7,6959.84,1,6959.84,999.32,Kerala,Thiruvananthapuram,Credit Card,3.0,1,0
BBD-0112275,2025-11-07 06:23:00,CUST-19686,PROD-1462,Sony WH-1000XM5 Headphones,Electronics,Sony,29990.0,19.3,24201.93,1,24201.93,2858.98,Kerala,Kochi,UPI,4.5,2,0
BBD-0112276,2025-11-13 14:20:00,CUST-77358,PROD-5846,Boat Nirvana Ion Earbuds,Electronics,boAt,4990.0,66.9,1651.69,1,1651.69,33.03,Gujarat,Surat,UPI,4.5,7,0
BBD-0112277,2025-10-19 05:26:00,CUST-94231,PROD-9632,Google Pixel 8a,Mobiles,Google,52999.0,18.6,43141.19,1,43141.19,3003.31,Telangana,Nizamabad,Cash on Delivery,5.0,1,0
BBD-0112278,2025-10-28 10:05:00,CUST-43607,PROD-8595,IFB 6.5kg Top Load Washer,Appliances,IFB,21990.0,22.5,17042.25,1,17042.25,993.51,Delhi,New Delhi,UPI,5.0,3,0
BBD-0112279,2025-10-31 19:47:00,CUST-62105,PROD-8021,POCO X6 Pro 5G,Mobiles,POCO,24999.0,20.5,19874.21,1,19874.21,802.58,Delhi,West Delhi,EMI,3.0,4,0
BBD-0112280,2025-10-17 15:00:00,CUST-17069,PROD-5353,Samsung Galaxy S24 5G,Mobiles,Samsung,74999.0,25.0,56249.25,1,56249.25,1581.48,Rajasthan,Jodhpur,UPI,4.5,1,0
BBD-0112281,2025-11-19 03:30:00,CUST-18980,PROD-9252,Levi's 511 Slim Fit Jeans,Fashion,Levi's,3999.0,42.5,2299.42,2,4598.84,999.88,Maharashtra,Nagpur,Credit Card,4.5,1,1
BBD-0112282,2025-10-24 09:49:00,CUST-54523,PROD-9632,Google Pixel 8a,Mobiles,Google,52999.0,15.7,44678.16,2,89356.32,2508.26,Delhi,North Delhi,UPI,4.5,3,0
BBD-0112283,2025-11-08 02:09:00,CUST-47039,PROD-9235,Nike Air Max Impact Shoes,Fashion,Nike,7995.0,36.6,5068.83,2,10137.66,2409.08,Telangana,Nizamabad,UPI,5.0,2,1
BBD-0112284,2025-11-02 05:51:00,CUST-98069,PROD-5353,Samsung Galaxy S24 5G,Mobiles,Samsung,74999.0,21.2,59099.21,1,59099.21,3968.75,Kerala,Kochi,UPI,5.0,5,0
BBD-0112285,2025-11-02 13:10:00,CUST-94358,PROD-0694,Bajaj New Shakti Neo Water Heater,Home & Kitchen,Bajaj,6999.0,44.0,3919.44,1,3919.44,670.76,Rajasthan,Kota,UPI,5.0,2,0
BBD-0112286,2025-10-29 21:32:00,CUST-84358,PROD-9632,Google Pixel 8a,Mobiles,Google,52999.0,17.7,43618.18,1,43618.18,2521.26,Karnataka,Mangalore,UPI,3.5,1,0
BBD-0112287,2025-11-12 01:17:00,CUST-63164,PROD-5846,Boat Nirvana Ion Earbuds,Electronics,boAt,4990.0,54.4,2275.44,1,2275.44,97.73,West Bengal,Durgapur,UPI,4.5,3,0
BBD-0112288,2025-11-07 08:28:00,CUST-75802,PROD-2480,Allen Solly Formal Trousers,Fashion,Allen Solly,2499.0,33.2,1669.33,1,1669.33,475.58,Maharashtra,Nagpur,Net Banking,4.5,2,0
BBD-0112289,2025-11-13 11:42:00,CUST-96362,PROD-6684,Apple iPhone 15 (128GB),Mobiles,Apple,79900.0,17.9,65597.9,1,65597.9,4360.24,Maharashtra,Nagpur,Credit Card,4.5,2,1
BBD-0112290,2025-11-03 04:32:00,CUST-60103,PROD-1462,Sony WH-1000XM5 Headphones,Electronics,Sony,29990.0,19.6,24111.96,1,24111.96,2001.85,Tamil Nadu,Salem,Credit Card,4.5,4,0
BBD-0112291,2025-11-06 18:57:00,CUST-36130,PROD-8347,FabIndia Cotton Printed Saree,Fashion,FabIndia,4990.0,36.9,3148.69,2,6297.38,1473.69,Delhi,North Delhi,UPI,5.0,1,0
BBD-0112292,2025-11-05 22:54:00,CUST-42255,PROD-7180,Philips Series 3000 Beard Trimmer,Beauty & Grooming,Philips,1895.0,22.2,1474.31,1,1474.31,486.23,Maharashtra,Pune,Cash on Delivery,5.0,2,0
BBD-0112293,2025-11-05 09:38:00,CUST-50764,PROD-5910,LG 43-inch UHD Smart TV,Electronics,LG,38990.0,26.0,28852.6,1,28852.6,3199.96,Kerala,Kochi,UPI,4.5,6,0
BBD-0112294,2025-11-04 03:12:00,CUST-60139,PROD-2875,Dell Inspiron 15 Laptop,Electronics,Dell,56990.0,22.0,44452.2,2,88904.4,8456.35,Uttar Pradesh,Agra,UPI,5.0,1,1
BBD-0112295,2025-11-14 14:59:00,CUST-55604,PROD-5353,Samsung Galaxy S24 5G,Mobiles,Samsung,74999.0,23.7,57224.24,1,57224.24,2459.88,Delhi,South Delhi,EMI,4.5,4,0
BBD-0112296,2025-10-20 00:16:00,CUST-94715,PROD-9760,Wakefit Orthopedic Memory Mattress,Home & Kitchen,Wakefit,12499.0,28.5,8936.79,2,17873.58,3314.14,West Bengal,Durgapur,Debit Card,4.0,1,0
BBD-0112297,2025-11-07 01:12:00,CUST-88895,PROD-8021,POCO X6 Pro 5G,Mobiles,POCO,24999.0,23.1,19224.23,1,19224.23,384.48,Karnataka,Mysore,UPI,5.0,2,0
BBD-0112298,2025-11-07 17:46:00,CUST-24658,PROD-8021,POCO X6 Pro 5G,Mobiles,POCO,24999.0,28.0,17999.28,1,17999.28,359.99,Karnataka,Mangalore,EMI,5.0,3,0
BBD-0112299,2025-10-17 04:43:00,CUST-95211,PROD-6305,The Derma Co 1% Hyaluronic Sunscreen,Beauty & Grooming,The Derma Co,499.0,24.2,378.24,4,1512.96,466.89,Kerala,Kozhikode,Credit Card,5.0,7,0
BBD-0112300,2025-11-02 22:28:00,CUST-77863,PROD-5305,Maybelline New York Matte Lipstick,Beauty & Grooming,Maybelline,449.0,39.4,272.09,2,544.18,167.83,Maharashtra,Nagpur,Debit Card,4.0,6,0
BBD-0112301,2025-11-11 13:49:00,CUST-93200,PROD-5353,Samsung Galaxy S24 5G,Mobiles,Samsung,74999.0,12.5,65624.12,1,65624.12,5262.3,Haryana,Faridabad,Debit Card,4.0,1,0
BBD-0112302,2025-10-22 13:10:00,CUST-69295,PROD-5353,Samsung Galaxy S24 5G,Mobiles,Samsung,74999.0,14.0,64499.14,2,128998.28,4049.87,Haryana,Faridabad,Credit Card,3.5,2,0
BBD-0112303,2025-11-20 09:13:00,CUST-81170,PROD-7180,Philips Series 3000 Beard Trimmer,Beauty & Grooming,Philips,1895.0,20.0,1516.0,3,4548.0,1550.94,Uttar Pradesh,Varanasi,EMI,3.5,1,0
BBD-0112304,2025-10-18 15:09:00,CUST-27830,PROD-9399,Motorola Edge 50 Fusion,Mobiles,Motorola,22999.0,27.5,16674.27,1,16674.27,625.51,Uttar Pradesh,Noida,Credit Card,4.0,4,0
BBD-0112305,2025-11-10 07:42:00,CUST-72075,PROD-9399,Motorola Edge 50 Fusion,Mobiles,Motorola,22999.0,18.5,18744.18,2,37488.36,2144.14,Haryana,Panipat,Net Banking,5.0,1,0
BBD-0112306,2025-10-18 14:46:00,CUST-75700,PROD-2480,Allen Solly Formal Trousers,Fashion,Allen Solly,2499.0,44.3,1391.94,2,2783.88,605.77,West Bengal,Durgapur,Cash on Delivery,4.5,4,1
BBD-0112307,2025-11-12 06:49:00,CUST-28486,PROD-7356,Biba Women Embroidered Kurta,Fashion,Biba,3299.0,51.2,1609.91,4,6439.64,1492.24,West Bengal,Siliguri,UPI,2.0,7,0
BBD-0112308,2025-11-02 16:28:00,CUST-24909,PROD-8021,POCO X6 Pro 5G,Mobiles,POCO,24999.0,21.5,19624.22,2,39248.44,2488.73,Maharashtra,Mumbai,Net Banking,4.5,3,0
BBD-0112309,2025-11-15 18:42:00,CUST-20814,PROD-8021,POCO X6 Pro 5G,Mobiles,POCO,24999.0,31.2,17199.31,1,17199.31,343.99,Uttar Pradesh,Kanpur,UPI,5.0,1,0
BBD-0112310,2025-11-10 10:53:00,CUST-65942,PROD-9399,Motorola Edge 50 Fusion,Mobiles,Motorola,22999.0,24.8,17295.25,1,17295.25,345.91,Haryana,Faridabad,Credit Card,5.0,3,0
BBD-0112311,2025-10-16 15:56:00,CUST-40442,PROD-2993,Xiaomi Redmi Note 13 Pro,Mobiles,Xiaomi,25999.0,32.0,17679.32,1,17679.32,353.59,Tamil Nadu,Madurai,UPI,4.5,2,1
BBD-0112312,2025-11-03 03:48:00,CUST-53140,PROD-9632,Google Pixel 8a,Mobiles,Google,52999.0,25.5,39484.25,1,39484.25,2022.75,Haryana,Faridabad,EMI,4.5,5,0
BBD-0112313,2025-10-31 11:30:00,CUST-44717,PROD-6684,Apple iPhone 15 (128GB),Mobiles,Apple,79900.0,25.8,59285.8,1,59285.8,3074.97,Telangana,Nizamabad,Credit Card,4.5,1,0
BBD-0112314,2025-11-07 04:50:00,CUST-76688,PROD-5305,Maybelline New York Matte Lipstick,Beauty & Grooming,Maybelline,449.0,27.0,327.77,1,327.77,109.38,Kerala,Thiruvananthapuram,Credit Card,5.0,5,0
BBD-0112315,2025-10-18 16:51:00,CUST-89858,PROD-2875,Dell Inspiron 15 Laptop,Electronics,Dell,56990.0,15.2,48327.52,1,48327.52,6706.99,Haryana,Faridabad,UPI,4.5,3,0
BBD-0112316,2025-10-28 13:58:00,CUST-13361,PROD-5387,Minimalist 10% Niacinamide Serum,Beauty & Grooming,Minimalist,599.0,5.0,569.05,2,1138.1,418.66,Kerala,Kozhikode,Debit Card,5.0,3,0
BBD-0112317,2025-11-20 23:00:00,CUST-79552,PROD-5805,LG 8kg Front Load Washing Machine,Appliances,LG,41990.0,27.7,30358.77,1,30358.77,1597.92,Maharashtra,Nashik,UPI,5.0,1,0
BBD-0112318,2025-11-03 07:33:00,CUST-43872,PROD-1712,Prestige Iris 750W Mixer Grinder,Home & Kitchen,Prestige,4295.0,45.0,2362.25,1,2362.25,388.26,Telangana,Nizamabad,Credit Card,5.0,2,0
BBD-0112319,2025-10-16 02:38:00,CUST-37396,PROD-6684,Apple iPhone 15 (128GB),Mobiles,Apple,79900.0,20.4,63600.4,1,63600.4,1272.01,Tamil Nadu,Chennai,UPI,4.0,4,0
BBD-0112320,2025-11-04 09:02:00,CUST-68250,PROD-2405,HP Pavilion Gaming Laptop,Electronics,HP,68990.0,16.5,57606.65,1,57606.65,7798.91,Kerala,Kochi,Cash on Delivery,5.0,4,0
BBD-0112321,2025-11-06 17:19:00,CUST-59204,PROD-4226,JBL Flip 6 Bluetooth Speaker,Electronics,JBL,11999.0,32.5,8099.33,2,16198.66,1706.07,Tamil Nadu,Madurai,UPI,5.0,4,0
BBD-0112322,2025-10-23 23:52:00,CUST-86682,PROD-5387,Minimalist 10% Niacinamide Serum,Beauty & Grooming,Minimalist,599.0,7.1,556.47,1,556.47,189.15,Maharashtra,Pune,Debit Card,5.0,6,0
BBD-0112323,2025-11-20 23:29:00,CUST-51770,PROD-5846,Boat Nirvana Ion Earbuds,Electronics,boAt,4990.0,60.6,1966.06,1,1966.06,39.32,Haryana,Gurgaon,Credit Card,5.0,4,0
BBD-0112324,2025-10-23 15:55:00,CUST-71253,PROD-8021,POCO X6 Pro 5G,Mobiles,POCO,24999.0,21.1,19724.21,2,39448.42,972.06,Kerala,Kochi,UPI,4.5,3,0
BBD-0112325,2025-10-20 02:54:00,CUST-24335,PROD-9235,Nike Air Max Impact Shoes,Fashion,Nike,7995.0,40.2,4781.01,1,4781.01,1169.17,Tamil Nadu,Coimbatore,Credit Card,5.0,2,0
BBD-0112326,2025-10-30 12:44:00,CUST-16969,PROD-2993,Xiaomi Redmi Note 13 Pro,Mobiles,Xiaomi,25999.0,25.5,19369.26,1,19369.26,387.39,Tamil Nadu,Madurai,Credit Card,5.0,1,0
BBD-0112327,2025-11-09 09:54:00,CUST-10974,PROD-9632,Google Pixel 8a,Mobiles,Google,52999.0,21.2,41763.21,2,83526.42,4898.49,West Bengal,Kolkata,Credit Card,5.0,5,0
BBD-0112328,2025-11-02 00:12:00,CUST-16508,PROD-5675,L'Oreal Paris Total Repair Hair Mask,Beauty & Grooming,L'Oreal,499.0,14.1,428.64,1,428.64,135.64,Uttar Pradesh,Agra,UPI,5.0,3,0
BBD-0112329,2025-11-04 04:24:00,CUST-41968,PROD-9235,Nike Air Max Impact Shoes,Fashion,Nike,7995.0,27.2,5820.36,1,5820.36,1751.18,Maharashtra,Pune,Credit Card,4.5,2,1
BBD-0112330,2025-11-15 17:17:00,CUST-94173,PROD-7214,Realme 12 Pro+ 5G,Mobiles,Realme,29999.0,16.7,24989.17,1,24989.17,1457.57,Kerala,Thiruvananthapuram,UPI,5.0,2,0
BBD-0112331,2025-11-08 05:26:00,CUST-19371,PROD-4226,JBL Flip 6 Bluetooth Speaker,Electronics,JBL,11999.0,35.3,7763.35,3,23290.05,2210.38,Haryana,Faridabad,Debit Card,3.5,2,0
BBD-0112332,2025-11-20 10:31:00,CUST-23163,PROD-1462,Sony WH-1000XM5 Headphones,Electronics,Sony,29990.0,28.2,21532.82,1,21532.82,2212.93,Tamil Nadu,Salem,Credit Card,5.0,2,0
BBD-0112333,2025-10-25 11:12:00,CUST-76913,PROD-7356,Biba Women Embroidered Kurta,Fashion,Biba,3299.0,52.2,1576.92,2,3153.84,712.19,Gujarat,Surat,UPI,4.5,3,0
BBD-0112334,2025-11-08 18:36:00,CUST-76110,PROD-7356,Biba Women Embroidered Kurta,Fashion,Biba,3299.0,52.8,1557.13,1,1557.13,379.73,Kerala,Kozhikode,Debit Card,2.0,3,0
BBD-0112335,2025-11-17 07:40:00,CUST-71955,PROD-9760,Wakefit Orthopedic Memory Mattress,Home & Kitchen,Wakefit,12499.0,41.5,7311.91,1,7311.91,1273.23,Kerala,Kochi,UPI,5.0,2,1
BBD-0112336,2025-11-19 01:40:00,CUST-32619,PROD-1208,Adidas Originals Trefoil Hoodie,Fashion,Adidas,4599.0,39.6,2777.8,1,2777.8,614.16,Uttar Pradesh,Kanpur,Credit Card,4.0,6,0
BBD-0112337,2025-10-30 02:55:00,CUST-90510,PROD-2405,HP Pavilion Gaming Laptop,Electronics,HP,68990.0,20.8,54640.08,1,54640.08,6690.77,West Bengal,Howrah,UPI,5.0,6,0
BBD-0112338,2025-10-29 06:46:00,CUST-35938,PROD-5305,Maybelline New York Matte Lipstick,Beauty & Grooming,Maybelline,449.0,41.5,262.66,1,262.66,73.47,Rajasthan,Jaipur,UPI,5.0,2,0
BBD-0112339,2025-10-19 16:03:00,CUST-67859,PROD-2875,Dell Inspiron 15 Laptop,Electronics,Dell,56990.0,21.2,44908.12,2,89816.24,8010.64,Kerala,Kochi,UPI,4.0,2,0
BBD-0112340,2025-10-19 21:32:00,CUST-67153,PROD-9760,Wakefit Orthopedic Memory Mattress,Home & Kitchen,Wakefit,12499.0,40.8,7399.41,1,7399.41,1292.64,Gujarat,Ahmedabad,UPI,5.0,2,1
BBD-0112341,2025-10-27 01:26:00,CUST-66896,PROD-3168,Puma Men Motorsport Sneakers,Fashion,Puma,5499.0,47.0,2914.47,3,8743.41,2093.71,Delhi,South Delhi,UPI,4.0,7,0
BBD-0112342,2025-11-08 13:31:00,CUST-76913,PROD-6082,Samsung 55-inch 4K Smart TV,Electronics,Samsung,54990.0,41.9,31949.19,1,31949.19,1504.5,Telangana,Hyderabad,Net Banking,4.0,2,0
BBD-0112343,2025-11-06 23:24:00,CUST-92404,PROD-5675,L'Oreal Paris Total Repair Hair Mask,Beauty & Grooming,L'Oreal,499.0,17.3,412.67,4,1650.68,552.09,Haryana,Panipat,UPI,5.0,4,0
BBD-0112344,2025-10-24 08:36:00,CUST-51774,PROD-5675,L'Oreal Paris Total Repair Hair Mask,Beauty & Grooming,L'Oreal,499.0,19.1,403.69,1,403.69,125.55,West Bengal,Kolkata,Cash on Delivery,5.0,3,0
BBD-0112345,2025-11-06 12:33:00,CUST-36650,PROD-8482,Kent Grand Plus RO Water Purifier,Home & Kitchen,Kent,18500.0,26.8,13542.0,1,13542.0,2629.27,Haryana,Faridabad,Net Banking,3.5,3,0
BBD-0112346,2025-10-21 06:36:00,CUST-46327,PROD-8482,Kent Grand Plus RO Water Purifier,Home & Kitchen,Kent,18500.0,20.8,14652.0,1,14652.0,3136.25,Telangana,Warangal,Credit Card,5.0,2,0
BBD-0112347,2025-10-18 05:50:00,CUST-81719,PROD-9632,Google Pixel 8a,Mobiles,Google,52999.0,12.9,46162.13,1,46162.13,3273.62,Karnataka,Mysore,Net Banking,5.0,1,0
BBD-0112348,2025-11-03 18:59:00,CUST-75802,PROD-0023,Philips Digital Air Fryer,Home & Kitchen,Philips,10995.0,41.6,6421.08,1,6421.08,955.0,Kerala,Kozhikode,UPI,4.0,2,0
BBD-0112349,2025-11-06 20:53:00,CUST-37204,PROD-4226,JBL Flip 6 Bluetooth Speaker,Electronics,JBL,11999.0,28.9,8531.29,2,17062.58,1874.46,Tamil Nadu,Madurai,UPI,4.0,3,0
BBD-0112350,2025-11-16 06:13:00,CUST-96376,PROD-5846,Boat Nirvana Ion Earbuds,Electronics,boAt,4990.0,68.4,1576.84,2,3153.68,63.07,Gujarat,Surat,UPI,5.0,2,0
BBD-0112351,2025-11-09 03:23:00,CUST-53711,PROD-6305,The Derma Co 1% Hyaluronic Sunscreen,Beauty & Grooming,The Derma Co,499.0,17.8,410.18,1,410.18,144.17,Tamil Nadu,Madurai,Credit Card,4.5,1,0
BBD-0112352,2025-10-20 16:31:00,CUST-94830,PROD-1712,Prestige Iris 750W Mixer Grinder,Home & Kitchen,Prestige,4295.0,41.9,2495.39,2,4990.78,819.0,Delhi,New Delhi,EMI,4.5,3,0
BBD-0112353,2025-11-11 18:34:00,CUST-94231,PROD-2875,Dell Inspiron 15 Laptop,Electronics,Dell,56990.0,19.9,45648.99,1,45648.99,3700.92,Telangana,Warangal,Net Banking,4.5,4,0
BBD-0112354,2025-11-14 09:48:00,CUST-87177,PROD-8627,Apple iPad 10th Gen,Electronics,Apple,39900.0,20.1,31880.1,1,31880.1,3041.42,Karnataka,Mangalore,UPI,4.5,2,0
BBD-0112355,2025-10-16 04:38:00,CUST-64579,PROD-5305,Maybelline New York Matte Lipstick,Beauty & Grooming,Maybelline,449.0,26.2,331.36,1,331.36,94.83,Haryana,Faridabad,Cash on Delivery,5.0,4,0
BBD-0112356,2025-11-19 01:42:00,CUST-29941,PROD-6814,Noise ColorFit Pro 5 Smartwatch,Electronics,Noise,3999.0,57.4,1703.57,1,1703.57,94.59,Maharashtra,Mumbai,Debit Card,5.0,2,0
BBD-0112357,2025-11-05 15:12:00,CUST-53106,PROD-2993,Xiaomi Redmi Note 13 Pro,Mobiles,Xiaomi,25999.0,29.6,18303.3,1,18303.3,375.63,Rajasthan,Kota,Credit Card,5.0,4,0
BBD-0112358,2025-11-15 00:29:00,CUST-15664,PROD-6098,OnePlus 12R,Mobiles,OnePlus,39999.0,14.2,34319.14,2,68638.28,2488.41,Haryana,Panipat,UPI,3.5,1,0
BBD-0112359,2025-11-17 12:29:00,CUST-12114,PROD-7214,Realme 12 Pro+ 5G,Mobiles,Realme,29999.0,29.1,21269.29,1,21269.29,972.46,West Bengal,Siliguri,Credit Card,5.0,3,0
BBD-0112360,2025-11-12 19:28:00,CUST-80753,PROD-0367,Whirlpool 265L Frost Free Refrigerator,Appliances,Whirlpool,32490.0,31.0,22418.1,2,44836.2,3961.31,West Bengal,Howrah,UPI,5.0,6,0
BBD-0112361,2025-11-16 06:14:00,CUST-12223,PROD-9235,Nike Air Max Impact Shoes,Fashion,Nike,7995.0,24.4,6044.22,1,6044.22,1539.59,Uttar Pradesh,Agra,UPI,5.0,1,0
BBD-0112362,2025-11-01 03:35:00,CUST-52721,PROD-6684,Apple iPhone 15 (128GB),Mobiles,Apple,79900.0,19.4,64399.4,1,64399.4,3074.86,Karnataka,Mysore,UPI,5.0,2,0
BBD-0112363,2025-10-25 06:09:00,CUST-46084,PROD-4226,JBL Flip 6 Bluetooth Speaker,Electronics,JBL,11999.0,22.2,9335.22,1,9335.22,813.18,Telangana,Nizamabad,UPI,5.0,3,0
BBD-0112364,2025-10-25 18:01:00,CUST-28765,PROD-7180,Philips Series 3000 Beard Trimmer,Beauty & Grooming,Philips,1895.0,33.2,1265.86,1,1265.86,341.26,Haryana,Panipat,Credit Card,4.5,4,0
BBD-0112365,2025-11-14 13:42:00,CUST-42259,PROD-9632,Google Pixel 8a,Mobiles,Google,52999.0,26.8,38795.27,1,38795.27,775.91,Kerala,Kozhikode,UPI,4.0,2,0
BBD-0112366,2025-11-12 16:56:00,CUST-57026,PROD-9399,Motorola Edge 50 Fusion,Mobiles,Motorola,22999.0,20.8,18215.21,1,18215.21,364.3,Tamil Nadu,Salem,UPI,5.0,3,0
BBD-0112367,2025-11-10 12:53:00,CUST-76182,PROD-7356,Biba Women Embroidered Kurta,Fashion,Biba,3299.0,57.6,1398.78,1,1398.78,338.5,Delhi,West Delhi,Net Banking,5.0,4,1
BBD-0112368,2025-11-08 13:39:00,CUST-57433,PROD-2405,HP Pavilion Gaming Laptop,Electronics,HP,68990.0,23.8,52570.38,1,52570.38,6469.32,West Bengal,Durgapur,Credit Card,3.5,5,0
BBD-0112369,2025-10-31 11:24:00,CUST-55210,PROD-8409,Zara Textured Casual Shirt,Fashion,Zara,2990.0,34.4,1961.44,3,5884.32,1683.7,Tamil Nadu,Chennai,Credit Card,4.0,3,0
BBD-0112370,2025-11-06 05:29:00,CUST-84252,PROD-1208,Adidas Originals Trefoil Hoodie,Fashion,Adidas,4599.0,40.5,2736.4,4,10945.6,2826.09,Telangana,Nizamabad,Credit Card,4.5,4,0
BBD-0112371,2025-11-05 18:34:00,CUST-92353,PROD-6684,Apple iPhone 15 (128GB),Mobiles,Apple,79900.0,11.3,70871.3,1,70871.3,2324.99,Rajasthan,Udaipur,UPI,5.0,7,0
BBD-0112372,2025-11-17 23:27:00,CUST-20267,PROD-0694,Bajaj New Shakti Neo Water Heater,Home & Kitchen,Bajaj,6999.0,26.1,5172.26,3,15516.78,3049.94,Rajasthan,Jaipur,Debit Card,5.0,3,0
BBD-0112373,2025-11-16 05:18:00,CUST-78255,PROD-2897,Bombay Shaving Co Grooming Kit,Beauty & Grooming,Bombay Shaving Co,1499.0,48.0,779.48,1,779.48,189.61,Kerala,Kozhikode,UPI,5.0,2,0
BBD-0112374,2025-10-26 07:29:00,CUST-73940,PROD-2480,Allen Solly Formal Trousers,Fashion,Allen Solly,2499.0,33.9,1651.84,1,1651.84,446.9,Uttar Pradesh,Agra,Credit Card,4.5,5,0
BBD-0112375,2025-11-11 17:40:00,CUST-35752,PROD-4226,JBL Flip 6 Bluetooth Speaker,Electronics,JBL,11999.0,22.3,9323.22,1,9323.22,1196.25,Karnataka,Hubli,UPI,3.5,2,0
BBD-0112376,2025-10-18 11:49:00,CUST-88560,PROD-8595,IFB 6.5kg Top Load Washer,Appliances,IFB,21990.0,33.1,14711.31,1,14711.31,612.22,Tamil Nadu,Chennai,Cash on Delivery,5.0,3,0
BBD-0112377,2025-11-12 12:14:00,CUST-60831,PROD-9399,Motorola Edge 50 Fusion,Mobiles,Motorola,22999.0,24.6,17341.25,1,17341.25,346.82,Uttar Pradesh,Noida,UPI,4.5,3,0
BBD-0112378,2025-11-16 17:48:00,CUST-25521,PROD-5910,LG 43-inch UHD Smart TV,Electronics,LG,38990.0,38.3,24056.83,1,24056.83,1240.88,Tamil Nadu,Salem,Credit Card,5.0,1,0
BBD-0112379,2025-11-11 21:16:00,CUST-17872,PROD-5387,Minimalist 10% Niacinamide Serum,Beauty & Grooming,Minimalist,599.0,21.9,467.82,2,935.64,287.61,Haryana,Faridabad,UPI,5.0,2,0
BBD-0112380,2025-10-29 21:12:00,CUST-15846,PROD-5353,Samsung Galaxy S24 5G,Mobiles,Samsung,74999.0,27.9,54074.28,1,54074.28,1081.49,Telangana,Warangal,Debit Card,5.0,1,0
BBD-0112381,2025-10-21 20:50:00,CUST-77249,PROD-6684,Apple iPhone 15 (128GB),Mobiles,Apple,79900.0,26.5,58726.5,1,58726.5,1174.53,Rajasthan,Jodhpur,UPI,4.5,1,0
BBD-0112382,2025-10-21 05:02:00,CUST-24672,PROD-3168,Puma Men Motorsport Sneakers,Fashion,Puma,5499.0,48.4,2837.48,1,2837.48,688.93,Rajasthan,Jodhpur,UPI,4.0,5,0
BBD-0112383,2025-10-18 03:24:00,CUST-28292,PROD-6684,Apple iPhone 15 (128GB),Mobiles,Apple,79900.0,24.9,60004.9,1,60004.9,1232.6,Uttar Pradesh,Kanpur,UPI,3.5,1,0
BBD-0112384,2025-11-05 00:38:00,CUST-81118,PROD-0023,Philips Digital Air Fryer,Home & Kitchen,Philips,10995.0,30.1,7685.51,1,7685.51,1123.53,West Bengal,Howrah,UPI,4.5,2,0
BBD-0112385,2025-11-07 06:39:00,CUST-32031,PROD-2875,Dell Inspiron 15 Laptop,Electronics,Dell,56990.0,16.0,47871.6,1,47871.6,5233.39,Karnataka,Mangalore,UPI,5.0,3,0
BBD-0112386,2025-11-13 09:46:00,CUST-73184,PROD-8021,POCO X6 Pro 5G,Mobiles,POCO,24999.0,19.6,20099.2,1,20099.2,416.19,Uttar Pradesh,Agra,Debit Card,5.0,1,0
BBD-0112387,2025-10-23 20:58:00,CUST-67009,PROD-6305,The Derma Co 1% Hyaluronic Sunscreen,Beauty & Grooming,The Derma Co,499.0,20.1,398.7,1,398.7,129.51,Gujarat,Rajkot,UPI,5.0,1,0
BBD-0112388,2025-10-27 01:50:00,CUST-20453,PROD-2480,Allen Solly Formal Trousers,Fashion,Allen Solly,2499.0,40.5,1486.9,4,5947.6,1642.21,Haryana,Panipat,Cash on Delivery,4.0,3,0
BBD-0112389,2025-11-10 14:27:00,CUST-65048,PROD-2875,Dell Inspiron 15 Laptop,Electronics,Dell,56990.0,29.1,40405.91,1,40405.91,4083.71,West Bengal,Durgapur,Debit Card,4.5,2,0
BBD-0112390,2025-11-08 03:54:00,CUST-74272,PROD-8409,Zara Textured Casual Shirt,Fashion,Zara,2990.0,26.5,2197.65,3,6592.95,1979.18,Telangana,Warangal,Debit Card,5.0,2,0
BBD-0112391,2025-11-14 05:40:00,CUST-34363,PROD-2875,Dell Inspiron 15 Laptop,Electronics,Dell,56990.0,24.5,43027.45,2,86054.9,9864.0,Delhi,West Delhi,UPI,5.0,3,0
BBD-0112392,2025-10-19 02:04:00,CUST-23881,PROD-5910,LG 43-inch UHD Smart TV,Electronics,LG,38990.0,36.6,24719.66,3,74158.98,4742.69,West Bengal,Durgapur,EMI,5.0,2,0
BBD-0112393,2025-11-12 16:52:00,CUST-94663,PROD-2993,Xiaomi Redmi Note 13 Pro,Mobiles,Xiaomi,25999.0,24.7,19577.25,1,19577.25,395.0,Delhi,North Delhi,UPI,5.0,1,0
BBD-0112394,2025-11-06 13:14:00,CUST-56916,PROD-8021,POCO X6 Pro 5G,Mobiles,POCO,24999.0,24.6,18849.25,1,18849.25,990.1,Uttar Pradesh,Noida,Debit Card,5.0,3,0
BBD-0112395,2025-11-17 09:58:00,CUST-44468,PROD-9399,Motorola Edge 50 Fusion,Mobiles,Motorola,22999.0,18.0,18859.18,1,18859.18,1068.4,Rajasthan,Jodhpur,Debit Card,4.5,3,0
BBD-0112396,2025-11-06 21:51:00,CUST-52654,PROD-0023,Philips Digital Air Fryer,Home & Kitchen,Philips,10995.0,46.8,5849.34,1,5849.34,716.36,Tamil Nadu,Coimbatore,Credit Card,5.0,4,0
BBD-0112397,2025-11-01 02:16:00,CUST-46578,PROD-2875,Dell Inspiron 15 Laptop,Electronics,Dell,56990.0,12.1,50094.21,1,50094.21,6174.58,Kerala,Thiruvananthapuram,Credit Card,4.5,3,0
BBD-0112398,2025-11-19 19:18:00,CUST-37737,PROD-7214,Realme 12 Pro+ 5G,Mobiles,Realme,29999.0,15.7,25289.16,1,25289.16,808.73,Telangana,Hyderabad,Debit Card,4.0,2,0
BBD-0112399,2025-11-10 15:43:00,CUST-54631,PROD-9235,Nike Air Max Impact Shoes,Fashion,Nike,7995.0,33.5,5316.68,1,5316.68,1256.18,Rajasthan,Kota,UPI,4.5,1,0
BBD-0112400,2025-10-22 14:53:00,CUST-67009,PROD-2875,Dell Inspiron 15 Laptop,Electronics,Dell,56990.0,15.4,48213.54,1,48213.54,6297.91,Uttar Pradesh,Agra,UPI,5.0,1,0
BBD-0112401,2025-11-20 20:56:00,CUST-64951,PROD-3168,Puma Men Motorsport Sneakers,Fashion,Puma,5499.0,46.5,2941.96,2,5883.92,1297.59,Haryana,Gurgaon,Credit Card,5.0,1,0
BBD-0112402,2025-11-10 00:09:00,CUST-62099,PROD-2480,Allen Solly Formal Trousers,Fashion,Allen Solly,2499.0,37.8,1554.38,2,3108.76,853.48,Karnataka,Mysore,UPI,4.5,4,0
BBD-0112403,2025-10-18 11:08:00,CUST-53333,PROD-5910,LG 43-inch UHD Smart TV,Electronics,LG,38990.0,24.8,29320.48,1,29320.48,3734.2,Gujarat,Rajkot,UPI,3.5,2,0
BBD-0112404,2025-10-24 18:06:00,CUST-56498,PROD-8627,Apple iPad 10th Gen,Electronics,Apple,39900.0,17.4,32957.4,2,65914.8,7770.85,Tamil Nadu,Salem,Cash on Delivery,3.0,3,0
BBD-0112405,2025-11-14 06:01:00,CUST-76982,PROD-8627,Apple iPad 10th Gen,Electronics,Apple,39900.0,15.2,33835.2,1,33835.2,3794.55,Rajasthan,Udaipur,UPI,3.0,1,0
BBD-0112406,2025-11-07 15:04:00,CUST-72582,PROD-8021,POCO X6 Pro 5G,Mobiles,POCO,24999.0,21.9,19524.22,1,19524.22,1118.73,Rajasthan,Udaipur,UPI,4.0,3,0
BBD-0112407,2025-11-04 11:04:00,CUST-23612,PROD-8595,IFB 6.5kg Top Load Washer,Appliances,IFB,21990.0,20.2,17548.02,1,17548.02,1049.04,Delhi,West Delhi,UPI,3.5,2,0
BBD-0112408,2025-11-09 09:25:00,CUST-45349,PROD-9399,Motorola Edge 50 Fusion,Mobiles,Motorola,22999.0,18.2,18813.18,1,18813.18,829.49,Delhi,West Delhi,UPI,4.0,7,1
BBD-0112409,2025-11-20 04:27:00,CUST-60558,PROD-6157,Godrej 190L Direct Cool Refrigerator,Appliances,Godrej,16990.0,17.1,14084.71,1,14084.71,1066.8,Delhi,North Delhi,Credit Card,5.0,1,0
BBD-0112410,2025-11-12 23:00:00,CUST-39698,PROD-8482,Kent Grand Plus RO Water Purifier,Home & Kitchen,Kent,18500.0,22.0,14430.0,1,14430.0,2852.26,Tamil Nadu,Chennai,Credit Card,5.0,2,0
BBD-0112411,2025-11-10 02:12:00,CUST-19919,PROD-8409,Zara Textured Casual Shirt,Fashion,Zara,2990.0,27.5,2167.75,3,6503.25,1965.28,Rajasthan,Jaipur,Debit Card,5.0,2,0
BBD-0112412,2025-11-18 10:45:00,CUST-96244,PROD-9760,Wakefit Orthopedic Memory Mattress,Home & Kitchen,Wakefit,12499.0,38.2,7724.38,1,7724.38,1220.21,Tamil Nadu,Coimbatore,EMI,4.5,2,0
BBD-0112413,2025-10-19 06:19:00,CUST-91078,PROD-4226,JBL Flip 6 Bluetooth Speaker,Electronics,JBL,11999.0,35.7,7715.36,1,7715.36,463.73,Karnataka,Bangalore,Debit Card,4.5,4,0
BBD-0112414,2025-11-10 14:22:00,CUST-66807,PROD-2480,Allen Solly Formal Trousers,Fashion,Allen Solly,2499.0,36.4,1589.36,1,1589.36,376.99,Kerala,Kozhikode,UPI,4.5,2,0
BBD-0112415,2025-11-02 15:54:00,CUST-58463,PROD-6305,The Derma Co 1% Hyaluronic Sunscreen,Beauty & Grooming,The Derma Co,499.0,25.4,372.25,1,372.25,119.14,Telangana,Nizamabad,EMI,4.5,1,0
BBD-0112416,2025-10-21 14:12:00,CUST-94916,PROD-2405,HP Pavilion Gaming Laptop,Electronics,HP,68990.0,29.2,48844.92,1,48844.92,5146.67,Telangana,Warangal,Cash on Delivery,4.0,2,0
BBD-0112417,2025-10-28 04:20:00,CUST-86721,PROD-6098,OnePlus 12R,Mobiles,OnePlus,39999.0,9.9,36039.1,1,36039.1,1809.98,West Bengal,Siliguri,Net Banking,5.0,2,0
BBD-0112418,2025-10-24 22:49:00,CUST-77693,PROD-2897,Bombay Shaving Co Grooming Kit,Beauty & Grooming,Bombay Shaving Co,1499.0,51.7,724.02,4,2896.08,718.55,Maharashtra,Mumbai,UPI,4.5,2,0
BBD-0112419,2025-11-01 08:36:00,CUST-60352,PROD-2480,Allen Solly Formal Trousers,Fashion,Allen Solly,2499.0,30.2,1744.3,1,1744.3,445.43,Tamil Nadu,Coimbatore,UPI,5.0,2,1
BBD-0112420,2025-11-12 19:31:00,CUST-75293,PROD-7725,Milton Thermosteel 1L Flask,Home & Kitchen,Milton,1150.0,29.8,807.3,1,807.3,141.45,Haryana,Panipat,UPI,4.5,3,0
BBD-0112421,2025-11-18 15:22:00,CUST-73800,PROD-7214,Realme 12 Pro+ 5G,Mobiles,Realme,29999.0,14.4,25679.14,1,25679.14,628.45,Telangana,Nizamabad,UPI,4.5,3,0
BBD-0112422,2025-10-18 02:07:00,CUST-65208,PROD-6305,The Derma Co 1% Hyaluronic Sunscreen,Beauty & Grooming,The Derma Co,499.0,22.4,387.22,1,387.22,130.77,West Bengal,Siliguri,UPI,5.0,2,0
BBD-0112423,2025-10-20 17:11:00,CUST-45592,PROD-8627,Apple iPad 10th Gen,Electronics,Apple,39900.0,6.3,37386.3,1,37386.3,4026.6,Telangana,Nizamabad,Credit Card,5.0,1,0
BBD-0112424,2025-10-28 20:22:00,CUST-51199,PROD-8627,Apple iPad 10th Gen,Electronics,Apple,39900.0,12.3,34992.3,3,104976.9,11304.65,Telangana,Hyderabad,UPI,4.5,2,0
BBD-0112425,2025-11-15 23:33:00,CUST-82575,PROD-2480,Allen Solly Formal Trousers,Fashion,Allen Solly,2499.0,45.2,1369.45,1,1369.45,306.86,Maharashtra,Pune,Credit Card,4.5,5,0
BBD-0112426,2025-10-22 00:45:00,CUST-69059,PROD-8627,Apple iPad 10th Gen,Electronics,Apple,39900.0,6.6,37266.6,1,37266.6,5253.75,Kerala,Thiruvananthapuram,Net Banking,5.0,2,0
BBD-0112427,2025-11-13 08:27:00,CUST-42220,PROD-9760,Wakefit Orthopedic Memory Mattress,Home & Kitchen,Wakefit,12499.0,34.7,8161.85,1,8161.85,1531.78,Rajasthan,Kota,Credit Card,5.0,3,0
BBD-0112428,2025-11-04 08:05:00,CUST-11534,PROD-2875,Dell Inspiron 15 Laptop,Electronics,Dell,56990.0,18.6,46389.86,2,92779.72,10062.7,Karnataka,Hubli,UPI,4.5,3,0
BBD-0112429,2025-10-16 11:39:00,CUST-63822,PROD-2480,Allen Solly Formal Trousers,Fashion,Allen Solly,2499.0,38.4,1539.38,1,1539.38,387.98,West Bengal,Howrah,Credit Card,4.5,3,0
BBD-0112430,2025-10-20 00:40:00,CUST-31773,PROD-7725,Milton Thermosteel 1L Flask,Home & Kitchen,Milton,1150.0,28.4,823.4,2,1646.8,314.19,Gujarat,Rajkot,Credit Card,4.5,4,0
BBD-0112431,2025-10-17 12:11:00,CUST-55694,PROD-8627,Apple iPad 10th Gen,Electronics,Apple,39900.0,18.1,32678.1,2,65356.2,6114.89,Gujarat,Surat,Cash on Delivery,5.0,2,0
BBD-0112432,2025-10-16 15:29:00,CUST-21462,PROD-9399,Motorola Edge 50 Fusion,Mobiles,Motorola,22999.0,28.2,16513.28,1,16513.28,382.5,Karnataka,Hubli,UPI,5.0,3,0
BBD-0112433,2025-11-06 22:31:00,CUST-35190,PROD-9399,Motorola Edge 50 Fusion,Mobiles,Motorola,22999.0,12.5,20124.12,1,20124.12,1616.3,Gujarat,Rajkot,Credit Card,4.5,3,0
BBD-0112434,2025-10-21 12:34:00,CUST-50289,PROD-8627,Apple iPad 10th Gen,Electronics,Apple,39900.0,17.6,32877.6,1,32877.6,4636.4,Kerala,Thiruvananthapuram,Net Banking,5.0,4,0
BBD-0112435,2025-11-03 19:52:00,CUST-18756,PROD-8627,Apple iPad 10th Gen,Electronics,Apple,39900.0,6.8,37186.8,3,111560.4,14673.48,Gujarat,Ahmedabad,UPI,5.0,2,0
BBD-0112436,2025-11-15 06:25:00,CUST-98995,PROD-9760,Wakefit Orthopedic Memory Mattress,Home & Kitchen,Wakefit,12499.0,30.6,8674.31,1,8674.31,1483.2,Kerala,Thiruvananthapuram,Credit Card,4.5,2,0
BBD-0112437,2025-10-18 13:49:00,CUST-11601,PROD-2480,Allen Solly Formal Trousers,Fashion,Allen Solly,2499.0,46.7,1331.97,3,3995.91,862.57,West Bengal,Siliguri,UPI,5.0,1,0
BBD-0112438,2025-10-24 22:41:00,CUST-99422,PROD-6814,Noise ColorFit Pro 5 Smartwatch,Electronics,Noise,3999.0,52.0,1919.52,3,5758.56,137.37,Rajasthan,Jaipur,Credit Card,3.0,3,0
BBD-0112439,2025-10-23 14:45:00,CUST-97997,PROD-6098,OnePlus 12R,Mobiles,OnePlus,39999.0,18.8,32479.19,1,32479.19,925.57,Rajasthan,Jaipur,UPI,4.5,3,0
BBD-0112440,2025-10-31 20:46:00,CUST-21370,PROD-5387,Minimalist 10% Niacinamide Serum,Beauty & Grooming,Minimalist,599.0,5.0,569.05,1,569.05,196.43,Haryana,Panipat,EMI,5.0,2,0
BBD-0112441,2025-11-04 03:11:00,CUST-44436,PROD-9235,Nike Air Max Impact Shoes,Fashion,Nike,7995.0,37.8,4972.89,1,4972.89,1298.55,Uttar Pradesh,Lucknow,Credit Card,4.5,1,0
BBD-0112442,2025-10-18 10:55:00,CUST-47151,PROD-6814,Noise ColorFit Pro 5 Smartwatch,Electronics,Noise,3999.0,55.4,1783.55,1,1783.55,35.67,Karnataka,Hubli,UPI,4.5,5,0
BBD-0112443,2025-11-20 10:52:00,CUST-39441,PROD-9949,Daikin 1.5 Ton 5 Star Inverter AC,Appliances,Daikin,45990.0,18.2,37619.82,1,37619.82,3259.67,Tamil Nadu,Madurai,Credit Card,5.0,2,0
BBD-0112444,2025-10-26 21:35:00,CUST-62914,PROD-7214,Realme 12 Pro+ 5G,Mobiles,Realme,29999.0,25.7,22289.26,2,44578.52,2141.08,Tamil Nadu,Madurai,Net Banking,4.5,2,0
BBD-0112445,2025-10-20 18:15:00,CUST-54940,PROD-0694,Bajaj New Shakti Neo Water Heater,Home & Kitchen,Bajaj,6999.0,32.9,4696.33,1,4696.33,873.74,Kerala,Thiruvananthapuram,Credit Card,5.0,2,0
BBD-0112446,2025-10-26 12:41:00,CUST-95670,PROD-8021,POCO X6 Pro 5G,Mobiles,POCO,24999.0,31.4,17149.31,1,17149.31,342.99,Haryana,Faridabad,UPI,5.0,2,0
BBD-0112447,2025-10-21 05:52:00,CUST-76710,PROD-8347,FabIndia Cotton Printed Saree,Fashion,FabIndia,4990.0,25.4,3722.54,2,7445.08,2298.55,Uttar Pradesh,Lucknow,UPI,3.5,3,0
BBD-0112448,2025-10-26 22:28:00,CUST-10228,PROD-8409,Zara Textured Casual Shirt,Fashion,Zara,2990.0,34.7,1952.47,2,3904.94,1070.82,Tamil Nadu,Salem,Credit Card,5.0,6,0
BBD-0112449,2025-10-29 07:10:00,CUST-68801,PROD-6082,Samsung 55-inch 4K Smart TV,Electronics,Samsung,54990.0,37.1,34588.71,1,34588.71,2623.12,Karnataka,Mysore,Credit Card,5.0,3,0
BBD-0112450,2025-11-13 09:19:00,CUST-20483,PROD-1712,Prestige Iris 750W Mixer Grinder,Home & Kitchen,Prestige,4295.0,48.7,2203.33,1,2203.33,239.02,Kerala,Kozhikode,Debit Card,3.0,5,0
BBD-0112451,2025-11-13 23:15:00,CUST-99851,PROD-6082,Samsung 55-inch 4K Smart TV,Electronics,Samsung,54990.0,35.3,35578.53,2,71157.06,4666.42,Karnataka,Hubli,Debit Card,5.0,4,0
BBD-0112452,2025-11-19 21:56:00,CUST-42962,PROD-7356,Biba Women Embroidered Kurta,Fashion,Biba,3299.0,61.7,1263.52,2,2527.04,522.12,Uttar Pradesh,Noida,Cash on Delivery,5.0,2,0
BBD-0112453,2025-10-18 20:00:00,CUST-84243,PROD-7180,Philips Series 3000 Beard Trimmer,Beauty & Grooming,Philips,1895.0,27.0,1383.35,3,4150.05,1194.51,Delhi,West Delhi,UPI,4.0,2,0
BBD-0112454,2025-10-27 02:48:00,CUST-58334,PROD-8409,Zara Textured Casual Shirt,Fashion,Zara,2990.0,21.7,2341.17,1,2341.17,695.94,West Bengal,Kolkata,UPI,4.5,3,0
BBD-0112455,2025-11-09 13:25:00,CUST-51062,PROD-8409,Zara Textured Casual Shirt,Fashion,Zara,2990.0,34.0,1973.4,1,1973.4,575.05,Gujarat,Rajkot,Credit Card,3.0,1,0
BBD-0112456,2025-11-16 19:55:00,CUST-12593,PROD-6082,Samsung 55-inch 4K Smart TV,Electronics,Samsung,54990.0,32.4,37173.24,1,37173.24,2351.74,Delhi,New Delhi,EMI,5.0,2,0
BBD-0112457,2025-10-27 13:55:00,CUST-17375,PROD-8021,POCO X6 Pro 5G,Mobiles,POCO,24999.0,35.2,16199.35,1,16199.35,323.99,Maharashtra,Pune,Credit Card,5.0,3,0
BBD-0112458,2025-10-20 05:15:00,CUST-94231,PROD-0694,Bajaj New Shakti Neo Water Heater,Home & Kitchen,Bajaj,6999.0,32.9,4696.33,1,4696.33,715.41,West Bengal,Siliguri,Credit Card,5.0,3,0
BBD-0112459,2025-11-16 00:28:00,CUST-28429,PROD-9252,Levi's 511 Slim Fit Jeans,Fashion,Levi's,3999.0,51.3,1947.51,1,1947.51,424.44,Gujarat,Rajkot,Credit Card,4.0,2,1
BBD-0112460,2025-11-04 23:07:00,CUST-51939,PROD-6082,Samsung 55-inch 4K Smart TV,Electronics,Samsung,54990.0,38.0,34093.8,1,34093.8,3038.93,Gujarat,Ahmedabad,UPI,4.5,4,0
BBD-0112461,2025-11-19 16:31:00,CUST-36130,PROD-8627,Apple iPad 10th Gen,Electronics,Apple,39900.0,22.8,30802.8,1,30802.8,3178.82,Maharashtra,Nagpur,UPI,5.0,6,0
BBD-0112462,2025-11-03 19:27:00,CUST-98953,PROD-8021,POCO X6 Pro 5G,Mobiles,POCO,24999.0,23.5,19124.24,2,38248.48,1574.16,Maharashtra,Pune,UPI,5.0,2,0
BBD-0112463,2025-10-20 05:39:00,CUST-16052,PROD-5675,L'Oreal Paris Total Repair Hair Mask,Beauty & Grooming,L'Oreal,499.0,24.7,375.75,3,1127.25,342.89,Maharashtra,Mumbai,Cash on Delivery,4.5,3,0
BBD-0112464,2025-10-28 07:36:00,CUST-19267,PROD-9252,Levi's 511 Slim Fit Jeans,Fashion,Levi's,3999.0,45.6,2175.46,2,4350.92,968.31,Tamil Nadu,Salem,Net Banking,5.0,1,0
BBD-0112465,2025-11-12 01:29:00,CUST-63676,PROD-8347,FabIndia Cotton Printed Saree,Fashion,FabIndia,4990.0,32.9,3348.29,1,3348.29,948.18,Uttar Pradesh,Agra,Debit Card,5.0,4,0
BBD-0112466,2025-11-07 06:31:00,CUST-90280,PROD-6684,Apple iPhone 15 (128GB),Mobiles,Apple,79900.0,19.0,64719.0,1,64719.0,4346.16,Telangana,Warangal,UPI,4.5,2,0
BBD-0112467,2025-10-16 00:23:00,CUST-74996,PROD-7214,Realme 12 Pro+ 5G,Mobiles,Realme,29999.0,20.2,23939.2,1,23939.2,654.42,Tamil Nadu,Coimbatore,UPI,4.5,3,0
BBD-0112468,2025-10-27 14:22:00,CUST-57421,PROD-9399,Motorola Edge 50 Fusion,Mobiles,Motorola,22999.0,20.6,18261.21,1,18261.21,1149.5,Gujarat,Surat,UPI,4.0,3,0
BBD-0112469,2025-11-16 22:00:00,CUST-85879,PROD-9399,Motorola Edge 50 Fusion,Mobiles,Motorola,22999.0,17.3,19020.17,1,19020.17,1075.97,Tamil Nadu,Chennai,Credit Card,5.0,2,0
BBD-0112470,2025-11-12 07:08:00,CUST-37912,PROD-8627,Apple iPad 10th Gen,Electronics,Apple,39900.0,10.4,35750.4,1,35750.4,5556.07,Rajasthan,Jodhpur,UPI,4.5,4,0
BBD-0112471,2025-10-27 21:42:00,CUST-71141,PROD-5353,Samsung Galaxy S24 5G,Mobiles,Samsung,74999.0,25.5,55874.25,1,55874.25,1789.74,Kerala,Kozhikode,UPI,5.0,1,0
BBD-0112472,2025-11-19 16:44:00,CUST-24326,PROD-2897,Bombay Shaving Co Grooming Kit,Beauty & Grooming,Bombay Shaving Co,1499.0,45.9,810.96,2,1621.92,403.88,Tamil Nadu,Coimbatore,EMI,5.0,3,0
BBD-0112473,2025-10-26 07:34:00,CUST-42934,PROD-0694,Bajaj New Shakti Neo Water Heater,Home & Kitchen,Bajaj,6999.0,35.1,4542.35,2,9084.7,1476.84,Telangana,Warangal,Credit Card,4.0,1,0
BBD-0112474,2025-10-24 13:27:00,CUST-71141,PROD-6098,OnePlus 12R,Mobiles,OnePlus,39999.0,7.0,37199.07,1,37199.07,2705.68,West Bengal,Durgapur,Debit Card,4.0,4,0
BBD-0112475,2025-10-26 05:56:00,CUST-98761,PROD-5353,Samsung Galaxy S24 5G,Mobiles,Samsung,74999.0,20.1,59924.2,1,59924.2,1198.48,Uttar Pradesh,Varanasi,Cash on Delivery,3.0,3,0
BBD-0112476,2025-11-15 20:35:00,CUST-27808,PROD-1208,Adidas Originals Trefoil Hoodie,Fashion,Adidas,4599.0,45.9,2488.06,1,2488.06,659.28,Telangana,Hyderabad,UPI,4.0,1,0
BBD-0112477,2025-10-16 06:30:00,CUST-55514,PROD-6157,Godrej 190L Direct Cool Refrigerator,Appliances,Godrej,16990.0,29.6,11960.96,1,11960.96,922.58,Haryana,Panipat,Cash on Delivery,4.0,2,0
BBD-0112478,2025-11-19 22:21:00,CUST-49189,PROD-2875,Dell Inspiron 15 Laptop,Electronics,Dell,56990.0,16.2,47757.62,1,47757.62,4268.01,Delhi,New Delhi,Credit Card,5.0,6,0
BBD-0112479,2025-10-19 14:25:00,CUST-12187,PROD-9949,Daikin 1.5 Ton 5 Star Inverter AC,Appliances,Daikin,45990.0,27.8,33204.78,1,33204.78,2826.58,Tamil Nadu,Salem,Net Banking,4.0,3,0
BBD-0112480,2025-10-26 19:42:00,CUST-37273,PROD-5675,L'Oreal Paris Total Repair Hair Mask,Beauty & Grooming,L'Oreal,499.0,26.9,364.77,1,364.77,116.44,Delhi,West Delhi,Credit Card,2.0,3,0
BBD-0112481,2025-11-12 23:09:00,CUST-62198,PROD-5353,Samsung Galaxy S24 5G,Mobiles,Samsung,74999.0,19.8,60149.2,1,60149.2,3192.6,Delhi,New Delhi,Cash on Delivery,4.5,3,0
BBD-0112482,2025-10-22 15:03:00,CUST-84660,PROD-5353,Samsung Galaxy S24 5G,Mobiles,Samsung,74999.0,15.0,63749.15,1,63749.15,4232.04,Haryana,Panipat,UPI,2.0,3,0
BBD-0112483,2025-11-19 22:29:00,CUST-70373,PROD-6082,Samsung 55-inch 4K Smart TV,Electronics,Samsung,54990.0,37.0,34643.7,1,34643.7,1730.73,Tamil Nadu,Salem,Debit Card,5.0,4,0
BBD-0112484,2025-10-28 15:12:00,CUST-58646,PROD-9235,Nike Air Max Impact Shoes,Fashion,Nike,7995.0,41.9,4645.09,1,4645.09,1216.35,Delhi,South Delhi,Debit Card,3.5,2,0
BBD-0112485,2025-11-08 17:53:00,CUST-94144,PROD-2405,HP Pavilion Gaming Laptop,Electronics,HP,68990.0,33.2,46085.32,2,92170.64,5759.94,Karnataka,Hubli,Cash on Delivery,4.5,3,0
BBD-0112486,2025-11-04 10:46:00,CUST-16025,PROD-7180,Philips Series 3000 Beard Trimmer,Beauty & Grooming,Philips,1895.0,19.9,1517.89,1,1517.89,503.14,West Bengal,Siliguri,Credit Card,5.0,5,0
BBD-0112487,2025-10-20 17:16:00,CUST-31885,PROD-9632,Google Pixel 8a,Mobiles,Google,52999.0,13.9,45632.14,1,45632.14,1196.65,West Bengal,Durgapur,UPI,5.0,2,0
BBD-0112488,2025-11-19 01:36:00,CUST-51232,PROD-5305,Maybelline New York Matte Lipstick,Beauty & Grooming,Maybelline,449.0,25.3,335.4,4,1341.6,392.29,Haryana,Faridabad,UPI,4.0,3,0
BBD-0112489,2025-11-02 06:50:00,CUST-41375,PROD-5353,Samsung Galaxy S24 5G,Mobiles,Samsung,74999.0,13.5,64874.14,1,64874.14,1939.26,Uttar Pradesh,Kanpur,UPI,5.0,2,0
BBD-0112490,2025-11-18 02:51:00,CUST-65284,PROD-8627,Apple iPad 10th Gen,Electronics,Apple,39900.0,12.1,35072.1,1,35072.1,3708.07,Delhi,South Delhi,Credit Card,4.0,3,0
BBD-0112491,2025-11-18 01:26:00,CUST-19260,PROD-9252,Levi's 511 Slim Fit Jeans,Fashion,Levi's,3999.0,49.6,2015.5,2,4031.0,964.57,Karnataka,Bangalore,UPI,4.5,4,0
BBD-0112492,2025-11-10 11:56:00,CUST-69762,PROD-8595,IFB 6.5kg Top Load Washer,Appliances,IFB,21990.0,33.0,14733.3,1,14733.3,1074.35,West Bengal,Kolkata,UPI,4.0,1,0
BBD-0112493,2025-11-20 10:01:00,CUST-33443,PROD-8021,POCO X6 Pro 5G,Mobiles,POCO,24999.0,29.3,17674.29,1,17674.29,554.09,Karnataka,Hubli,UPI,5.0,3,0
BBD-0112494,2025-10-18 22:20:00,CUST-90984,PROD-2480,Allen Solly Formal Trousers,Fashion,Allen Solly,2499.0,41.2,1469.41,2,2938.82,767.9,Karnataka,Hubli,Credit Card,4.0,4,1
BBD-0112495,2025-10-16 18:03:00,CUST-80808,PROD-2480,Allen Solly Formal Trousers,Fashion,Allen Solly,2499.0,42.8,1429.43,1,1429.43,326.85,West Bengal,Kolkata,Cash on Delivery,2.0,1,0
BBD-0112496,2025-10-22 02:08:00,CUST-89232,PROD-1712,Prestige Iris 750W Mixer Grinder,Home & Kitchen,Prestige,4295.0,45.4,2345.07,2,4690.14,724.53,Delhi,West Delhi,UPI,4.5,2,0
BBD-0112497,2025-10-21 12:44:00,CUST-53627,PROD-7180,Philips Series 3000 Beard Trimmer,Beauty & Grooming,Philips,1895.0,19.0,1534.95,4,6139.8,1970.48,Uttar Pradesh,Lucknow,UPI,3.0,5,0
BBD-0112498,2025-10-28 17:42:00,CUST-28498,PROD-8409,Zara Textured Casual Shirt,Fashion,Zara,2990.0,34.9,1946.49,1,1946.49,528.45,Haryana,Faridabad,Cash on Delivery,4.5,4,0
BBD-0112499,2025-11-16 09:25:00,CUST-89569,PROD-2480,Allen Solly Formal Trousers,Fashion,Allen Solly,2499.0,31.1,1721.81,1,1721.81,504.8,Uttar Pradesh,Kanpur,UPI,3.0,2,0
BBD-0112500,2025-11-04 23:25:00,CUST-17248,PROD-9632,Google Pixel 8a,Mobiles,Google,52999.0,10.2,47593.1,1,47593.1,3954.05,Karnataka,Hubli,UPI,5.0,3,0
BBD-0112501,2025-11-07 19:00:00,CUST-99682,PROD-9399,Motorola Edge 50 Fusion,Mobiles,Motorola,22999.0,20.5,18284.21,1,18284.21,365.68,Telangana,Hyderabad,UPI,4.0,2,0
BBD-0112502,2025-10-20 13:36:00,CUST-88202,PROD-8482,Kent Grand Plus RO Water Purifier,Home & Kitchen,Kent,18500.0,31.3,12709.5,1,12709.5,2258.91,Telangana,Warangal,UPI,5.0,2,0
BBD-0112503,2025-10-19 02:10:00,CUST-63583,PROD-2993,Xiaomi Redmi Note 13 Pro,Mobiles,Xiaomi,25999.0,18.8,21111.19,1,21111.19,1029.28,Karnataka,Mangalore,UPI,3.5,3,0
BBD-0112504,2025-10-26 20:03:00,CUST-58384,PROD-8627,Apple iPad 10th Gen,Electronics,Apple,39900.0,14.1,34274.1,1,34274.1,4432.76,Tamil Nadu,Salem,Credit Card,3.5,1,0
BBD-0112505,2025-11-15 18:19:00,CUST-93072,PROD-8021,POCO X6 Pro 5G,Mobiles,POCO,24999.0,34.6,16349.35,1,16349.35,375.16,Tamil Nadu,Chennai,Cash on Delivery,5.0,3,0
BBD-0112506,2025-11-18 06:12:00,CUST-94830,PROD-3168,Puma Men Motorsport Sneakers,Fashion,Puma,5499.0,39.3,3337.89,1,3337.89,920.62,Maharashtra,Nagpur,UPI,5.0,3,0
BBD-0112507,2025-10-21 19:46:00,CUST-58450,PROD-2897,Bombay Shaving Co Grooming Kit,Beauty & Grooming,Bombay Shaving Co,1499.0,44.8,827.45,2,1654.9,404.96,Telangana,Hyderabad,EMI,3.0,5,0
BBD-0112508,2025-10-19 08:24:00,CUST-72350,PROD-5353,Samsung Galaxy S24 5G,Mobiles,Samsung,74999.0,20.1,59924.2,1,59924.2,1786.28,Uttar Pradesh,Agra,UPI,4.5,3,0
BBD-0112509,2025-11-05 11:52:00,CUST-23612,PROD-0694,Bajaj New Shakti Neo Water Heater,Home & Kitchen,Bajaj,6999.0,27.9,5046.28,1,5046.28,784.66,Haryana,Panipat,Credit Card,4.5,1,0
BBD-0112510,2025-11-13 04:21:00,CUST-33144,PROD-6814,Noise ColorFit Pro 5 Smartwatch,Electronics,Noise,3999.0,61.8,1527.62,1,1527.62,56.11,Rajasthan,Udaipur,Credit Card,3.0,2,0
BBD-0112511,2025-11-08 18:05:00,CUST-25978,PROD-6814,Noise ColorFit Pro 5 Smartwatch,Electronics,Noise,3999.0,64.0,1439.64,1,1439.64,28.79,West Bengal,Kolkata,UPI,3.0,2,0
BBD-0112512,2025-11-02 03:09:00,CUST-94587,PROD-5305,Maybelline New York Matte Lipstick,Beauty & Grooming,Maybelline,449.0,32.0,305.32,2,610.64,191.74,Gujarat,Ahmedabad,UPI,5.0,6,0
BBD-0112513,2025-10-23 19:59:00,CUST-46157,PROD-9632,Google Pixel 8a,Mobiles,Google,52999.0,14.3,45420.14,1,45420.14,1835.64,Haryana,Faridabad,Credit Card,4.5,5,0
BBD-0112514,2025-10-27 23:36:00,CUST-32635,PROD-7214,Realme 12 Pro+ 5G,Mobiles,Realme,29999.0,19.3,24209.19,1,24209.19,1538.44,Gujarat,Rajkot,UPI,4.5,2,0
BBD-0112515,2025-11-03 13:17:00,CUST-81786,PROD-6684,Apple iPhone 15 (128GB),Mobiles,Apple,79900.0,15.3,67675.3,1,67675.3,1558.66,Tamil Nadu,Salem,UPI,4.5,6,0
BBD-0112516,2025-11-12 19:14:00,CUST-89245,PROD-6684,Apple iPhone 15 (128GB),Mobiles,Apple,79900.0,21.4,62801.4,1,62801.4,2500.23,Tamil Nadu,Madurai,UPI,3.5,1,0
BBD-0112517,2025-11-03 19:50:00,CUST-16452,PROD-6684,Apple iPhone 15 (128GB),Mobiles,Apple,79900.0,13.4,69193.4,1,69193.4,1938.76,Uttar Pradesh,Agra,Debit Card,3.5,6,0
BBD-0112518,2025-10-22 00:03:00,CUST-69432,PROD-4226,JBL Flip 6 Bluetooth Speaker,Electronics,JBL,11999.0,33.1,8027.33,1,8027.33,676.61,West Bengal,Durgapur,UPI,5.0,2,0
BBD-0112519,2025-10-26 06:57:00,CUST-68883,PROD-7214,Realme 12 Pro+ 5G,Mobiles,Realme,29999.0,19.9,24029.2,2,48058.4,1935.99,Tamil Nadu,Madurai,UPI,3.5,1,0
BBD-0112520,2025-10-28 12:47:00,CUST-21147,PROD-6684,Apple iPhone 15 (128GB),Mobiles,Apple,79900.0,17.0,66317.0,1,66317.0,4731.38,Karnataka,Hubli,UPI,4.0,4,0
BBD-0112521,2025-10-31 18:29:00,CUST-49708,PROD-5387,Minimalist 10% Niacinamide Serum,Beauty & Grooming,Minimalist,599.0,13.4,518.73,1,518.73,179.47,Rajasthan,Jodhpur,Credit Card,5.0,2,0
BBD-0112522,2025-11-15 18:48:00,CUST-17057,PROD-6082,Samsung 55-inch 4K Smart TV,Electronics,Samsung,54990.0,40.2,32884.02,1,32884.02,2685.91,Haryana,Faridabad,UPI,4.5,2,0
BBD-0112523,2025-11-13 09:32:00,CUST-56545,PROD-1462,Sony WH-1000XM5 Headphones,Electronics,Sony,29990.0,27.0,21892.7,1,21892.7,2304.36,Haryana,Faridabad,UPI,4.0,4,0
BBD-0112524,2025-11-11 23:36:00,CUST-95905,PROD-9949,Daikin 1.5 Ton 5 Star Inverter AC,Appliances,Daikin,45990.0,16.2,38539.62,1,38539.62,4534.52,Delhi,North Delhi,UPI,4.0,3,0
BBD-0112525,2025-10-23 11:32:00,CUST-37111,PROD-4226,JBL Flip 6 Bluetooth Speaker,Electronics,JBL,11999.0,23.4,9191.23,1,9191.23,1139.97,Delhi,North Delhi,Credit Card,5.0,2,0
BBD-0112526,2025-11-14 18:36:00,CUST-74839,PROD-6157,Godrej 190L Direct Cool Refrigerator,Appliances,Godrej,16990.0,30.9,11740.09,1,11740.09,836.73,Kerala,Thiruvananthapuram,UPI,5.0,1,0
BBD-0112527,2025-11-16 19:40:00,CUST-79777,PROD-7356,Biba Women Embroidered Kurta,Fashion,Biba,3299.0,55.4,1471.35,1,1471.35,342.2,Maharashtra,Pune,Debit Card,5.0,1,1
BBD-0112528,2025-10-17 06:06:00,CUST-46506,PROD-1462,Sony WH-1000XM5 Headphones,Electronics,Sony,29990.0,16.4,25071.64,2,50143.28,6327.88,Uttar Pradesh,Lucknow,Credit Card,5.0,6,0
BBD-0112529,2025-10-19 05:03:00,CUST-18336,PROD-6082,Samsung 55-inch 4K Smart TV,Electronics,Samsung,54990.0,31.1,37888.11,1,37888.11,3109.34,Tamil Nadu,Coimbatore,Net Banking,5.0,3,1
BBD-0112530,2025-10-26 21:24:00,CUST-66331,PROD-8347,FabIndia Cotton Printed Saree,Fashion,FabIndia,4990.0,35.4,3223.54,1,3223.54,833.02,Tamil Nadu,Coimbatore,Debit Card,5.0,2,0
BBD-0112531,2025-10-23 20:07:00,CUST-98874,PROD-2993,Xiaomi Redmi Note 13 Pro,Mobiles,Xiaomi,25999.0,27.5,18849.27,1,18849.27,376.99,Uttar Pradesh,Noida,EMI,5.0,4,0
BBD-0112532,2025-11-05 14:44:00,CUST-40138,PROD-5910,LG 43-inch UHD Smart TV,Electronics,LG,38990.0,40.2,23316.02,1,23316.02,1027.44,Tamil Nadu,Chennai,UPI,5.0,5,0
BBD-0112533,2025-11-14 08:48:00,CUST-24996,PROD-7180,Philips Series 3000 Beard Trimmer,Beauty & Grooming,Philips,1895.0,21.5,1487.58,1,1487.58,456.41,Delhi,New Delhi,Debit Card,5.0,3,0
BBD-0112534,2025-11-07 10:53:00,CUST-88919,PROD-5910,LG 43-inch UHD Smart TV,Electronics,LG,38990.0,35.8,25031.58,1,25031.58,2062.49,Kerala,Kozhikode,UPI,4.0,3,0
BBD-0112535,2025-10-20 07:35:00,CUST-70157,PROD-4226,JBL Flip 6 Bluetooth Speaker,Electronics,JBL,11999.0,36.7,7595.37,2,15190.74,1144.13,Delhi,North Delhi,UPI,4.5,4,0
BBD-0112536,2025-10-28 11:41:00,CUST-16428,PROD-7356,Biba Women Embroidered Kurta,Fashion,Biba,3299.0,45.1,1811.15,1,1811.15,405.36,Kerala,Thiruvananthapuram,Credit Card,4.5,1,1
BBD-0112537,2025-10-29 19:33:00,CUST-56884,PROD-2405,HP Pavilion Gaming Laptop,Electronics,HP,68990.0,18.8,56019.88,1,56019.88,7031.58,West Bengal,Howrah,Credit Card,4.5,3,0
BBD-0112538,2025-10-22 13:25:00,CUST-65936,PROD-6814,Noise ColorFit Pro 5 Smartwatch,Electronics,Noise,3999.0,50.1,1995.5,1,1995.5,106.51,Rajasthan,Jaipur,UPI,1.0,2,0
BBD-0112539,2025-11-02 08:08:00,CUST-61627,PROD-5846,Boat Nirvana Ion Earbuds,Electronics,boAt,4990.0,70.6,1467.06,1,1467.06,37.8,West Bengal,Kolkata,Cash on Delivery,5.0,1,0
BBD-0112540,2025-11-20 00:48:00,CUST-94946,PROD-5805,LG 8kg Front Load Washing Machine,Appliances,LG,41990.0,35.3,27167.53,1,27167.53,1941.28,West Bengal,Howrah,Credit Card,5.0,4,0
BBD-0112541,2025-10-18 16:38:00,CUST-74031,PROD-1712,Prestige Iris 750W Mixer Grinder,Home & Kitchen,Prestige,4295.0,45.2,2353.66,1,2353.66,314.71,Kerala,Kozhikode,Debit Card,4.0,1,0
BBD-0112542,2025-10-23 00:13:00,CUST-86445,PROD-4226,JBL Flip 6 Bluetooth Speaker,Electronics,JBL,11999.0,36.3,7643.36,2,15286.72,1402.92,Rajasthan,Kota,Net Banking,3.5,5,0
BBD-0112543,2025-11-15 02:27:00,CUST-97136,PROD-6684,Apple iPhone 15 (128GB),Mobiles,Apple,79900.0,14.7,68154.7,1,68154.7,4409.81,Delhi,New Delhi,Credit Card,5.0,6,0
BBD-0112544,2025-11-09 01:18:00,CUST-89907,PROD-8482,Kent Grand Plus RO Water Purifier,Home & Kitchen,Kent,18500.0,25.7,13745.5,1,13745.5,2506.3,West Bengal,Durgapur,Net Banking,2.0,1,0
BBD-0112545,2025-11-05 11:13:00,CUST-25291,PROD-7725,Milton Thermosteel 1L Flask,Home & Kitchen,Milton,1150.0,15.4,972.9,2,1945.8,409.95,Tamil Nadu,Coimbatore,UPI,3.0,4,0
BBD-0112546,2025-11-17 01:09:00,CUST-88393,PROD-5675,L'Oreal Paris Total Repair Hair Mask,Beauty & Grooming,L'Oreal,499.0,24.8,375.25,1,375.25,109.58,Telangana,Nizamabad,Debit Card,4.5,1,0
BBD-0112547,2025-11-02 23:34:00,CUST-45983,PROD-1208,Adidas Originals Trefoil Hoodie,Fashion,Adidas,4599.0,42.1,2662.82,1,2662.82,730.72,West Bengal,Siliguri,UPI,5.0,4,1
BBD-0112548,2025-10-21 10:55:00,CUST-54839,PROD-2480,Allen Solly Formal Trousers,Fashion,Allen Solly,2499.0,29.6,1759.3,1,1759.3,467.52,Delhi,North Delhi,Debit Card,3.5,6,0
BBD-0112549,2025-10-28 16:22:00,CUST-34363,PROD-8595,IFB 6.5kg Top Load Washer,Appliances,IFB,21990.0,27.0,16052.7,1,16052.7,874.84,Tamil Nadu,Madurai,UPI,4.5,2,0
BBD-0112550,2025-11-11 14:09:00,CUST-81220,PROD-5910,LG 43-inch UHD Smart TV,Electronics,LG,38990.0,29.1,27643.91,1,27643.91,1935.93,Delhi,South Delhi,UPI,5.0,7,0
BBD-0112551,2025-10-26 12:59:00,CUST-29949,PROD-2897,Bombay Shaving Co Grooming Kit,Beauty & Grooming,Bombay Shaving Co,1499.0,44.5,831.94,1,831.94,238.79,Telangana,Hyderabad,UPI,5.0,1,0
BBD-0112552,2025-11-04 12:21:00,CUST-13472,PROD-9632,Google Pixel 8a,Mobiles,Google,52999.0,16.4,44307.16,1,44307.16,2621.34,West Bengal,Durgapur,UPI,5.0,4,0
BBD-0112553,2025-10-26 13:18:00,CUST-45366,PROD-2875,Dell Inspiron 15 Laptop,Electronics,Dell,56990.0,20.8,45136.08,1,45136.08,4299.03,Telangana,Warangal,Cash on Delivery,3.0,2,0
BBD-0112554,2025-11-10 19:34:00,CUST-22039,PROD-0367,Whirlpool 265L Frost Free Refrigerator,Appliances,Whirlpool,32490.0,25.6,24172.56,1,24172.56,1524.71,Haryana,Panipat,Credit Card,4.0,2,0
BBD-0112555,2025-11-03 09:07:00,CUST-55949,PROD-6305,The Derma Co 1% Hyaluronic Sunscreen,Beauty & Grooming,The Derma Co,499.0,22.7,385.73,1,385.73,120.12,Delhi,New Delhi,UPI,5.0,3,0
BBD-0112556,2025-11-15 06:31:00,CUST-25780,PROD-8021,POCO X6 Pro 5G,Mobiles,POCO,24999.0,31.9,17024.32,1,17024.32,340.49,Rajasthan,Jodhpur,Cash on Delivery,4.5,4,0
BBD-0112557,2025-10-30 10:18:00,CUST-88041,PROD-2405,HP Pavilion Gaming Laptop,Electronics,HP,68990.0,26.1,50983.61,1,50983.61,4333.32,Kerala,Kochi,Debit Card,3.0,3,0
BBD-0112558,2025-10-18 10:36:00,CUST-27891,PROD-7356,Biba Women Embroidered Kurta,Fashion,Biba,3299.0,53.7,1527.44,1,1527.44,297.73,Maharashtra,Pune,Credit Card,5.0,2,0
BBD-0112559,2025-11-08 16:41:00,CUST-65145,PROD-8347,FabIndia Cotton Printed Saree,Fashion,FabIndia,4990.0,34.1,3288.41,1,3288.41,786.71,Kerala,Kochi,UPI,4.0,1,0
BBD-0112560,2025-10-24 15:57:00,CUST-64437,PROD-5305,Maybelline New York Matte Lipstick,Beauty & Grooming,Maybelline,449.0,41.5,262.66,1,262.66,74.79,West Bengal,Durgapur,UPI,5.0,1,0
BBD-0112561,2025-11-04 03:04:00,CUST-97710,PROD-6082,Samsung 55-inch 4K Smart TV,Electronics,Samsung,54990.0,46.5,29419.65,1,29419.65,2030.68,West Bengal,Durgapur,Credit Card,5.0,2,0
BBD-0112562,2025-11-11 23:40:00,CUST-40570,PROD-6098,OnePlus 12R,Mobiles,OnePlus,39999.0,14.1,34359.14,2,68718.28,2805.7,Delhi,South Delhi,Cash on Delivery,4.0,1,0
BBD-0112563,2025-11-01 13:14:00,CUST-36392,PROD-9235,Nike Air Max Impact Shoes,Fashion,Nike,7995.0,34.1,5268.7,1,5268.7,1530.41,Karnataka,Hubli,UPI,4.5,2,0
BBD-0112564,2025-11-17 21:20:00,CUST-33722,PROD-3168,Puma Men Motorsport Sneakers,Fashion,Puma,5499.0,54.6,2496.55,1,2496.55,626.01,Gujarat,Vadodara,Credit Card,4.0,3,0
BBD-0112565,2025-10-26 10:05:00,CUST-82254,PROD-8021,POCO X6 Pro 5G,Mobiles,POCO,24999.0,22.9,19274.23,1,19274.23,385.48,Telangana,Warangal,Credit Card,4.0,1,0
BBD-0112566,2025-10-30 12:59:00,CUST-20616,PROD-8595,IFB 6.5kg Top Load Washer,Appliances,IFB,21990.0,30.0,15393.0,1,15393.0,1402.44,Uttar Pradesh,Agra,Debit Card,4.0,4,0
BBD-0112567,2025-11-07 15:58:00,CUST-85159,PROD-5910,LG 43-inch UHD Smart TV,Electronics,LG,38990.0,39.7,23510.97,1,23510.97,2358.88,Kerala,Kozhikode,UPI,5.0,3,0
BBD-0112568,2025-10-20 20:38:00,CUST-45197,PROD-0023,Philips Digital Air Fryer,Home & Kitchen,Philips,10995.0,45.0,6047.25,1,6047.25,879.97,Maharashtra,Nashik,UPI,5.0,2,0
BBD-0112569,2025-11-04 14:00:00,CUST-41985,PROD-3168,Puma Men Motorsport Sneakers,Fashion,Puma,5499.0,39.5,3326.89,1,3326.89,736.17,Delhi,West Delhi,UPI,4.5,4,0
BBD-0112570,2025-11-20 00:32:00,CUST-67311,PROD-2897,Bombay Shaving Co Grooming Kit,Beauty & Grooming,Bombay Shaving Co,1499.0,45.2,821.45,2,1642.9,422.21,Tamil Nadu,Coimbatore,UPI,4.0,3,0
BBD-0112571,2025-11-06 03:20:00,CUST-12449,PROD-7180,Philips Series 3000 Beard Trimmer,Beauty & Grooming,Philips,1895.0,24.6,1428.83,1,1428.83,481.15,Gujarat,Rajkot,UPI,4.5,3,0
BBD-0112572,2025-10-20 01:07:00,CUST-47867,PROD-0694,Bajaj New Shakti Neo Water Heater,Home & Kitchen,Bajaj,6999.0,26.4,5151.26,1,5151.26,919.23,Telangana,Warangal,Debit Card,5.0,1,0
BBD-0112573,2025-11-07 08:02:00,CUST-99725,PROD-7356,Biba Women Embroidered Kurta,Fashion,Biba,3299.0,61.5,1270.12,1,1270.12,274.99,Kerala,Thiruvananthapuram,Credit Card,4.0,2,0
BBD-0112574,2025-10-31 20:12:00,CUST-57193,PROD-6098,OnePlus 12R,Mobiles,OnePlus,39999.0,8.3,36679.08,1,36679.08,1386.35,Gujarat,Ahmedabad,UPI,5.0,2,0
BBD-0112575,2025-11-18 02:30:00,CUST-60356,PROD-6814,Noise ColorFit Pro 5 Smartwatch,Electronics,Noise,3999.0,55.8,1767.56,1,1767.56,35.35,Uttar Pradesh,Noida,Cash on Delivery,4.5,2,0
BBD-0112576,2025-11-19 23:08:00,CUST-83159,PROD-5305,Maybelline New York Matte Lipstick,Beauty & Grooming,Maybelline,449.0,33.8,297.24,2,594.48,165.79,Maharashtra,Mumbai,Debit Card,4.5,1,0
BBD-0112577,2025-11-09 09:25:00,CUST-72456,PROD-6814,Noise ColorFit Pro 5 Smartwatch,Electronics,Noise,3999.0,49.7,2011.5,1,2011.5,158.55,Maharashtra,Nashik,UPI,3.5,3,0
BBD-0112578,2025-10-21 10:31:00,CUST-83413,PROD-6684,Apple iPhone 15 (128GB),Mobiles,Apple,79900.0,15.4,67595.4,1,67595.4,1385.7,Uttar Pradesh,Varanasi,Credit Card,5.0,2,0
BBD-0112579,2025-11-10 04:50:00,CUST-35938,PROD-5353,Samsung Galaxy S24 5G,Mobiles,Samsung,74999.0,27.9,54074.28,1,54074.28,2108.32,Tamil Nadu,Salem,Credit Card,4.0,3,0
BBD-0112580,2025-11-04 16:06:00,CUST-78912,PROD-4226,JBL Flip 6 Bluetooth Speaker,Electronics,JBL,11999.0,23.0,9239.23,3,27717.69,2972.6,Telangana,Warangal,UPI,4.5,2,0
BBD-0112581,2025-10-17 21:00:00,CUST-64007,PROD-9399,Motorola Edge 50 Fusion,Mobiles,Motorola,22999.0,18.9,18652.19,1,18652.19,987.78,Telangana,Warangal,Credit Card,5.0,2,0
BBD-0112582,2025-11-15 03:16:00,CUST-31811,PROD-5353,Samsung Galaxy S24 5G,Mobiles,Samsung,74999.0,14.6,64049.15,1,64049.15,2489.39,Telangana,Warangal,Debit Card,3.5,1,0
BBD-0112583,2025-10-28 07:00:00,CUST-49189,PROD-2875,Dell Inspiron 15 Laptop,Electronics,Dell,56990.0,27.3,41431.73,1,41431.73,4934.47,Uttar Pradesh,Agra,Credit Card,4.0,2,1
BBD-0112584,2025-11-06 00:11:00,CUST-51445,PROD-9235,Nike Air Max Impact Shoes,Fashion,Nike,7995.0,27.2,5820.36,2,11640.72,2975.68,West Bengal,Howrah,Credit Card,4.0,1,1
BBD-0112585,2025-10-31 20:11:00,CUST-88131,PROD-7356,Biba Women Embroidered Kurta,Fashion,Biba,3299.0,44.4,1834.24,3,5502.72,1314.31,Gujarat,Ahmedabad,UPI,4.5,3,1
BBD-0112586,2025-11-15 01:39:00,CUST-92360,PROD-6157,Godrej 190L Direct Cool Refrigerator,Appliances,Godrej,16990.0,20.3,13541.03,1,13541.03,1607.1,Rajasthan,Kota,UPI,5.0,3,0
BBD-0112587,2025-11-08 21:59:00,CUST-30116,PROD-9252,Levi's 511 Slim Fit Jeans,Fashion,Levi's,3999.0,41.8,2327.42,1,2327.42,569.34,Tamil Nadu,Salem,EMI,5.0,2,0
BBD-0112588,2025-11-19 03:38:00,CUST-36578,PROD-5805,LG 8kg Front Load Washing Machine,Appliances,LG,41990.0,35.6,27041.56,1,27041.56,1082.1,Haryana,Panipat,Credit Card,5.0,7,0
BBD-0112589,2025-10-24 19:52:00,CUST-35667,PROD-8021,POCO X6 Pro 5G,Mobiles,POCO,24999.0,21.5,19624.22,1,19624.22,545.35,Delhi,South Delhi,Credit Card,5.0,3,0
BBD-0112590,2025-11-12 09:12:00,CUST-30942,PROD-5910,LG 43-inch UHD Smart TV,Electronics,LG,38990.0,40.4,23238.04,1,23238.04,1362.42,Delhi,South Delhi,Credit Card,5.0,2,0
BBD-0112591,2025-10-24 08:06:00,CUST-18319,PROD-9760,Wakefit Orthopedic Memory Mattress,Home & Kitchen,Wakefit,12499.0,29.5,8811.8,1,8811.8,1492.84,Tamil Nadu,Madurai,UPI,4.0,6,0
BBD-0112592,2025-10-31 20:28:00,CUST-47516,PROD-5353,Samsung Galaxy S24 5G,Mobiles,Samsung,74999.0,16.0,62999.16,1,62999.16,1259.98,West Bengal,Howrah,Debit Card,5.0,1,0
BBD-0112593,2025-11-08 05:22:00,CUST-61557,PROD-1462,Sony WH-1000XM5 Headphones,Electronics,Sony,29990.0,18.9,24321.89,1,24321.89,2981.57,Gujarat,Ahmedabad,UPI,5.0,1,0
BBD-0112594,2025-11-17 05:37:00,CUST-16237,PROD-5353,Samsung Galaxy S24 5G,Mobiles,Samsung,74999.0,19.3,60524.19,1,60524.19,4113.19,Tamil Nadu,Madurai,Debit Card,4.5,3,0
BBD-0112595,2025-10-23 21:48:00,CUST-32683,PROD-2875,Dell Inspiron 15 Laptop,Electronics,Dell,56990.0,15.5,48156.55,1,48156.55,4708.0,Kerala,Thiruvananthapuram,UPI,3.5,3,0
BBD-0112596,2025-10-24 11:26:00,CUST-88082,PROD-7356,Biba Women Embroidered Kurta,Fashion,Biba,3299.0,51.6,1596.72,1,1596.72,391.59,Telangana,Warangal,Debit Card,4.0,2,0
BBD-0112597,2025-11-07 09:56:00,CUST-72810,PROD-9252,Levi's 511 Slim Fit Jeans,Fashion,Levi's,3999.0,37.9,2483.38,1,2483.38,578.9,Tamil Nadu,Madurai,UPI,5.0,1,0
BBD-0112598,2025-10-25 18:14:00,CUST-79188,PROD-5805,LG 8kg Front Load Washing Machine,Appliances,LG,41990.0,32.7,28259.27,1,28259.27,2091.64,Maharashtra,Pune,EMI,5.0,1,0
BBD-0112599,2025-11-20 05:49:00,CUST-33292,PROD-5910,LG 43-inch UHD Smart TV,Electronics,LG,38990.0,27.1,28423.71,1,28423.71,2220.64,Karnataka,Bangalore,UPI,4.5,3,0
BBD-0112600,2025-11-12 02:25:00,CUST-18803,PROD-1208,Adidas Originals Trefoil Hoodie,Fashion,Adidas,4599.0,36.8,2906.57,1,2906.57,753.83,Delhi,South Delhi,Credit Card,4.5,3,0
BBD-0112601,2025-10-31 18:03:00,CUST-41274,PROD-0023,Philips Digital Air Fryer,Home & Kitchen,Philips,10995.0,46.1,5926.3,1,5926.3,978.94,Kerala,Thiruvananthapuram,UPI,5.0,4,0
BBD-0112602,2025-10-21 09:25:00,CUST-34179,PROD-9399,Motorola Edge 50 Fusion,Mobiles,Motorola,22999.0,23.2,17663.23,1,17663.23,564.59,Telangana,Warangal,UPI,4.5,3,0
BBD-0112603,2025-11-07 23:30:00,CUST-79322,PROD-6684,Apple iPhone 15 (128GB),Mobiles,Apple,79900.0,27.0,58327.0,1,58327.0,1818.65,Uttar Pradesh,Lucknow,UPI,5.0,3,0
BBD-0112604,2025-10-24 09:59:00,CUST-62347,PROD-5353,Samsung Galaxy S24 5G,Mobiles,Samsung,74999.0,27.6,54299.28,1,54299.28,1085.99,Maharashtra,Nashik,UPI,4.5,2,0
BBD-0112605,2025-11-02 07:21:00,CUST-23389,PROD-2405,HP Pavilion Gaming Laptop,Electronics,HP,68990.0,33.9,45602.39,2,91204.78,9375.86,Uttar Pradesh,Kanpur,Credit Card,3.0,4,0
BBD-0112606,2025-11-04 16:33:00,CUST-73940,PROD-9399,Motorola Edge 50 Fusion,Mobiles,Motorola,22999.0,24.1,17456.24,1,17456.24,1062.34,Tamil Nadu,Salem,Debit Card,5.0,2,0
BBD-0112607,2025-10-18 08:24:00,CUST-57237,PROD-9632,Google Pixel 8a,Mobiles,Google,52999.0,18.9,42982.19,1,42982.19,1941.67,Delhi,New Delhi,Cash on Delivery,4.5,3,0
BBD-0112608,2025-10-17 05:06:00,CUST-68801,PROD-8409,Zara Textured Casual Shirt,Fashion,Zara,2990.0,21.2,2356.12,1,2356.12,676.2,Karnataka,Mangalore,UPI,4.5,3,0
BBD-0112609,2025-11-10 13:26:00,CUST-91991,PROD-6098,OnePlus 12R,Mobiles,OnePlus,39999.0,14.1,34359.14,1,34359.14,2323.01,Telangana,Hyderabad,Credit Card,4.5,5,0
BBD-0112610,2025-11-11 13:20:00,CUST-55594,PROD-5675,L'Oreal Paris Total Repair Hair Mask,Beauty & Grooming,L'Oreal,499.0,17.8,410.18,2,820.36,277.28,West Bengal,Howrah,Net Banking,4.5,4,0
BBD-0112611,2025-11-14 10:24:00,CUST-10941,PROD-8021,POCO X6 Pro 5G,Mobiles,POCO,24999.0,34.5,16374.35,1,16374.35,649.65,Maharashtra,Mumbai,UPI,3.5,2,0
BBD-0112612,2025-11-13 10:14:00,CUST-77316,PROD-8021,POCO X6 Pro 5G,Mobiles,POCO,24999.0,33.6,16599.34,1,16599.34,331.99,Rajasthan,Udaipur,UPI,5.0,3,0
BBD-0112613,2025-11-03 20:03:00,CUST-81220,PROD-8627,Apple iPad 10th Gen,Electronics,Apple,39900.0,22.7,30842.7,1,30842.7,3168.47,Maharashtra,Pune,Debit Card,5.0,5,0
BBD-0112614,2025-11-05 14:21:00,CUST-27146,PROD-1208,Adidas Originals Trefoil Hoodie,Fashion,Adidas,4599.0,34.5,3012.35,1,3012.35,870.07,West Bengal,Kolkata,Credit Card,4.0,1,0
BBD-0112615,2025-11-05 00:34:00,CUST-78336,PROD-2993,Xiaomi Redmi Note 13 Pro,Mobiles,Xiaomi,25999.0,17.2,21527.17,1,21527.17,1203.81,West Bengal,Howrah,UPI,3.5,2,0
BBD-0112616,2025-10-21 09:18:00,CUST-56509,PROD-9760,Wakefit Orthopedic Memory Mattress,Home & Kitchen,Wakefit,12499.0,27.5,9061.77,1,9061.77,1534.85,Telangana,Warangal,UPI,3.0,3,0
BBD-0112617,2025-11-06 07:12:00,CUST-10991,PROD-3168,Puma Men Motorsport Sneakers,Fashion,Puma,5499.0,49.6,2771.5,2,5543.0,1210.97,Telangana,Warangal,Credit Card,4.0,5,1
BBD-0112618,2025-11-07 09:56:00,CUST-59959,PROD-5305,Maybelline New York Matte Lipstick,Beauty & Grooming,Maybelline,449.0,37.8,279.28,2,558.56,165.99,Haryana,Faridabad,Credit Card,5.0,2,0
BBD-0112619,2025-10-27 02:27:00,CUST-79692,PROD-5675,L'Oreal Paris Total Repair Hair Mask,Beauty & Grooming,L'Oreal,499.0,31.1,343.81,1,343.81,93.1,Karnataka,Bangalore,UPI,5.0,4,0
BBD-0112620,2025-10-26 11:28:00,CUST-51062,PROD-5846,Boat Nirvana Ion Earbuds,Electronics,boAt,4990.0,64.8,1756.48,1,1756.48,35.13,Telangana,Warangal,UPI,4.5,2,0
BBD-0112621,2025-10-19 16:54:00,CUST-52402,PROD-2405,HP Pavilion Gaming Laptop,Electronics,HP,68990.0,30.0,48293.0,1,48293.0,3156.69,Gujarat,Rajkot,UPI,5.0,2,0
BBD-0112622,2025-11-19 07:40:00,CUST-21819,PROD-5910,LG 43-inch UHD Smart TV,Electronics,LG,38990.0,33.2,26045.32,1,26045.32,2888.12,Delhi,North Delhi,EMI,3.5,2,0
BBD-0112623,2025-10-23 17:28:00,CUST-88690,PROD-9632,Google Pixel 8a,Mobiles,Google,52999.0,20.2,42293.2,1,42293.2,899.39,West Bengal,Siliguri,Credit Card,5.0,3,0
BBD-0112624,2025-10-20 10:45:00,CUST-93192,PROD-2875,Dell Inspiron 15 Laptop,Electronics,Dell,56990.0,23.6,43540.36,1,43540.36,4925.07,Uttar Pradesh,Varanasi,UPI,5.0,1,0
BBD-0112625,2025-10-22 11:30:00,CUST-72890,PROD-0023,Philips Digital Air Fryer,Home & Kitchen,Philips,10995.0,36.2,7014.81,1,7014.81,1082.61,Kerala,Kozhikode,UPI,5.0,2,0
BBD-0112626,2025-10-29 10:18:00,CUST-99983,PROD-5910,LG 43-inch UHD Smart TV,Electronics,LG,38990.0,37.8,24251.78,1,24251.78,2130.96,Gujarat,Vadodara,Credit Card,3.0,2,0
BBD-0112627,2025-11-06 08:03:00,CUST-76987,PROD-5846,Boat Nirvana Ion Earbuds,Electronics,boAt,4990.0,54.3,2280.43,1,2280.43,45.61,West Bengal,Howrah,UPI,3.0,2,0
BBD-0112628,2025-10-30 08:53:00,CUST-88046,PROD-8347,FabIndia Cotton Printed Saree,Fashion,FabIndia,4990.0,37.5,3118.75,1,3118.75,764.33,Delhi,New Delhi,UPI,4.0,2,0
BBD-0112629,2025-11-09 15:55:00,CUST-14635,PROD-9632,Google Pixel 8a,Mobiles,Google,52999.0,11.1,47116.11,1,47116.11,2880.51,Uttar Pradesh,Lucknow,UPI,5.0,6,0
BBD-0112630,2025-11-09 02:07:00,CUST-33144,PROD-7180,Philips Series 3000 Beard Trimmer,Beauty & Grooming,Philips,1895.0,31.7,1294.29,2,2588.58,785.33,Kerala,Kozhikode,Credit Card,5.0,1,0
BBD-0112631,2025-11-11 14:02:00,CUST-75447,PROD-5353,Samsung Galaxy S24 5G,Mobiles,Samsung,74999.0,19.5,60374.19,1,60374.19,3549.37,Rajasthan,Udaipur,UPI,3.5,7,0
BBD-0112632,2025-11-09 16:17:00,CUST-87963,PROD-8347,FabIndia Cotton Printed Saree,Fashion,FabIndia,4990.0,28.5,3567.85,1,3567.85,1055.31,Karnataka,Bangalore,UPI,4.5,2,0
BBD-0112633,2025-10-27 01:00:00,CUST-42436,PROD-5846,Boat Nirvana Ion Earbuds,Electronics,boAt,4990.0,69.4,1526.94,1,1526.94,30.54,Uttar Pradesh,Lucknow,Cash on Delivery,4.0,3,0
BBD-0112634,2025-11-04 10:50:00,CUST-62784,PROD-8627,Apple iPad 10th Gen,Electronics,Apple,39900.0,7.4,36947.4,1,36947.4,5693.12,West Bengal,Siliguri,UPI,5.0,1,0
BBD-0112635,2025-10-23 10:01:00,CUST-23369,PROD-2897,Bombay Shaving Co Grooming Kit,Beauty & Grooming,Bombay Shaving Co,1499.0,38.8,917.39,1,917.39,283.43,Gujarat,Surat,Debit Card,4.0,7,0
BBD-0112636,2025-10-27 23:24:00,CUST-60293,PROD-6098,OnePlus 12R,Mobiles,OnePlus,39999.0,14.9,34039.15,1,34039.15,1961.13,Rajasthan,Jodhpur,EMI,5.0,3,0
BBD-0112637,2025-10-16 04:59:00,CUST-23379,PROD-2993,Xiaomi Redmi Note 13 Pro,Mobiles,Xiaomi,25999.0,28.8,18511.29,1,18511.29,609.26,Delhi,South Delhi,Credit Card,5.0,3,0
BBD-0112638,2025-11-19 21:05:00,CUST-82534,PROD-8595,IFB 6.5kg Top Load Washer,Appliances,IFB,21990.0,21.5,17262.15,1,17262.15,1127.09,Delhi,New Delhi,UPI,4.5,3,0
BBD-0112639,2025-11-11 13:45:00,CUST-63292,PROD-9949,Daikin 1.5 Ton 5 Star Inverter AC,Appliances,Daikin,45990.0,16.3,38493.63,1,38493.63,4427.27,Haryana,Gurgaon,Credit Card,5.0,3,0
BBD-0112640,2025-10-31 14:05:00,CUST-20624,PROD-6157,Godrej 190L Direct Cool Refrigerator,Appliances,Godrej,16990.0,16.4,14203.64,1,14203.64,1259.3,West Bengal,Howrah,UPI,4.5,1,0
BBD-0112641,2025-11-20 20:35:00,CUST-81397,PROD-8409,Zara Textured Casual Shirt,Fashion,Zara,2990.0,19.9,2394.99,2,4789.98,1499.15,Uttar Pradesh,Kanpur,Credit Card,4.5,7,0
BBD-0112642,2025-10-27 05:39:00,CUST-40192,PROD-5846,Boat Nirvana Ion Earbuds,Electronics,boAt,4990.0,67.8,1606.78,1,1606.78,32.32,Tamil Nadu,Salem,Cash on Delivery,4.0,3,0
BBD-0112643,2025-11-10 03:57:00,CUST-95340,PROD-7214,Realme 12 Pro+ 5G,Mobiles,Realme,29999.0,26.2,22139.26,1,22139.26,713.82,Gujarat,Surat,UPI,4.5,1,0
BBD-0112644,2025-11-06 21:16:00,CUST-59783,PROD-4226,JBL Flip 6 Bluetooth Speaker,Electronics,JBL,11999.0,31.1,8267.31,1,8267.31,719.98,Haryana,Gurgaon,UPI,4.5,1,0
BBD-0112645,2025-10-20 10:26:00,CUST-54505,PROD-6684,Apple iPhone 15 (128GB),Mobiles,Apple,79900.0,14.4,68394.4,1,68394.4,1989.27,Gujarat,Rajkot,Net Banking,1.0,3,1
BBD-0112646,2025-11-04 04:50:00,CUST-90261,PROD-6082,Samsung 55-inch 4K Smart TV,Electronics,Samsung,54990.0,33.9,36348.39,1,36348.39,2218.93,Telangana,Warangal,Cash on Delivery,4.5,6,1
BBD-0112647,2025-11-03 07:20:00,CUST-46771,PROD-6684,Apple iPhone 15 (128GB),Mobiles,Apple,79900.0,21.9,62401.9,1,62401.9,4122.28,Delhi,New Delhi,Credit Card,4.0,5,0
BBD-0112648,2025-10-21 10:08:00,CUST-61881,PROD-2897,Bombay Shaving Co Grooming Kit,Beauty & Grooming,Bombay Shaving Co,1499.0,34.2,986.34,3,2959.02,840.46,Gujarat,Surat,UPI,4.5,4,0
BBD-0112649,2025-11-09 23:08:00,CUST-58425,PROD-5353,Samsung Galaxy S24 5G,Mobiles,Samsung,74999.0,18.6,61049.19,1,61049.19,1573.18,West Bengal,Siliguri,UPI,3.5,3,0
BBD-0112650,2025-11-19 14:59:00,CUST-71790,PROD-1208,Adidas Originals Trefoil Hoodie,Fashion,Adidas,4599.0,29.8,3228.5,1,3228.5,939.34,Uttar Pradesh,Agra,UPI,5.0,3,0
BBD-0112651,2025-10-16 21:31:00,CUST-28292,PROD-1712,Prestige Iris 750W Mixer Grinder,Home & Kitchen,Prestige,4295.0,46.0,2319.3,1,2319.3,269.54,Delhi,South Delhi,UPI,3.5,2,0
BBD-0112652,2025-11-08 11:53:00,CUST-55949,PROD-6684,Apple iPhone 15 (128GB),Mobiles,Apple,79900.0,23.6,61043.6,1,61043.6,1220.87,Haryana,Panipat,UPI,4.0,1,0
BBD-0112653,2025-11-16 05:18:00,CUST-82255,PROD-8482,Kent Grand Plus RO Water Purifier,Home & Kitchen,Kent,18500.0,30.5,12857.5,1,12857.5,2261.81,Delhi,North Delhi,UPI,5.0,3,0
BBD-0112654,2025-10-19 07:08:00,CUST-94259,PROD-3168,Puma Men Motorsport Sneakers,Fashion,Puma,5499.0,52.5,2612.03,1,2612.03,553.12,Rajasthan,Jodhpur,Credit Card,3.0,2,0
BBD-0112655,2025-10-22 15:21:00,CUST-44853,PROD-4226,JBL Flip 6 Bluetooth Speaker,Electronics,JBL,11999.0,26.9,8771.27,2,17542.54,1991.52,West Bengal,Durgapur,Credit Card,4.5,2,0
BBD-0112656,2025-10-20 18:14:00,CUST-68194,PROD-8409,Zara Textured Casual Shirt,Fashion,Zara,2990.0,35.2,1937.52,4,7750.08,2230.27,Uttar Pradesh,Agra,UPI,3.5,2,1
BBD-0112657,2025-11-08 20:10:00,CUST-47014,PROD-1208,Adidas Originals Trefoil Hoodie,Fashion,Adidas,4599.0,44.5,2552.44,1,2552.44,584.42,Gujarat,Ahmedabad,Credit Card,4.0,1,0
BBD-0112658,2025-11-09 21:13:00,CUST-99700,PROD-5910,LG 43-inch UHD Smart TV,Electronics,LG,38990.0,35.1,25304.51,3,75913.53,6008.54,Tamil Nadu,Salem,UPI,5.0,4,0
BBD-0112659,2025-10-25 00:19:00,CUST-24262,PROD-5387,Minimalist 10% Niacinamide Serum,Beauty & Grooming,Minimalist,599.0,11.8,528.32,1,528.32,177.75,Tamil Nadu,Chennai,UPI,5.0,3,0
BBD-0112660,2025-11-14 23:05:00,CUST-29997,PROD-1462,Sony WH-1000XM5 Headphones,Electronics,Sony,29990.0,26.0,22192.6,1,22192.6,2166.48,Uttar Pradesh,Varanasi,UPI,5.0,3,1
BBD-0112661,2025-11-15 08:30:00,CUST-68102,PROD-1208,Adidas Originals Trefoil Hoodie,Fashion,Adidas,4599.0,33.2,3072.13,1,3072.13,744.98,Maharashtra,Nashik,Cash on Delivery,5.0,4,0
BBD-0112662,2025-11-09 13:11:00,CUST-74492,PROD-8021,POCO X6 Pro 5G,Mobiles,POCO,24999.0,30.5,17374.31,1,17374.31,347.49,Rajasthan,Kota,UPI,3.5,1,0
BBD-0112663,2025-10-20 22:09:00,CUST-45666,PROD-7725,Milton Thermosteel 1L Flask,Home & Kitchen,Milton,1150.0,26.9,840.65,1,840.65,169.15,Tamil Nadu,Madurai,Cash on Delivery,5.0,1,1
BBD-0112664,2025-10-27 05:31:00,CUST-26504,PROD-9632,Google Pixel 8a,Mobiles,Google,52999.0,24.5,40014.25,1,40014.25,800.28,Tamil Nadu,Madurai,EMI,5.0,3,0
BBD-0112665,2025-11-17 16:04:00,CUST-20753,PROD-6098,OnePlus 12R,Mobiles,OnePlus,39999.0,16.0,33599.16,1,33599.16,1113.79,Rajasthan,Jaipur,UPI,5.0,2,0
BBD-0112666,2025-10-24 17:25:00,CUST-40806,PROD-6098,OnePlus 12R,Mobiles,OnePlus,39999.0,10.5,35799.11,1,35799.11,1264.96,Maharashtra,Nashik,Credit Card,4.0,3,0
BBD-0112667,2025-10-24 01:03:00,CUST-38842,PROD-6098,OnePlus 12R,Mobiles,OnePlus,39999.0,8.5,36599.08,1,36599.08,1902.67,Karnataka,Bangalore,UPI,3.0,4,0
BBD-0112668,2025-10-28 23:35:00,CUST-16094,PROD-5846,Boat Nirvana Ion Earbuds,Electronics,boAt,4990.0,70.9,1452.09,1,1452.09,47.93,Tamil Nadu,Coimbatore,Debit Card,5.0,6,0
BBD-0112669,2025-11-08 15:35:00,CUST-72747,PROD-7214,Realme 12 Pro+ 5G,Mobiles,Realme,29999.0,28.0,21599.28,1,21599.28,892.96,Maharashtra,Nagpur,Net Banking,4.5,3,0
BBD-0112670,2025-10-23 15:26:00,CUST-89744,PROD-2993,Xiaomi Redmi Note 13 Pro,Mobiles,Xiaomi,25999.0,31.7,17757.32,1,17757.32,355.15,Karnataka,Mysore,UPI,5.0,5,0
BBD-0112671,2025-10-25 14:01:00,CUST-71051,PROD-8021,POCO X6 Pro 5G,Mobiles,POCO,24999.0,28.0,17999.28,1,17999.28,359.99,West Bengal,Howrah,Credit Card,5.0,1,0
BBD-0112672,2025-11-13 20:39:00,CUST-17069,PROD-8409,Zara Textured Casual Shirt,Fashion,Zara,2990.0,30.3,2084.03,1,2084.03,575.89,Karnataka,Mysore,UPI,5.0,1,1
BBD-0112673,2025-10-28 01:31:00,CUST-22858,PROD-3168,Puma Men Motorsport Sneakers,Fashion,Puma,5499.0,53.1,2579.03,1,2579.03,501.4,Haryana,Gurgaon,UPI,4.5,3,0
BBD-0112674,2025-10-30 19:45:00,CUST-85988,PROD-9632,Google Pixel 8a,Mobiles,Google,52999.0,15.0,45049.15,1,45049.15,1079.01,Delhi,South Delhi,Credit Card,5.0,2,1
BBD-0112675,2025-10-22 06:09:00,CUST-65048,PROD-6305,The Derma Co 1% Hyaluronic Sunscreen,Beauty & Grooming,The Derma Co,499.0,23.2,383.23,1,383.23,108.86,Gujarat,Rajkot,UPI,5.0,7,0
BBD-0112676,2025-10-25 14:54:00,CUST-68190,PROD-2405,HP Pavilion Gaming Laptop,Electronics,HP,68990.0,18.1,56502.81,3,169508.43,15644.42,Maharashtra,Pune,Debit Card,3.5,5,0
BBD-0112677,2025-10-21 16:57:00,CUST-60352,PROD-6098,OnePlus 12R,Mobiles,OnePlus,39999.0,21.5,31399.22,1,31399.22,1860.51,Karnataka,Bangalore,EMI,5.0,2,0
BBD-0112678,2025-10-26 07:04:00,CUST-77249,PROD-9760,Wakefit Orthopedic Memory Mattress,Home & Kitchen,Wakefit,12499.0,30.7,8661.81,1,8661.81,1362.02,Haryana,Gurgaon,Credit Card,3.5,2,0
BBD-0112679,2025-10-29 07:07:00,CUST-82957,PROD-1712,Prestige Iris 750W Mixer Grinder,Home & Kitchen,Prestige,4295.0,41.1,2529.75,1,2529.75,305.92,Uttar Pradesh,Lucknow,UPI,5.0,1,0
BBD-0112680,2025-11-11 22:42:00,CUST-99314,PROD-8021,POCO X6 Pro 5G,Mobiles,POCO,24999.0,21.9,19524.22,1,19524.22,1006.58,Karnataka,Mangalore,UPI,5.0,2,0
BBD-0112681,2025-11-07 19:02:00,CUST-91412,PROD-7214,Realme 12 Pro+ 5G,Mobiles,Realme,29999.0,22.1,23369.22,1,23369.22,822.47,Rajasthan,Udaipur,Cash on Delivery,5.0,1,0
BBD-0112682,2025-11-15 19:50:00,CUST-61881,PROD-5805,LG 8kg Front Load Washing Machine,Appliances,LG,41990.0,29.4,29644.94,1,29644.94,2341.22,Karnataka,Mysore,Cash on Delivery,5.0,1,0
BBD-0112683,2025-10-26 03:34:00,CUST-24092,PROD-9632,Google Pixel 8a,Mobiles,Google,52999.0,13.0,46109.13,1,46109.13,3424.81,Kerala,Thiruvananthapuram,UPI,5.0,1,1
BBD-0112684,2025-11-09 16:28:00,CUST-44732,PROD-5353,Samsung Galaxy S24 5G,Mobiles,Samsung,74999.0,18.4,61199.18,1,61199.18,1460.58,Maharashtra,Pune,Cash on Delivery,4.0,3,0
BBD-0112685,2025-10-30 10:27:00,CUST-41820,PROD-9252,Levi's 511 Slim Fit Jeans,Fashion,Levi's,3999.0,35.8,2567.36,3,7702.08,1937.91,Uttar Pradesh,Lucknow,UPI,5.0,3,0
BBD-0112686,2025-10-21 03:15:00,CUST-84315,PROD-5910,LG 43-inch UHD Smart TV,Electronics,LG,38990.0,39.2,23705.92,2,47411.84,3926.73,Karnataka,Mysore,Credit Card,4.5,2,0
BBD-0112687,2025-11-14 09:06:00,CUST-94946,PROD-7214,Realme 12 Pro+ 5G,Mobiles,Realme,29999.0,19.4,24179.19,1,24179.19,1158.35,Haryana,Gurgaon,Credit Card,5.0,2,0
BBD-0112688,2025-11-19 23:13:00,CUST-32681,PROD-7180,Philips Series 3000 Beard Trimmer,Beauty & Grooming,Philips,1895.0,29.4,1337.87,1,1337.87,365.98,Maharashtra,Mumbai,Cash on Delivery,5.0,1,0
BBD-0112689,2025-10-30 09:46:00,CUST-94587,PROD-7214,Realme 12 Pro+ 5G,Mobiles,Realme,29999.0,26.9,21929.27,1,21929.27,438.59,Uttar Pradesh,Noida,UPI,5.0,2,0
BBD-0112690,2025-11-07 21:27:00,CUST-18422,PROD-5353,Samsung Galaxy S24 5G,Mobiles,Samsung,74999.0,24.9,56324.25,1,56324.25,2275.6,Tamil Nadu,Coimbatore,Credit Card,4.5,5,0
BBD-0112691,2025-11-06 21:30:00,CUST-65065,PROD-5387,Minimalist 10% Niacinamide Serum,Beauty & Grooming,Minimalist,599.0,9.3,543.29,1,543.29,195.55,Delhi,South Delhi,UPI,5.0,3,0
BBD-0112692,2025-10-25 07:25:00,CUST-11601,PROD-0694,Bajaj New Shakti Neo Water Heater,Home & Kitchen,Bajaj,6999.0,38.7,4290.39,1,4290.39,713.45,Delhi,North Delhi,Credit Card,4.0,2,0
BBD-0112693,2025-11-18 18:08:00,CUST-75488,PROD-4226,JBL Flip 6 Bluetooth Speaker,Electronics,JBL,11999.0,30.1,8387.3,2,16774.6,1031.7,Telangana,Nizamabad,UPI,5.0,2,0
BBD-0112694,2025-10-27 01:43:00,CUST-73647,PROD-6098,OnePlus 12R,Mobiles,OnePlus,39999.0,13.2,34719.13,1,34719.13,1409.41,West Bengal,Durgapur,EMI,3.5,2,0
BBD-0112695,2025-11-01 01:39:00,CUST-53474,PROD-5910,LG 43-inch UHD Smart TV,Electronics,LG,38990.0,39.5,23588.95,1,23588.95,1311.38,Uttar Pradesh,Varanasi,UPI,5.0,2,0
BBD-0112696,2025-10-29 10:22:00,CUST-71009,PROD-5353,Samsung Galaxy S24 5G,Mobiles,Samsung,74999.0,26.2,55349.26,1,55349.26,1106.99,Uttar Pradesh,Kanpur,UPI,3.0,2,0
BBD-0112697,2025-10-24 07:05:00,CUST-68250,PROD-6082,Samsung 55-inch 4K Smart TV,Electronics,Samsung,54990.0,35.0,35743.5,1,35743.5,2599.4,Delhi,West Delhi,UPI,3.5,2,1
BBD-0112698,2025-10-22 16:44:00,CUST-33936,PROD-5846,Boat Nirvana Ion Earbuds,Electronics,boAt,4990.0,58.0,2095.8,1,2095.8,41.92,Telangana,Warangal,UPI,5.0,1,0
BBD-0112699,2025-10-18 06:36:00,CUST-84589,PROD-9235,Nike Air Max Impact Shoes,Fashion,Nike,7995.0,32.4,5404.62,1,5404.62,1460.42,West Bengal,Durgapur,Credit Card,3.0,6,0
BBD-0112700,2025-10-28 20:14:00,CUST-53106,PROD-7725,Milton Thermosteel 1L Flask,Home & Kitchen,Milton,1150.0,21.6,901.6,2,1803.2,370.23,Uttar Pradesh,Kanpur,Credit Card,5.0,4,0
BBD-0112701,2025-10-26 05:56:00,CUST-95393,PROD-6684,Apple iPhone 15 (128GB),Mobiles,Apple,79900.0,11.7,70551.7,1,70551.7,4698.53,Haryana,Faridabad,UPI,3.5,2,0
BBD-0112702,2025-10-28 22:55:00,CUST-52654,PROD-2897,Bombay Shaving Co Grooming Kit,Beauty & Grooming,Bombay Shaving Co,1499.0,51.4,728.51,1,728.51,174.46,Gujarat,Rajkot,Debit Card,5.0,3,0
BBD-0112703,2025-11-19 02:50:00,CUST-69906,PROD-9252,Levi's 511 Slim Fit Jeans,Fashion,Levi's,3999.0,50.7,1971.51,1,1971.51,500.7,Karnataka,Mangalore,UPI,5.0,4,1
BBD-0112704,2025-10-29 02:17:00,CUST-80759,PROD-7214,Realme 12 Pro+ 5G,Mobiles,Realme,29999.0,24.3,22709.24,2,45418.48,2540.2,Tamil Nadu,Coimbatore,Credit Card,5.0,6,0
BBD-0112705,2025-10-31 04:11:00,CUST-79228,PROD-6082,Samsung 55-inch 4K Smart TV,Electronics,Samsung,54990.0,43.0,31344.3,2,62688.6,2348.27,Kerala,Kozhikode,EMI,4.5,2,0
BBD-0112706,2025-10-31 08:57:00,CUST-46574,PROD-5910,LG 43-inch UHD Smart TV,Electronics,LG,38990.0,36.2,24875.62,1,24875.62,2041.52,Maharashtra,Nagpur,Credit Card,5.0,2,0
BBD-0112707,2025-10-19 13:03:00,CUST-91767,PROD-6082,Samsung 55-inch 4K Smart TV,Electronics,Samsung,54990.0,45.4,30024.54,1,30024.54,2552.34,Delhi,New Delhi,UPI,4.5,2,0
BBD-0112708,2025-11-02 13:43:00,CUST-67959,PROD-5910,LG 43-inch UHD Smart TV,Electronics,LG,38990.0,28.9,27721.89,2,55443.78,6302.55,Haryana,Gurgaon,UPI,5.0,2,0
BBD-0112709,2025-11-10 23:03:00,CUST-71595,PROD-1462,Sony WH-1000XM5 Headphones,Electronics,Sony,29990.0,17.6,24711.76,1,24711.76,3299.62,Kerala,Thiruvananthapuram,Credit Card,5.0,1,0
BBD-0112710,2025-11-07 23:56:00,CUST-23191,PROD-2405,HP Pavilion Gaming Laptop,Electronics,HP,68990.0,28.2,49534.82,1,49534.82,3194.74,Tamil Nadu,Salem,Debit Card,2.0,4,0
BBD-0112711,2025-10-24 18:32:00,CUST-48880,PROD-6814,Noise ColorFit Pro 5 Smartwatch,Electronics,Noise,3999.0,51.3,1947.51,1,1947.51,66.19,Maharashtra,Mumbai,Credit Card,5.0,2,0
BBD-0112712,2025-11-07 18:08:00,CUST-63672,PROD-5675,L'Oreal Paris Total Repair Hair Mask,Beauty & Grooming,L'Oreal,499.0,27.8,360.28,3,1080.84,334.7,Gujarat,Rajkot,UPI,5.0,3,0
BBD-0112713,2025-10-18 08:37:00,CUST-99390,PROD-9632,Google Pixel 8a,Mobiles,Google,52999.0,26.0,39219.26,1,39219.26,784.39,Haryana,Faridabad,Credit Card,5.0,4,0
BBD-0112714,2025-11-04 02:33:00,CUST-77100,PROD-2875,Dell Inspiron 15 Laptop,Electronics,Dell,56990.0,12.4,49923.24,1,49923.24,5908.66,Haryana,Faridabad,UPI,5.0,5,0
BBD-0112715,2025-11-12 08:01:00,CUST-80895,PROD-7725,Milton Thermosteel 1L Flask,Home & Kitchen,Milton,1150.0,18.0,943.0,1,943.0,173.22,Maharashtra,Pune,Cash on Delivery,5.0,2,0
BBD-0112716,2025-11-20 09:34:00,CUST-47100,PROD-2480,Allen Solly Formal Trousers,Fashion,Allen Solly,2499.0,31.8,1704.32,1,1704.32,480.28,Telangana,Hyderabad,Debit Card,5.0,6,0
BBD-0112717,2025-11-10 02:28:00,CUST-91597,PROD-9235,Nike Air Max Impact Shoes,Fashion,Nike,7995.0,32.5,5396.62,1,5396.62,1443.21,Karnataka,Mangalore,UPI,4.5,3,0
BBD-0112718,2025-11-13 12:26:00,CUST-71741,PROD-4226,JBL Flip 6 Bluetooth Speaker,Electronics,JBL,11999.0,29.0,8519.29,1,8519.29,691.2,Telangana,Warangal,UPI,3.0,3,0
BBD-0112719,2025-11-18 03:26:00,CUST-56070,PROD-6082,Samsung 55-inch 4K Smart TV,Electronics,Samsung,54990.0,36.8,34753.68,3,104261.04,6988.32,Uttar Pradesh,Kanpur,Credit Card,3.5,3,0
BBD-0112720,2025-10-17 20:34:00,CUST-80843,PROD-3168,Puma Men Motorsport Sneakers,Fashion,Puma,5499.0,42.1,3183.92,1,3183.92,764.11,Telangana,Warangal,Credit Card,4.0,3,1
BBD-0112721,2025-10-20 20:58:00,CUST-91082,PROD-6098,OnePlus 12R,Mobiles,OnePlus,39999.0,20.7,31719.21,1,31719.21,1225.52,Karnataka,Bangalore,Debit Card,5.0,4,0
BBD-0112722,2025-11-06 13:57:00,CUST-16599,PROD-9252,Levi's 511 Slim Fit Jeans,Fashion,Levi's,3999.0,34.5,2619.35,2,5238.7,1357.01,Kerala,Thiruvananthapuram,Credit Card,5.0,1,0
BBD-0112723,2025-10-26 16:52:00,CUST-59315,PROD-5805,LG 8kg Front Load Washing Machine,Appliances,LG,41990.0,27.6,30400.76,1,30400.76,2538.43,Tamil Nadu,Salem,UPI,5.0,1,0
BBD-0112724,2025-11-19 03:33:00,CUST-45388,PROD-5910,LG 43-inch UHD Smart TV,Electronics,LG,38990.0,35.1,25304.51,1,25304.51,1299.25,Maharashtra,Mumbai,Credit Card,3.0,4,0
BBD-0112725,2025-11-20 03:11:00,CUST-32445,PROD-2993,Xiaomi Redmi Note 13 Pro,Mobiles,Xiaomi,25999.0,21.1,20513.21,1,20513.21,782.02,Haryana,Faridabad,UPI,5.0,2,0
BBD-0112726,2025-10-22 08:02:00,CUST-29001,PROD-8021,POCO X6 Pro 5G,Mobiles,POCO,24999.0,30.0,17499.3,1,17499.3,349.99,Karnataka,Bangalore,UPI,4.5,1,0
BBD-0112727,2025-10-27 18:24:00,CUST-82255,PROD-8021,POCO X6 Pro 5G,Mobiles,POCO,24999.0,19.5,20124.19,1,20124.19,820.91,Haryana,Faridabad,Net Banking,4.5,1,0
BBD-0112728,2025-11-07 21:18:00,CUST-93311,PROD-8627,Apple iPad 10th Gen,Electronics,Apple,39900.0,15.2,33835.2,1,33835.2,3063.46,Tamil Nadu,Madurai,Debit Card,5.0,1,0
BBD-0112729,2025-11-13 21:29:00,CUST-51223,PROD-2480,Allen Solly Formal Trousers,Fashion,Allen Solly,2499.0,46.1,1346.96,3,4040.88,916.01,Karnataka,Mysore,UPI,4.0,7,1
BBD-0112730,2025-10-27 09:24:00,CUST-85003,PROD-7725,Milton Thermosteel 1L Flask,Home & Kitchen,Milton,1150.0,16.0,966.0,3,2898.0,496.3,Rajasthan,Udaipur,EMI,4.5,2,0
BBD-0112731,2025-11-12 15:29:00,CUST-48651,PROD-2993,Xiaomi Redmi Note 13 Pro,Mobiles,Xiaomi,25999.0,24.9,19525.25,1,19525.25,390.5,Haryana,Faridabad,Credit Card,2.0,2,0
BBD-0112732,2025-10-24 05:40:00,CUST-90887,PROD-5387,Minimalist 10% Niacinamide Serum,Beauty & Grooming,Minimalist,599.0,6.9,557.67,1,557.67,209.49,Rajasthan,Jodhpur,Net Banking,2.0,3,1
BBD-0112733,2025-10-21 03:32:00,CUST-41524,PROD-6305,The Derma Co 1% Hyaluronic Sunscreen,Beauty & Grooming,The Derma Co,499.0,23.9,379.74,1,379.74,127.92,Kerala,Kochi,Credit Card,4.5,1,0
BBD-0112734,2025-11-15 16:42:00,CUST-77671,PROD-9632,Google Pixel 8a,Mobiles,Google,52999.0,21.8,41445.22,1,41445.22,2601.26,Telangana,Nizamabad,UPI,4.0,4,0
BBD-0112735,2025-10-16 02:00:00,CUST-86033,PROD-9252,Levi's 511 Slim Fit Jeans,Fashion,Levi's,3999.0,40.1,2395.4,2,4790.8,1056.76,Delhi,New Delhi,UPI,4.5,2,0
BBD-0112736,2025-11-15 22:41:00,CUST-24243,PROD-9399,Motorola Edge 50 Fusion,Mobiles,Motorola,22999.0,26.9,16812.27,2,33624.54,1829.09,Gujarat,Surat,UPI,5.0,1,0
BBD-0112737,2025-10-20 17:27:00,CUST-37409,PROD-9399,Motorola Edge 50 Fusion,Mobiles,Motorola,22999.0,16.3,19250.16,1,19250.16,1141.51,Telangana,Warangal,UPI,5.0,1,0
BBD-0112738,2025-11-06 22:07:00,CUST-48561,PROD-1208,Adidas Originals Trefoil Hoodie,Fashion,Adidas,4599.0,45.5,2506.45,2,5012.9,1348.17,Uttar Pradesh,Kanpur,UPI,4.0,1,0
BBD-0112739,2025-10-18 13:43:00,CUST-10264,PROD-8347,FabIndia Cotton Printed Saree,Fashion,FabIndia,4990.0,30.0,3493.0,1,3493.0,897.9,Gujarat,Ahmedabad,Cash on Delivery,5.0,1,0
BBD-0112740,2025-11-01 11:42:00,CUST-61248,PROD-7214,Realme 12 Pro+ 5G,Mobiles,Realme,29999.0,26.7,21989.27,1,21989.27,537.87,Maharashtra,Pune,Debit Card,5.0,1,0
BBD-0112741,2025-11-10 21:59:00,CUST-54556,PROD-0023,Philips Digital Air Fryer,Home & Kitchen,Philips,10995.0,35.3,7113.77,1,7113.77,1045.65,Maharashtra,Mumbai,Credit Card,3.5,3,0
BBD-0112742,2025-10-25 22:19:00,CUST-59216,PROD-7725,Milton Thermosteel 1L Flask,Home & Kitchen,Milton,1150.0,31.2,791.2,1,791.2,112.45,West Bengal,Durgapur,EMI,4.0,1,0
BBD-0112743,2025-11-18 23:35:00,CUST-13790,PROD-6098,OnePlus 12R,Mobiles,OnePlus,39999.0,22.2,31119.22,1,31119.22,1692.68,Kerala,Thiruvananthapuram,Credit Card,5.0,3,0
BBD-0112744,2025-11-11 22:30:00,CUST-82223,PROD-9760,Wakefit Orthopedic Memory Mattress,Home & Kitchen,Wakefit,12499.0,39.3,7586.89,1,7586.89,1060.99,Rajasthan,Kota,UPI,4.5,2,0
BBD-0112745,2025-11-14 19:22:00,CUST-76287,PROD-8595,IFB 6.5kg Top Load Washer,Appliances,IFB,21990.0,24.2,16668.42,1,16668.42,1069.16,West Bengal,Siliguri,UPI,4.0,2,0
BBD-0112746,2025-11-04 08:21:00,CUST-90983,PROD-0023,Philips Digital Air Fryer,Home & Kitchen,Philips,10995.0,32.1,7465.61,1,7465.61,1188.94,Telangana,Nizamabad,UPI,4.0,1,0
BBD-0112747,2025-10-28 13:59:00,CUST-42962,PROD-5910,LG 43-inch UHD Smart TV,Electronics,LG,38990.0,27.4,28306.74,1,28306.74,2122.32,Telangana,Nizamabad,Debit Card,4.5,2,0
BBD-0112748,2025-10-30 17:22:00,CUST-94566,PROD-2897,Bombay Shaving Co Grooming Kit,Beauty & Grooming,Bombay Shaving Co,1499.0,36.3,954.86,1,954.86,294.55,Karnataka,Mysore,UPI,5.0,3,0
BBD-0112749,2025-11-11 18:52:00,CUST-79777,PROD-2875,Dell Inspiron 15 Laptop,Electronics,Dell,56990.0,18.0,46731.8,1,46731.8,4590.06,Haryana,Gurgaon,EMI,4.0,3,0
BBD-0112750,2025-11-12 23:36:00,CUST-10891,PROD-9252,Levi's 511 Slim Fit Jeans,Fashion,Levi's,3999.0,35.1,2595.35,3,7786.05,1918.52,West Bengal,Durgapur,Credit Card,5.0,4,0
BBD-0112751,2025-10-23 12:07:00,CUST-61073,PROD-7356,Biba Women Embroidered Kurta,Fashion,Biba,3299.0,48.8,1689.09,2,3378.18,738.08,Uttar Pradesh,Lucknow,UPI,4.5,1,0
BBD-0112752,2025-10-22 07:34:00,CUST-14406,PROD-9399,Motorola Edge 50 Fusion,Mobiles,Motorola,22999.0,24.5,17364.24,1,17364.24,554.52,Rajasthan,Jaipur,UPI,5.0,2,0
BBD-0112753,2025-11-17 19:29:00,CUST-23761,PROD-1462,Sony WH-1000XM5 Headphones,Electronics,Sony,29990.0,30.8,20753.08,1,20753.08,1421.34,Tamil Nadu,Salem,UPI,5.0,3,0
BBD-0112754,2025-10-18 05:44:00,CUST-25712,PROD-6098,OnePlus 12R,Mobiles,OnePlus,39999.0,16.3,33479.16,2,66958.32,4462.48,Karnataka,Mangalore,Debit Card,3.5,2,1
BBD-0112755,2025-10-16 05:38:00,CUST-64058,PROD-5353,Samsung Galaxy S24 5G,Mobiles,Samsung,74999.0,29.1,53174.29,2,106348.58,2884.21,Maharashtra,Mumbai,UPI,5.0,2,0
BBD-0112756,2025-11-07 04:59:00,CUST-42506,PROD-5846,Boat Nirvana Ion Earbuds,Electronics,boAt,4990.0,71.7,1412.17,1,1412.17,28.24,Uttar Pradesh,Varanasi,UPI,5.0,1,0
BBD-0112757,2025-11-05 17:20:00,CUST-23761,PROD-2993,Xiaomi Redmi Note 13 Pro,Mobiles,Xiaomi,25999.0,30.1,18173.3,1,18173.3,363.47,Tamil Nadu,Chennai,UPI,4.0,7,0
BBD-0112758,2025-11-01 13:30:00,CUST-57212,PROD-1208,Adidas Originals Trefoil Hoodie,Fashion,Adidas,4599.0,46.7,2451.27,1,2451.27,600.08,West Bengal,Howrah,UPI,4.5,5,0
BBD-0112759,2025-10-20 23:06:00,CUST-16280,PROD-6082,Samsung 55-inch 4K Smart TV,Electronics,Samsung,54990.0,30.0,38493.0,1,38493.0,4527.06,Kerala,Thiruvananthapuram,UPI,5.0,2,0
BBD-0112760,2025-11-10 02:06:00,CUST-51745,PROD-7214,Realme 12 Pro+ 5G,Mobiles,Realme,29999.0,15.1,25469.15,2,50938.3,1656.14,Haryana,Panipat,Net Banking,4.0,2,0
BBD-0112761,2025-11-03 14:39:00,CUST-68102,PROD-5846,Boat Nirvana Ion Earbuds,Electronics,boAt,4990.0,71.8,1407.18,1,1407.18,28.14,West Bengal,Howrah,Credit Card,3.0,3,0
BBD-0112762,2025-11-07 01:54:00,CUST-59855,PROD-6082,Samsung 55-inch 4K Smart TV,Electronics,Samsung,54990.0,45.8,29804.58,2,59609.16,2213.95,Uttar Pradesh,Lucknow,UPI,4.5,1,0
BBD-0112763,2025-10-25 22:43:00,CUST-28067,PROD-8409,Zara Textured Casual Shirt,Fashion,Zara,2990.0,36.5,1898.65,1,1898.65,449.54,West Bengal,Siliguri,UPI,4.5,3,0
BBD-0112764,2025-11-16 05:48:00,CUST-66807,PROD-2875,Dell Inspiron 15 Laptop,Electronics,Dell,56990.0,18.4,46503.84,1,46503.84,5162.03,Telangana,Nizamabad,UPI,5.0,1,0
BBD-0112765,2025-10-27 03:35:00,CUST-31266,PROD-9252,Levi's 511 Slim Fit Jeans,Fashion,Levi's,3999.0,38.6,2455.39,1,2455.39,567.8,West Bengal,Siliguri,EMI,3.0,1,1
BBD-0112766,2025-10-22 21:40:00,CUST-85092,PROD-2480,Allen Solly Formal Trousers,Fashion,Allen Solly,2499.0,34.3,1641.84,1,1641.84,416.25,Gujarat,Rajkot,UPI,5.0,3,0
BBD-0112767,2025-11-14 15:17:00,CUST-90581,PROD-8409,Zara Textured Casual Shirt,Fashion,Zara,2990.0,33.2,1997.32,1,1997.32,505.71,Maharashtra,Nagpur,UPI,4.5,2,0
BBD-0112768,2025-11-19 17:05:00,CUST-85283,PROD-7214,Realme 12 Pro+ 5G,Mobiles,Realme,29999.0,22.0,23399.22,1,23399.22,467.98,Maharashtra,Mumbai,Credit Card,4.5,7,0
BBD-0112769,2025-10-19 04:37:00,CUST-98761,PROD-4226,JBL Flip 6 Bluetooth Speaker,Electronics,JBL,11999.0,30.1,8387.3,1,8387.3,784.96,Telangana,Nizamabad,UPI,5.0,3,1
BBD-0112770,2025-10-21 14:33:00,CUST-29464,PROD-2993,Xiaomi Redmi Note 13 Pro,Mobiles,Xiaomi,25999.0,30.5,18069.31,1,18069.31,361.39,Tamil Nadu,Salem,Credit Card,5.0,2,0
BBD-0112771,2025-11-20 01:17:00,CUST-57935,PROD-5353,Samsung Galaxy S24 5G,Mobiles,Samsung,74999.0,13.7,64724.14,2,129448.28,4069.94,Gujarat,Vadodara,UPI,2.0,4,0
BBD-0112772,2025-10-19 07:33:00,CUST-29944,PROD-9632,Google Pixel 8a,Mobiles,Google,52999.0,14.1,45526.14,1,45526.14,2565.51,Karnataka,Mysore,Debit Card,4.5,2,0
BBD-0112773,2025-10-28 22:41:00,CUST-90040,PROD-5675,L'Oreal Paris Total Repair Hair Mask,Beauty & Grooming,L'Oreal,499.0,16.9,414.67,3,1244.01,441.95,Gujarat,Rajkot,UPI,4.0,3,0
BBD-0112774,2025-10-28 00:08:00,CUST-98531,PROD-2405,HP Pavilion Gaming Laptop,Electronics,HP,68990.0,20.1,55123.01,1,55123.01,6009.75,Maharashtra,Nagpur,UPI,5.0,2,0
BBD-0112775,2025-11-17 15:11:00,CUST-18245,PROD-0367,Whirlpool 265L Frost Free Refrigerator,Appliances,Whirlpool,32490.0,26.1,24010.11,1,24010.11,1774.54,Rajasthan,Udaipur,UPI,4.0,1,0
BBD-0112776,2025-10-16 03:50:00,CUST-95211,PROD-7356,Biba Women Embroidered Kurta,Fashion,Biba,3299.0,54.3,1507.64,1,1507.64,351.08,Rajasthan,Kota,Cash on Delivery,5.0,3,0
BBD-0112777,2025-10-20 07:29:00,CUST-69904,PROD-7214,Realme 12 Pro+ 5G,Mobiles,Realme,29999.0,29.9,21029.3,1,21029.3,420.59,Delhi,New Delhi,Net Banking,5.0,3,0
BBD-0112778,2025-11-04 03:50:00,CUST-14364,PROD-6814,Noise ColorFit Pro 5 Smartwatch,Electronics,Noise,3999.0,55.5,1779.55,1,1779.55,106.14,West Bengal,Siliguri,UPI,3.5,2,0
BBD-0112779,2025-11-17 21:36:00,CUST-75055,PROD-9235,Nike Air Max Impact Shoes,Fashion,Nike,7995.0,31.5,5476.58,2,10953.16,2803.13,Telangana,Nizamabad,UPI,3.0,3,0
BBD-0112780,2025-11-03 20:01:00,CUST-80987,PROD-7214,Realme 12 Pro+ 5G,Mobiles,Realme,29999.0,22.0,23399.22,1,23399.22,1269.91,Tamil Nadu,Chennai,Credit Card,4.5,3,0
BBD-0112781,2025-11-07 17:43:00,CUST-33292,PROD-8409,Zara Textured Casual Shirt,Fashion,Zara,2990.0,36.1,1910.61,1,1910.61,484.44,Gujarat,Ahmedabad,Debit Card,5.0,1,0
BBD-0112782,2025-10-20 11:00:00,CUST-34756,PROD-7214,Realme 12 Pro+ 5G,Mobiles,Realme,29999.0,31.2,20639.31,2,41278.62,825.57,Tamil Nadu,Salem,Debit Card,5.0,3,0
BBD-0112783,2025-11-16 03:37:00,CUST-89240,PROD-9632,Google Pixel 8a,Mobiles,Google,52999.0,13.5,45844.14,1,45844.14,1500.9,Karnataka,Mangalore,Credit Card,4.5,3,0
BBD-0112784,2025-11-17 22:28:00,CUST-82574,PROD-2875,Dell Inspiron 15 Laptop,Electronics,Dell,56990.0,29.6,40120.96,1,40120.96,2674.96,West Bengal,Siliguri,Credit Card,5.0,3,0
BBD-0112785,2025-11-16 05:24:00,CUST-35190,PROD-5353,Samsung Galaxy S24 5G,Mobiles,Samsung,74999.0,13.0,65249.13,1,65249.13,4117.07,Telangana,Warangal,Credit Card,5.0,5,0
BBD-0112786,2025-11-03 21:06:00,CUST-32506,PROD-7214,Realme 12 Pro+ 5G,Mobiles,Realme,29999.0,23.0,23099.23,1,23099.23,461.98,Maharashtra,Mumbai,UPI,5.0,2,0
BBD-0112787,2025-11-08 14:31:00,CUST-54949,PROD-7356,Biba Women Embroidered Kurta,Fashion,Biba,3299.0,60.0,1319.6,4,5278.4,1128.01,Gujarat,Surat,UPI,4.0,3,0
BBD-0112788,2025-10-26 14:35:00,CUST-13048,PROD-9632,Google Pixel 8a,Mobiles,Google,52999.0,21.5,41604.22,1,41604.22,1261.3,Haryana,Panipat,UPI,4.5,2,0
BBD-0112789,2025-11-03 17:46:00,CUST-77587,PROD-8482,Kent Grand Plus RO Water Purifier,Home & Kitchen,Kent,18500.0,26.6,13579.0,1,13579.0,2510.94,Rajasthan,Jodhpur,Credit Card,4.0,3,0
BBD-0112790,2025-10-23 14:37:00,CUST-57026,PROD-0367,Whirlpool 265L Frost Free Refrigerator,Appliances,Whirlpool,32490.0,24.4,24562.44,1,24562.44,2474.26,Rajasthan,Kota,Debit Card,5.0,2,0
BBD-0112791,2025-10-26 20:52:00,CUST-72168,PROD-8347,FabIndia Cotton Printed Saree,Fashion,FabIndia,4990.0,27.6,3612.76,1,3612.76,990.06,Gujarat,Rajkot,UPI,3.5,1,0
BBD-0112792,2025-11-04 03:52:00,CUST-12938,PROD-7356,Biba Women Embroidered Kurta,Fashion,Biba,3299.0,52.1,1580.22,1,1580.22,380.2,Karnataka,Hubli,UPI,4.5,2,0
BBD-0112793,2025-10-31 21:50:00,CUST-28549,PROD-2993,Xiaomi Redmi Note 13 Pro,Mobiles,Xiaomi,25999.0,32.8,17471.33,1,17471.33,412.84,Maharashtra,Pune,Credit Card,5.0,6,0
BBD-0112794,2025-11-12 09:00:00,CUST-76732,PROD-6684,Apple iPhone 15 (128GB),Mobiles,Apple,79900.0,24.6,60244.6,1,60244.6,2692.85,Tamil Nadu,Coimbatore,Net Banking,5.0,1,0
BBD-0112795,2025-11-17 09:06:00,CUST-90102,PROD-6098,OnePlus 12R,Mobiles,OnePlus,39999.0,17.5,32999.17,1,32999.17,1082.17,Telangana,Warangal,UPI,4.5,2,0
BBD-0112796,2025-10-28 10:34:00,CUST-24592,PROD-8347,FabIndia Cotton Printed Saree,Fashion,FabIndia,4990.0,31.5,3418.15,2,6836.3,1841.07,Telangana,Warangal,EMI,3.0,2,1
BBD-0112797,2025-11-06 09:30:00,CUST-81778,PROD-2993,Xiaomi Redmi Note 13 Pro,Mobiles,Xiaomi,25999.0,20.2,20747.2,1,20747.2,414.94,Tamil Nadu,Madurai,Cash on Delivery,4.5,2,0
BBD-0112798,2025-10-24 19:56:00,CUST-45127,PROD-5353,Samsung Galaxy S24 5G,Mobiles,Samsung,74999.0,27.2,54599.27,1,54599.27,2331.72,Maharashtra,Nashik,Credit Card,3.5,1,0
BBD-0112799,2025-11-02 00:55:00,CUST-57395,PROD-7356,Biba Women Embroidered Kurta,Fashion,Biba,3299.0,45.3,1804.55,1,1804.55,440.29,Telangana,Warangal,Credit Card,4.0,1,0
BBD-0112800,2025-10-31 21:14:00,CUST-20409,PROD-9235,Nike Air Max Impact Shoes,Fashion,Nike,7995.0,27.7,5780.39,1,5780.39,1713.73,Karnataka,Hubli,Credit Card,5.0,2,0
BBD-0112801,2025-10-16 09:20:00,CUST-63306,PROD-6814,Noise ColorFit Pro 5 Smartwatch,Electronics,Noise,3999.0,65.1,1395.65,1,1395.65,27.91,Karnataka,Bangalore,EMI,4.5,5,0
BBD-0112802,2025-11-17 05:53:00,CUST-87135,PROD-8627,Apple iPad 10th Gen,Electronics,Apple,39900.0,7.0,37107.0,2,74214.0,9941.08,Haryana,Gurgaon,UPI,5.0,3,0
BBD-0112803,2025-11-13 23:59:00,CUST-87002,PROD-9632,Google Pixel 8a,Mobiles,Google,52999.0,17.0,43989.17,2,87978.34,2675.19,Uttar Pradesh,Noida,Credit Card,5.0,1,0
BBD-0112804,2025-11-11 13:49:00,CUST-17852,PROD-2875,Dell Inspiron 15 Laptop,Electronics,Dell,56990.0,14.5,48726.45,1,48726.45,6717.24,Delhi,North Delhi,UPI,3.0,3,0
BBD-0112805,2025-11-11 00:08:00,CUST-64773,PROD-6082,Samsung 55-inch 4K Smart TV,Electronics,Samsung,54990.0,33.5,36568.35,1,36568.35,2200.03,Tamil Nadu,Coimbatore,Debit Card,4.5,2,0
BBD-0112806,2025-10-25 08:42:00,CUST-50791,PROD-8627,Apple iPad 10th Gen,Electronics,Apple,39900.0,7.2,37027.2,3,111081.6,12743.02,Karnataka,Mangalore,UPI,4.5,6,0
BBD-0112807,2025-11-19 00:46:00,CUST-91078,PROD-5846,Boat Nirvana Ion Earbuds,Electronics,boAt,4990.0,64.3,1781.43,1,1781.43,35.63,Tamil Nadu,Madurai,UPI,4.5,3,0
BBD-0112808,2025-11-18 18:32:00,CUST-49289,PROD-6684,Apple iPhone 15 (128GB),Mobiles,Apple,79900.0,17.1,66237.1,1,66237.1,4169.87,Karnataka,Mangalore,Debit Card,4.5,1,0
BBD-0112809,2025-10-30 02:02:00,CUST-50801,PROD-6082,Samsung 55-inch 4K Smart TV,Electronics,Samsung,54990.0,46.5,29419.65,3,88258.95,5230.3,Maharashtra,Nashik,Credit Card,4.5,3,0
BBD-0112810,2025-11-04 09:33:00,CUST-42365,PROD-6098,OnePlus 12R,Mobiles,OnePlus,39999.0,15.7,33719.16,1,33719.16,1282.12,Delhi,North Delhi,Credit Card,4.5,1,0
BBD-0112811,2025-11-11 12:16:00,CUST-79738,PROD-8482,Kent Grand Plus RO Water Purifier,Home & Kitchen,Kent,18500.0,20.7,14670.5,1,14670.5,3141.19,West Bengal,Kolkata,UPI,3.0,2,1
BBD-0112812,2025-11-08 10:08:00,CUST-31097,PROD-8595,IFB 6.5kg Top Load Washer,Appliances,IFB,21990.0,27.1,16030.71,1,16030.71,953.32,Tamil Nadu,Salem,UPI,3.5,1,0
BBD-0112813,2025-11-01 19:41:00,CUST-98389,PROD-1208,Adidas Originals Trefoil Hoodie,Fashion,Adidas,4599.0,42.2,2658.22,1,2658.22,708.91,Tamil Nadu,Coimbatore,UPI,5.0,1,0
BBD-0112814,2025-10-17 11:13:00,CUST-60739,PROD-2405,HP Pavilion Gaming Laptop,Electronics,HP,68990.0,31.1,47534.11,1,47534.11,4124.08,Rajasthan,Kota,Net Banking,4.0,2,0
BBD-0112815,2025-11-13 20:13:00,CUST-68687,PROD-9235,Nike Air Max Impact Shoes,Fashion,Nike,7995.0,31.2,5500.56,3,16501.68,4418.05,Delhi,New Delhi,UPI,3.0,4,1
BBD-0112816,2025-10-26 02:35:00,CUST-75497,PROD-9235,Nike Air Max Impact Shoes,Fashion,Nike,7995.0,32.6,5388.63,1,5388.63,1375.13,Uttar Pradesh,Lucknow,UPI,4.5,2,0
BBD-0112817,2025-11-01 12:03:00,CUST-35543,PROD-3168,Puma Men Motorsport Sneakers,Fashion,Puma,5499.0,50.2,2738.5,1,2738.5,574.55,Maharashtra,Mumbai,EMI,5.0,1,0
BBD-0112818,2025-11-07 06:34:00,CUST-90870,PROD-5353,Samsung Galaxy S24 5G,Mobiles,Samsung,74999.0,15.9,63074.16,1,63074.16,3161.7,Karnataka,Mangalore,Credit Card,5.0,4,0
BBD-0112819,2025-11-16 23:54:00,CUST-85092,PROD-5353,Samsung Galaxy S24 5G,Mobiles,Samsung,74999.0,14.9,63824.15,1,63824.15,2130.61,Maharashtra,Pune,UPI,5.0,6,0
BBD-0112820,2025-10-16 09:25:00,CUST-39901,PROD-1462,Sony WH-1000XM5 Headphones,Electronics,Sony,29990.0,27.8,21652.78,2,43305.56,5299.08,Karnataka,Mysore,Cash on Delivery,2.0,5,0
BBD-0112821,2025-11-10 01:34:00,CUST-54709,PROD-9399,Motorola Edge 50 Fusion,Mobiles,Motorola,22999.0,17.7,18928.18,1,18928.18,1368.37,Tamil Nadu,Coimbatore,Debit Card,5.0,3,0
BBD-0112822,2025-10-19 14:23:00,CUST-35185,PROD-7356,Biba Women Embroidered Kurta,Fashion,Biba,3299.0,53.7,1527.44,2,3054.88,676.53,Maharashtra,Pune,Credit Card,5.0,3,1
BBD-0112823,2025-11-04 12:20:00,CUST-44050,PROD-2875,Dell Inspiron 15 Laptop,Electronics,Dell,56990.0,22.8,43996.28,1,43996.28,3817.75,Karnataka,Bangalore,Cash on Delivery,5.0,3,0
BBD-0112824,2025-11-16 02:47:00,CUST-90744,PROD-7180,Philips Series 3000 Beard Trimmer,Beauty & Grooming,Philips,1895.0,37.0,1193.85,2,2387.7,701.13,Kerala,Kochi,UPI,5.0,5,0
BBD-0112825,2025-11-17 22:20:00,CUST-32586,PROD-2480,Allen Solly Formal Trousers,Fashion,Allen Solly,2499.0,38.9,1526.89,1,1526.89,395.18,Delhi,West Delhi,Credit Card,4.5,2,1
BBD-0112826,2025-11-18 21:04:00,CUST-58425,PROD-2897,Bombay Shaving Co Grooming Kit,Beauty & Grooming,Bombay Shaving Co,1499.0,49.8,752.5,2,1505.0,401.23,Kerala,Kochi,Credit Card,4.5,3,0
BBD-0112827,2025-11-18 01:57:00,CUST-24000,PROD-5846,Boat Nirvana Ion Earbuds,Electronics,boAt,4990.0,59.4,2025.94,1,2025.94,77.42,Telangana,Warangal,Credit Card,5.0,4,0
BBD-0112828,2025-11-08 16:33:00,CUST-42910,PROD-8021,POCO X6 Pro 5G,Mobiles,POCO,24999.0,29.5,17624.3,1,17624.3,352.49,Delhi,New Delhi,UPI,5.0,2,0
BBD-0112829,2025-11-16 23:42:00,CUST-94730,PROD-9760,Wakefit Orthopedic Memory Mattress,Home & Kitchen,Wakefit,12499.0,38.7,7661.89,2,15323.78,2338.74,Maharashtra,Nagpur,Net Banking,4.5,5,0
BBD-0112830,2025-10-31 06:40:00,CUST-55303,PROD-8347,FabIndia Cotton Printed Saree,Fashion,FabIndia,4990.0,35.6,3213.56,1,3213.56,851.4,Uttar Pradesh,Noida,UPI,5.0,3,0
BBD-0112831,2025-11-19 20:23:00,CUST-43121,PROD-8627,Apple iPad 10th Gen,Electronics,Apple,39900.0,18.3,32598.3,1,32598.3,2936.64,Karnataka,Mysore,Net Banking,4.5,3,0
BBD-0112832,2025-10-20 11:08:00,CUST-16468,PROD-6082,Samsung 55-inch 4K Smart TV,Electronics,Samsung,54990.0,33.3,36678.33,1,36678.33,2325.01,Uttar Pradesh,Kanpur,UPI,4.5,3,0
BBD-0112833,2025-10-22 02:55:00,CUST-46075,PROD-6684,Apple iPhone 15 (128GB),Mobiles,Apple,79900.0,23.5,61123.5,1,61123.5,3762.63,Maharashtra,Mumbai,Credit Card,3.5,1,0
BBD-0112834,2025-11-13 22:37:00,CUST-57237,PROD-6082,Samsung 55-inch 4K Smart TV,Electronics,Samsung,54990.0,37.2,34533.72,1,34533.72,3258.29,Delhi,South Delhi,UPI,4.0,3,0
BBD-0112835,2025-11-01 07:13:00,CUST-37458,PROD-6157,Godrej 190L Direct Cool Refrigerator,Appliances,Godrej,16990.0,18.5,13846.85,1,13846.85,1464.76,Maharashtra,Nashik,UPI,5.0,2,0
BBD-0112836,2025-10-21 05:07:00,CUST-10228,PROD-4226,JBL Flip 6 Bluetooth Speaker,Electronics,JBL,11999.0,28.1,8627.28,2,17254.56,1717.39,Uttar Pradesh,Kanpur,UPI,5.0,4,0
BBD-0112837,2025-11-12 05:50:00,CUST-66200,PROD-5846,Boat Nirvana Ion Earbuds,Electronics,boAt,4990.0,66.2,1686.62,1,1686.62,33.73,West Bengal,Kolkata,Credit Card,5.0,3,1
BBD-0112838,2025-11-03 09:54:00,CUST-82157,PROD-6684,Apple iPhone 15 (128GB),Mobiles,Apple,79900.0,23.4,61203.4,1,61203.4,1224.07,Karnataka,Bangalore,Debit Card,3.5,3,0
BBD-0112839,2025-10-31 17:48:00,CUST-45409,PROD-1208,Adidas Originals Trefoil Hoodie,Fashion,Adidas,4599.0,36.8,2906.57,4,11626.28,2990.03,Gujarat,Surat,Debit Card,5.0,1,0
BBD-0112840,2025-11-12 19:00:00,CUST-70087,PROD-7214,Realme 12 Pro+ 5G,Mobiles,Realme,29999.0,16.4,25079.16,1,25079.16,1556.13,Kerala,Kozhikode,Cash on Delivery,5.0,2,0
BBD-0112841,2025-11-08 17:21:00,CUST-45793,PROD-5846,Boat Nirvana Ion Earbuds,Electronics,boAt,4990.0,69.7,1511.97,1,1511.97,33.31,Maharashtra,Pune,UPI,5.0,3,0
BBD-0112842,2025-10-18 20:47:00,CUST-65873,PROD-7214,Realme 12 Pro+ 5G,Mobiles,Realme,29999.0,31.0,20699.31,1,20699.31,413.99,West Bengal,Kolkata,Credit Card,4.0,3,0
BBD-0112843,2025-10-21 20:08:00,CUST-38526,PROD-6098,OnePlus 12R,Mobiles,OnePlus,39999.0,19.0,32399.19,2,64798.38,2320.08,Tamil Nadu,Madurai,Debit Card,3.0,3,0
BBD-0112844,2025-10-31 08:34:00,CUST-21297,PROD-8021,POCO X6 Pro 5G,Mobiles,POCO,24999.0,22.2,19449.22,1,19449.22,388.98,Haryana,Panipat,UPI,4.5,2,0
BBD-0112845,2025-10-27 11:23:00,CUST-10043,PROD-5353,Samsung Galaxy S24 5G,Mobiles,Samsung,74999.0,26.4,55199.26,1,55199.26,2932.62,Gujarat,Surat,Cash on Delivery,5.0,2,0
BBD-0112846,2025-10-17 05:30:00,CUST-80621,PROD-6082,Samsung 55-inch 4K Smart TV,Electronics,Samsung,54990.0,36.8,34753.68,2,69507.36,4742.5,Gujarat,Ahmedabad,UPI,5.0,3,0
BBD-0112847,2025-11-20 17:54:00,CUST-64662,PROD-2480,Allen Solly Formal Trousers,Fashion,Allen Solly,2499.0,39.1,1521.89,1,1521.89,373.02,Gujarat,Vadodara,Credit Card,4.5,2,0
BBD-0112848,2025-10-30 09:43:00,CUST-70140,PROD-9632,Google Pixel 8a,Mobiles,Google,52999.0,12.5,46374.12,1,46374.12,2124.31,Tamil Nadu,Salem,UPI,4.5,2,0
BBD-0112849,2025-11-12 04:45:00,CUST-16581,PROD-1462,Sony WH-1000XM5 Headphones,Electronics,Sony,29990.0,27.2,21832.72,1,21832.72,1436.63,Rajasthan,Jaipur,UPI,5.0,1,0
BBD-0112850,2025-11-11 08:35:00,CUST-82734,PROD-6684,Apple iPhone 15 (128GB),Mobiles,Apple,79900.0,13.4,69193.4,2,138386.8,6206.24,Tamil Nadu,Chennai,Credit Card,5.0,3,0
BBD-0112851,2025-11-09 05:28:00,CUST-18590,PROD-2480,Allen Solly Formal Trousers,Fashion,Allen Solly,2499.0,32.1,1696.82,1,1696.82,446.16,Rajasthan,Kota,Credit Card,4.0,3,0
BBD-0112852,2025-10-28 03:19:00,CUST-35391,PROD-0694,Bajaj New Shakti Neo Water Heater,Home & Kitchen,Bajaj,6999.0,32.1,4752.32,1,4752.32,774.56,Tamil Nadu,Madurai,UPI,4.5,2,0
BBD-0112853,2025-11-02 13:34:00,CUST-66836,PROD-5805,LG 8kg Front Load Washing Machine,Appliances,LG,41990.0,29.9,29434.99,1,29434.99,1702.16,Telangana,Warangal,Debit Card,4.5,4,0
BBD-0112854,2025-11-06 03:27:00,CUST-98531,PROD-8595,IFB 6.5kg Top Load Washer,Appliances,IFB,21990.0,21.1,17350.11,1,17350.11,2005.95,Karnataka,Hubli,Credit Card,5.0,1,0
BBD-0112855,2025-11-17 01:28:00,CUST-57480,PROD-5910,LG 43-inch UHD Smart TV,Electronics,LG,38990.0,40.9,23043.09,1,23043.09,1271.82,West Bengal,Siliguri,Credit Card,5.0,2,0
BBD-0112856,2025-11-14 15:36:00,CUST-31143,PROD-8595,IFB 6.5kg Top Load Washer,Appliances,IFB,21990.0,25.5,16382.55,1,16382.55,1004.43,Delhi,West Delhi,UPI,4.5,3,0
BBD-0112857,2025-11-18 23:03:00,CUST-14860,PROD-5305,Maybelline New York Matte Lipstick,Beauty & Grooming,Maybelline,449.0,31.7,306.67,1,306.67,89.39,West Bengal,Durgapur,Debit Card,4.0,4,0
BBD-0112858,2025-11-20 21:11:00,CUST-74607,PROD-8627,Apple iPad 10th Gen,Electronics,Apple,39900.0,16.3,33396.3,1,33396.3,4494.02,Uttar Pradesh,Noida,Debit Card,4.0,5,0
BBD-0112859,2025-11-04 13:32:00,CUST-39416,PROD-9235,Nike Air Max Impact Shoes,Fashion,Nike,7995.0,32.1,5428.61,1,5428.61,1525.33,Kerala,Thiruvananthapuram,UPI,5.0,1,0
BBD-0112860,2025-10-29 08:36:00,CUST-73699,PROD-1712,Prestige Iris 750W Mixer Grinder,Home & Kitchen,Prestige,4295.0,35.9,2753.1,1,2753.1,495.39,Tamil Nadu,Coimbatore,Credit Card,5.0,2,0
BBD-0112861,2025-10-29 09:09:00,CUST-90529,PROD-3168,Puma Men Motorsport Sneakers,Fashion,Puma,5499.0,46.3,2952.96,4,11811.84,2621.85,Maharashtra,Mumbai,Debit Card,5.0,4,0
BBD-0112862,2025-10-29 14:00:00,CUST-81170,PROD-7214,Realme 12 Pro+ 5G,Mobiles,Realme,29999.0,14.1,25769.14,1,25769.14,1245.41,Haryana,Gurgaon,EMI,4.5,1,0
BBD-0112863,2025-11-15 08:33:00,CUST-96878,PROD-9632,Google Pixel 8a,Mobiles,Google,52999.0,11.5,46904.11,1,46904.11,2112.26,Rajasthan,Jodhpur,Debit Card,4.5,2,0
BBD-0112864,2025-11-02 17:37:00,CUST-92404,PROD-2875,Dell Inspiron 15 Laptop,Electronics,Dell,56990.0,23.0,43882.3,1,43882.3,3941.46,Kerala,Kochi,Credit Card,5.0,2,0
BBD-0112865,2025-10-28 04:30:00,CUST-66139,PROD-6098,OnePlus 12R,Mobiles,OnePlus,39999.0,8.4,36639.08,1,36639.08,2382.65,Uttar Pradesh,Kanpur,EMI,3.0,3,0
BBD-0112866,2025-10-30 08:58:00,CUST-60042,PROD-6684,Apple iPhone 15 (128GB),Mobiles,Apple,79900.0,17.9,65597.9,1,65597.9,4009.76,Telangana,Warangal,UPI,4.5,2,0
BBD-0112867,2025-10-20 10:51:00,CUST-34017,PROD-8347,FabIndia Cotton Printed Saree,Fashion,FabIndia,4990.0,39.3,3028.93,1,3028.93,824.48,Delhi,North Delhi,EMI,4.5,3,0
BBD-0112868,2025-10-28 04:43:00,CUST-35185,PROD-8482,Kent Grand Plus RO Water Purifier,Home & Kitchen,Kent,18500.0,26.0,13690.0,1,13690.0,2507.91,Haryana,Faridabad,UPI,4.5,3,0
BBD-0112869,2025-11-01 09:39:00,CUST-53898,PROD-5353,Samsung Galaxy S24 5G,Mobiles,Samsung,74999.0,14.2,64349.14,1,64349.14,3424.15,Kerala,Kozhikode,UPI,4.0,3,0
BBD-0112870,2025-10-18 11:01:00,CUST-91199,PROD-8627,Apple iPad 10th Gen,Electronics,Apple,39900.0,11.0,35511.0,1,35511.0,4081.92,Tamil Nadu,Salem,Credit Card,4.5,2,0
BBD-0112871,2025-11-08 02:29:00,CUST-82287,PROD-5805,LG 8kg Front Load Washing Machine,Appliances,LG,41990.0,37.7,26159.77,1,26159.77,755.69,Gujarat,Surat,UPI,4.0,6,0
BBD-0112872,2025-11-10 11:43:00,CUST-11782,PROD-9399,Motorola Edge 50 Fusion,Mobiles,Motorola,22999.0,28.0,16559.28,1,16559.28,331.19,Maharashtra,Nagpur,UPI,4.5,1,0
BBD-0112873,2025-10-26 10:10:00,CUST-79085,PROD-8021,POCO X6 Pro 5G,Mobiles,POCO,24999.0,21.5,19624.22,1,19624.22,392.48,West Bengal,Howrah,Credit Card,5.0,5,0
BBD-0112874,2025-11-20 17:38:00,CUST-97147,PROD-6098,OnePlus 12R,Mobiles,OnePlus,39999.0,14.4,34239.14,1,34239.14,803.52,Tamil Nadu,Madurai,UPI,4.5,3,0
BBD-0112875,2025-10-16 01:14:00,CUST-94004,PROD-8409,Zara Textured Casual Shirt,Fashion,Zara,2990.0,30.7,2072.07,1,2072.07,495.63,Gujarat,Ahmedabad,UPI,4.5,1,0
BBD-0112876,2025-11-09 07:53:00,CUST-77930,PROD-2993,Xiaomi Redmi Note 13 Pro,Mobiles,Xiaomi,25999.0,27.4,18875.27,1,18875.27,639.84,West Bengal,Durgapur,UPI,5.0,2,0
BBD-0112877,2025-11-19 17:06:00,CUST-35939,PROD-8347,FabIndia Cotton Printed Saree,Fashion,FabIndia,4990.0,31.8,3403.18,1,3403.18,947.73,Delhi,New Delhi,Net Banking,5.0,3,0
BBD-0112878,2025-10-17 14:24:00,CUST-18966,PROD-8021,POCO X6 Pro 5G,Mobiles,POCO,24999.0,35.9,16024.36,1,16024.36,320.49,Gujarat,Rajkot,Credit Card,5.0,3,1
BBD-0112879,2025-11-18 18:28:00,CUST-50138,PROD-0023,Philips Digital Air Fryer,Home & Kitchen,Philips,10995.0,36.6,6970.83,1,6970.83,1139.83,Telangana,Hyderabad,Debit Card,5.0,3,0
BBD-0112880,2025-11-08 00:43:00,CUST-60617,PROD-2480,Allen Solly Formal Trousers,Fashion,Allen Solly,2499.0,32.6,1684.33,2,3368.66,913.01,Gujarat,Rajkot,UPI,5.0,3,0
BBD-0112881,2025-11-14 15:12:00,CUST-66756,PROD-0694,Bajaj New Shakti Neo Water Heater,Home & Kitchen,Bajaj,6999.0,27.7,5060.28,1,5060.28,747.48,Rajasthan,Udaipur,UPI,4.0,2,0
BBD-0112882,2025-11-17 04:22:00,CUST-57415,PROD-5387,Minimalist 10% Niacinamide Serum,Beauty & Grooming,Minimalist,599.0,10.9,533.71,2,1067.42,347.13,Delhi,New Delhi,Credit Card,4.5,1,0
BBD-0112883,2025-10-25 06:09:00,CUST-47999,PROD-4226,JBL Flip 6 Bluetooth Speaker,Electronics,JBL,11999.0,30.0,8399.3,1,8399.3,961.01,West Bengal,Kolkata,Credit Card,4.5,1,0
BBD-0112884,2025-10-31 19:20:00,CUST-70324,PROD-9252,Levi's 511 Slim Fit Jeans,Fashion,Levi's,3999.0,45.8,2167.46,2,4334.92,1061.25,Uttar Pradesh,Agra,Net Banking,4.5,4,1
BBD-0112885,2025-10-17 18:11:00,CUST-50117,PROD-8347,FabIndia Cotton Printed Saree,Fashion,FabIndia,4990.0,35.9,3198.59,1,3198.59,805.36,Telangana,Nizamabad,Credit Card,4.5,2,0
BBD-0112886,2025-11-18 09:56:00,CUST-73152,PROD-9760,Wakefit Orthopedic Memory Mattress,Home & Kitchen,Wakefit,12499.0,39.0,7624.39,1,7624.39,1281.7,West Bengal,Kolkata,Debit Card,3.5,2,0
BBD-0112887,2025-10-21 09:02:00,CUST-13521,PROD-6098,OnePlus 12R,Mobiles,OnePlus,39999.0,11.8,35279.12,1,35279.12,1245.89,Gujarat,Rajkot,UPI,5.0,4,0
BBD-0112888,2025-11-15 05:07:00,CUST-52721,PROD-0023,Philips Digital Air Fryer,Home & Kitchen,Philips,10995.0,38.9,6717.94,1,6717.94,933.65,West Bengal,Kolkata,Credit Card,5.0,3,0
BBD-0112889,2025-11-16 14:36:00,CUST-41946,PROD-7725,Milton Thermosteel 1L Flask,Home & Kitchen,Milton,1150.0,24.0,874.0,2,1748.0,332.61,Karnataka,Bangalore,UPI,5.0,3,0
BBD-0112890,2025-10-29 15:07:00,CUST-32081,PROD-6098,OnePlus 12R,Mobiles,OnePlus,39999.0,15.5,33799.15,1,33799.15,2360.57,Delhi,West Delhi,UPI,5.0,1,0
BBD-0112891,2025-10-17 13:05:00,CUST-61671,PROD-3168,Puma Men Motorsport Sneakers,Fashion,Puma,5499.0,39.8,3310.4,1,3310.4,787.74,Karnataka,Mysore,UPI,5.0,4,1
BBD-0112892,2025-11-04 15:07:00,CUST-25077,PROD-5805,LG 8kg Front Load Washing Machine,Appliances,LG,41990.0,30.2,29309.02,1,29309.02,1624.5,Telangana,Nizamabad,Credit Card,5.0,2,0
BBD-0112893,2025-10-25 19:39:00,CUST-90529,PROD-9760,Wakefit Orthopedic Memory Mattress,Home & Kitchen,Wakefit,12499.0,34.9,8136.85,1,8136.85,1304.38,Tamil Nadu,Madurai,UPI,3.5,2,0
BBD-0112894,2025-11-05 03:31:00,CUST-25910,PROD-8595,IFB 6.5kg Top Load Washer,Appliances,IFB,21990.0,23.5,16822.35,1,16822.35,938.28,Haryana,Panipat,UPI,4.0,1,0
BBD-0112895,2025-11-16 18:24:00,CUST-95211,PROD-5353,Samsung Galaxy S24 5G,Mobiles,Samsung,74999.0,18.5,61124.18,1,61124.18,3964.5,Telangana,Hyderabad,Cash on Delivery,5.0,2,1
BBD-0112896,2025-10-16 21:55:00,CUST-27186,PROD-6305,The Derma Co 1% Hyaluronic Sunscreen,Beauty & Grooming,The Derma Co,499.0,13.7,430.64,1,430.64,142.54,Uttar Pradesh,Noida,UPI,4.5,2,0
BBD-0112897,2025-11-03 09:03:00,CUST-18340,PROD-7180,Philips Series 3000 Beard Trimmer,Beauty & Grooming,Philips,1895.0,22.9,1461.05,1,1461.05,482.11,Maharashtra,Mumbai,Credit Card,4.0,3,0
BBD-0112898,2025-11-14 15:07:00,CUST-90102,PROD-6814,Noise ColorFit Pro 5 Smartwatch,Electronics,Noise,3999.0,62.5,1499.62,1,1499.62,30.24,Kerala,Kochi,UPI,4.0,2,0
BBD-0112899,2025-10-20 06:16:00,CUST-11349,PROD-6684,Apple iPhone 15 (128GB),Mobiles,Apple,79900.0,18.7,64958.7,2,129917.4,9193.95,Gujarat,Ahmedabad,UPI,5.0,2,0
BBD-0112900,2025-10-21 13:58:00,CUST-27155,PROD-1208,Adidas Originals Trefoil Hoodie,Fashion,Adidas,4599.0,44.4,2557.04,1,2557.04,615.65,Haryana,Gurgaon,UPI,5.0,7,0
BBD-0112901,2025-10-16 18:42:00,CUST-82849,PROD-6098,OnePlus 12R,Mobiles,OnePlus,39999.0,20.1,31959.2,1,31959.2,1344.59,Uttar Pradesh,Kanpur,Debit Card,5.0,3,0
BBD-0112902,2025-10-16 10:08:00,CUST-23761,PROD-6098,OnePlus 12R,Mobiles,OnePlus,39999.0,9.7,36119.1,1,36119.1,2859.56,Uttar Pradesh,Kanpur,Cash on Delivery,5.0,2,0
BBD-0112903,2025-10-16 02:22:00,CUST-59986,PROD-6684,Apple iPhone 15 (128GB),Mobiles,Apple,79900.0,13.1,69433.1,1,69433.1,5182.28,West Bengal,Siliguri,Cash on Delivery,5.0,1,0
BBD-0112904,2025-11-03 20:45:00,CUST-85003,PROD-7725,Milton Thermosteel 1L Flask,Home & Kitchen,Milton,1150.0,19.9,921.15,1,921.15,154.45,Telangana,Hyderabad,Credit Card,5.0,5,0
BBD-0112905,2025-11-07 05:37:00,CUST-95482,PROD-5353,Samsung Galaxy S24 5G,Mobiles,Samsung,74999.0,20.0,59999.2,1,59999.2,1199.98,Maharashtra,Mumbai,Credit Card,5.0,1,0
BBD-0112906,2025-10-27 04:08:00,CUST-38498,PROD-6098,OnePlus 12R,Mobiles,OnePlus,39999.0,16.2,33519.16,1,33519.16,1387.03,West Bengal,Howrah,Credit Card,4.5,2,0
BBD-0112907,2025-11-15 00:38:00,CUST-36650,PROD-7180,Philips Series 3000 Beard Trimmer,Beauty & Grooming,Philips,1895.0,33.9,1252.6,1,1252.6,328.86,Kerala,Thiruvananthapuram,Net Banking,5.0,3,0
BBD-0112908,2025-10-28 20:32:00,CUST-11430,PROD-8021,POCO X6 Pro 5G,Mobiles,POCO,24999.0,22.1,19474.22,1,19474.22,1185.08,Tamil Nadu,Chennai,UPI,3.5,3,0
BBD-0112909,2025-11-17 11:22:00,CUST-13298,PROD-2993,Xiaomi Redmi Note 13 Pro,Mobiles,Xiaomi,25999.0,31.9,17705.32,1,17705.32,354.11,Uttar Pradesh,Varanasi,Credit Card,4.5,2,1
BBD-0112910,2025-11-10 04:21:00,CUST-92021,PROD-7725,Milton Thermosteel 1L Flask,Home & Kitchen,Milton,1150.0,30.3,801.55,2,1603.1,259.07,Telangana,Hyderabad,Debit Card,4.0,1,0
BBD-0112911,2025-11-14 11:06:00,CUST-62784,PROD-9760,Wakefit Orthopedic Memory Mattress,Home & Kitchen,Wakefit,12499.0,31.4,8574.31,1,8574.31,1616.68,Telangana,Nizamabad,UPI,4.0,7,0
BBD-0112912,2025-11-15 13:22:00,CUST-32820,PROD-8595,IFB 6.5kg Top Load Washer,Appliances,IFB,21990.0,31.1,15151.11,1,15151.11,620.69,Kerala,Kozhikode,Credit Card,3.0,2,0
BBD-0112913,2025-11-18 11:44:00,CUST-93845,PROD-8347,FabIndia Cotton Printed Saree,Fashion,FabIndia,4990.0,34.4,3273.44,1,3273.44,886.04,Uttar Pradesh,Lucknow,UPI,4.5,2,0
BBD-0112914,2025-10-24 19:39:00,CUST-40576,PROD-5846,Boat Nirvana Ion Earbuds,Electronics,boAt,4990.0,58.1,2090.81,1,2090.81,41.82,Haryana,Gurgaon,Cash on Delivery,4.0,2,0
BBD-0112915,2025-11-03 19:35:00,CUST-14633,PROD-8021,POCO X6 Pro 5G,Mobiles,POCO,24999.0,36.8,15799.37,1,15799.37,315.99,Rajasthan,Kota,Cash on Delivery,4.5,1,0
BBD-0112916,2025-10-20 19:17:00,CUST-96620,PROD-6157,Godrej 190L Direct Cool Refrigerator,Appliances,Godrej,16990.0,18.7,13812.87,1,13812.87,1585.27,Gujarat,Rajkot,UPI,4.5,3,0
BBD-0112917,2025-10-26 20:15:00,CUST-60752,PROD-8482,Kent Grand Plus RO Water Purifier,Home & Kitchen,Kent,18500.0,19.7,14855.5,1,14855.5,2613.46,Karnataka,Bangalore,Debit Card,5.0,3,1
BBD-0112918,2025-10-16 16:13:00,CUST-69503,PROD-8482,Kent Grand Plus RO Water Purifier,Home & Kitchen,Kent,18500.0,24.5,13967.5,1,13967.5,2685.73,Rajasthan,Kota,UPI,5.0,4,0
BBD-0112919,2025-11-07 22:28:00,CUST-82187,PROD-2875,Dell Inspiron 15 Laptop,Electronics,Dell,56990.0,25.1,42685.51,1,42685.51,3256.93,Tamil Nadu,Chennai,UPI,4.5,7,0
BBD-0112920,2025-11-12 14:25:00,CUST-28067,PROD-7725,Milton Thermosteel 1L Flask,Home & Kitchen,Milton,1150.0,18.6,936.1,3,2808.3,488.43,Maharashtra,Pune,UPI,3.5,3,0
BBD-0112921,2025-11-14 15:36:00,CUST-95775,PROD-2993,Xiaomi Redmi Note 13 Pro,Mobiles,Xiaomi,25999.0,18.5,21189.18,1,21189.18,1023.86,West Bengal,Howrah,UPI,5.0,5,0
BBD-0112922,2025-11-14 06:02:00,CUST-33966,PROD-9399,Motorola Edge 50 Fusion,Mobiles,Motorola,22999.0,26.5,16904.26,2,33808.52,1447.13,Kerala,Kochi,Debit Card,4.5,1,0
BBD-0112923,2025-10-18 21:51:00,CUST-29779,PROD-8347,FabIndia Cotton Printed Saree,Fashion,FabIndia,4990.0,41.0,2944.1,1,2944.1,778.56,Rajasthan,Kota,Credit Card,5.0,2,0
BBD-0112924,2025-10-27 20:04:00,CUST-74480,PROD-9252,Levi's 511 Slim Fit Jeans,Fashion,Levi's,3999.0,36.3,2547.36,1,2547.36,717.06,Rajasthan,Jodhpur,UPI,4.0,1,0
BBD-0112925,2025-10-17 03:03:00,CUST-89232,PROD-9252,Levi's 511 Slim Fit Jeans,Fashion,Levi's,3999.0,35.0,2599.35,3,7798.05,2033.1,Gujarat,Rajkot,UPI,5.0,2,0
BBD-0112926,2025-11-07 23:45:00,CUST-22412,PROD-9760,Wakefit Orthopedic Memory Mattress,Home & Kitchen,Wakefit,12499.0,32.5,8436.83,1,8436.83,1592.5,Haryana,Faridabad,Debit Card,3.5,3,0
BBD-0112927,2025-11-08 04:35:00,CUST-11152,PROD-2405,HP Pavilion Gaming Laptop,Electronics,HP,68990.0,32.6,46499.26,1,46499.26,3700.79,West Bengal,Kolkata,Net Banking,4.5,2,0
BBD-0112928,2025-10-26 04:33:00,CUST-33172,PROD-2480,Allen Solly Formal Trousers,Fashion,Allen Solly,2499.0,38.4,1539.38,2,3078.76,743.67,Telangana,Warangal,UPI,5.0,4,0
BBD-0112929,2025-11-09 01:24:00,CUST-38873,PROD-2875,Dell Inspiron 15 Laptop,Electronics,Dell,56990.0,28.2,40918.82,2,81837.64,9904.71,Kerala,Kozhikode,Credit Card,5.0,2,0
BBD-0112930,2025-11-07 19:23:00,CUST-82916,PROD-8021,POCO X6 Pro 5G,Mobiles,POCO,24999.0,28.3,17924.28,1,17924.28,897.18,Maharashtra,Nagpur,UPI,4.0,2,0
BBD-0112931,2025-10-27 10:17:00,CUST-79202,PROD-9252,Levi's 511 Slim Fit Jeans,Fashion,Levi's,3999.0,42.6,2295.43,2,4590.86,1125.21,Kerala,Kozhikode,UPI,4.0,5,0
BBD-0112932,2025-10-19 19:40:00,CUST-47802,PROD-5805,LG 8kg Front Load Washing Machine,Appliances,LG,41990.0,33.8,27797.38,1,27797.38,1762.34,Haryana,Gurgaon,Cash on Delivery,3.5,2,0
BBD-0112933,2025-10-28 01:51:00,CUST-29330,PROD-7725,Milton Thermosteel 1L Flask,Home & Kitchen,Milton,1150.0,17.1,953.35,1,953.35,214.5,Karnataka,Bangalore,EMI,4.5,3,0
BBD-0112934,2025-11-13 00:44:00,CUST-94460,PROD-6684,Apple iPhone 15 (128GB),Mobiles,Apple,79900.0,18.4,65198.4,1,65198.4,2747.45,Haryana,Gurgaon,Debit Card,5.0,3,0
BBD-0112935,2025-10-22 19:38:00,CUST-38128,PROD-5387,Minimalist 10% Niacinamide Serum,Beauty & Grooming,Minimalist,599.0,19.2,483.99,1,483.99,143.57,Maharashtra,Pune,UPI,3.5,2,0
BBD-0112936,2025-10-25 13:43:00,CUST-47575,PROD-7356,Biba Women Embroidered Kurta,Fashion,Biba,3299.0,48.4,1702.28,1,1702.28,408.5,Gujarat,Rajkot,UPI,5.0,1,0
BBD-0112937,2025-11-11 21:08:00,CUST-10062,PROD-9632,Google Pixel 8a,Mobiles,Google,52999.0,18.2,43353.18,2,86706.36,3618.79,Delhi,North Delhi,UPI,5.0,1,1
BBD-0112938,2025-10-19 07:33:00,CUST-82654,PROD-6814,Noise ColorFit Pro 5 Smartwatch,Electronics,Noise,3999.0,56.6,1735.57,2,3471.14,119.14,West Bengal,Durgapur,Debit Card,5.0,2,0
BBD-0112939,2025-11-08 13:17:00,CUST-56868,PROD-8347,FabIndia Cotton Printed Saree,Fashion,FabIndia,4990.0,24.6,3762.46,2,7524.92,1989.28,Gujarat,Vadodara,Credit Card,5.0,2,0
BBD-0112940,2025-11-06 07:07:00,CUST-64894,PROD-6098,OnePlus 12R,Mobiles,OnePlus,39999.0,11.9,35239.12,2,70478.24,3305.89,Telangana,Warangal,Debit Card,5.0,3,0
BBD-0112941,2025-10-18 07:31:00,CUST-42373,PROD-6814,Noise ColorFit Pro 5 Smartwatch,Electronics,Noise,3999.0,49.9,2003.5,1,2003.5,133.62,Tamil Nadu,Madurai,UPI,4.5,1,0
BBD-0112942,2025-10-21 02:00:00,CUST-63215,PROD-6684,Apple iPhone 15 (128GB),Mobiles,Apple,79900.0,13.8,68873.8,1,68873.8,1885.84,West Bengal,Kolkata,Cash on Delivery,5.0,6,0
BBD-0112943,2025-11-05 17:28:00,CUST-28292,PROD-2993,Xiaomi Redmi Note 13 Pro,Mobiles,Xiaomi,25999.0,26.8,19031.27,1,19031.27,856.5,Haryana,Gurgaon,Debit Card,3.5,2,0
BBD-0112944,2025-11-01 17:14:00,CUST-80843,PROD-0023,Philips Digital Air Fryer,Home & Kitchen,Philips,10995.0,39.1,6695.95,1,6695.95,1017.36,Haryana,Panipat,Credit Card,4.0,4,0
BBD-0112945,2025-11-19 11:11:00,CUST-41524,PROD-1712,Prestige Iris 750W Mixer Grinder,Home & Kitchen,Prestige,4295.0,45.7,2332.18,1,2332.18,337.92,Uttar Pradesh,Varanasi,UPI,5.0,4,0
BBD-0112946,2025-11-13 07:23:00,CUST-52614,PROD-5353,Samsung Galaxy S24 5G,Mobiles,Samsung,74999.0,25.0,56249.25,1,56249.25,3216.28,Karnataka,Mangalore,UPI,5.0,3,0
BBD-0112947,2025-11-12 16:10:00,CUST-85159,PROD-9399,Motorola Edge 50 Fusion,Mobiles,Motorola,22999.0,22.2,17893.22,1,17893.22,360.2,Karnataka,Bangalore,Debit Card,5.0,2,0
BBD-0112948,2025-11-01 03:43:00,CUST-91412,PROD-1462,Sony WH-1000XM5 Headphones,Electronics,Sony,29990.0,26.4,22072.64,1,22072.64,2591.81,Rajasthan,Udaipur,Credit Card,4.5,3,0
BBD-0112949,2025-10-26 02:41:00,CUST-47999,PROD-9760,Wakefit Orthopedic Memory Mattress,Home & Kitchen,Wakefit,12499.0,36.2,7974.36,1,7974.36,1178.14,Tamil Nadu,Chennai,Credit Card,5.0,1,1
BBD-0112950,2025-10-21 17:11:00,CUST-36677,PROD-6684,Apple iPhone 15 (128GB),Mobiles,Apple,79900.0,25.6,59445.6,1,59445.6,1188.91,Maharashtra,Nagpur,UPI,5.0,2,0
BBD-0112951,2025-11-09 09:20:00,CUST-57119,PROD-5846,Boat Nirvana Ion Earbuds,Electronics,boAt,4990.0,54.4,2275.44,2,4550.88,238.16,Karnataka,Mysore,UPI,4.5,2,0
BBD-0112952,2025-11-19 04:41:00,CUST-36129,PROD-2405,HP Pavilion Gaming Laptop,Electronics,HP,68990.0,34.0,45533.4,3,136600.2,14692.56,Rajasthan,Kota,UPI,4.0,3,0
BBD-0112953,2025-10-21 04:29:00,CUST-18288,PROD-4226,JBL Flip 6 Bluetooth Speaker,Electronics,JBL,11999.0,20.1,9587.2,2,19174.4,2307.36,Maharashtra,Pune,Cash on Delivery,4.0,3,0
BBD-0112954,2025-11-02 21:25:00,CUST-50791,PROD-2875,Dell Inspiron 15 Laptop,Electronics,Dell,56990.0,15.0,48441.5,1,48441.5,5904.04,Haryana,Gurgaon,Credit Card,3.5,2,0
BBD-0112955,2025-11-03 20:54:00,CUST-52300,PROD-6098,OnePlus 12R,Mobiles,OnePlus,39999.0,21.6,31359.22,1,31359.22,627.18,Haryana,Faridabad,Debit Card,3.0,3,0
BBD-0112956,2025-11-03 08:48:00,CUST-48135,PROD-3168,Puma Men Motorsport Sneakers,Fashion,Puma,5499.0,41.8,3200.42,1,3200.42,756.55,Uttar Pradesh,Noida,UPI,3.5,2,0
BBD-0112957,2025-11-17 09:25:00,CUST-95132,PROD-6305,The Derma Co 1% Hyaluronic Sunscreen,Beauty & Grooming,The Derma Co,499.0,15.0,424.15,3,1272.45,437.18,Gujarat,Rajkot,UPI,4.0,6,0
BBD-0112958,2025-11-13 12:24:00,CUST-68588,PROD-9632,Google Pixel 8a,Mobiles,Google,52999.0,17.2,43883.17,1,43883.17,2633.81,Maharashtra,Nashik,UPI,4.5,2,0
BBD-0112959,2025-10-29 04:52:00,CUST-85293,PROD-9760,Wakefit Orthopedic Memory Mattress,Home & Kitchen,Wakefit,12499.0,28.2,8974.28,1,8974.28,1465.49,Maharashtra,Nagpur,Credit Card,5.0,3,0
BBD-0112960,2025-10-27 07:05:00,CUST-71015,PROD-5675,L'Oreal Paris Total Repair Hair Mask,Beauty & Grooming,L'Oreal,499.0,30.1,348.8,1,348.8,109.45,Maharashtra,Nashik,UPI,3.5,1,0
BBD-0112961,2025-11-18 15:13:00,CUST-83704,PROD-5675,L'Oreal Paris Total Repair Hair Mask,Beauty & Grooming,L'Oreal,499.0,30.9,344.81,1,344.81,97.5,Haryana,Gurgaon,UPI,4.5,4,0
BBD-0112962,2025-11-18 14:24:00,CUST-44450,PROD-2897,Bombay Shaving Co Grooming Kit,Beauty & Grooming,Bombay Shaving Co,1499.0,37.3,939.87,2,1879.74,512.92,Rajasthan,Jodhpur,Net Banking,4.5,3,0
BBD-0112963,2025-11-09 18:17:00,CUST-64626,PROD-7214,Realme 12 Pro+ 5G,Mobiles,Realme,29999.0,22.0,23399.22,1,23399.22,467.98,Haryana,Panipat,Credit Card,5.0,2,0
BBD-0112964,2025-11-17 20:46:00,CUST-40498,PROD-0694,Bajaj New Shakti Neo Water Heater,Home & Kitchen,Bajaj,6999.0,40.7,4150.41,1,4150.41,570.72,Telangana,Nizamabad,UPI,5.0,2,0
BBD-0112965,2025-10-23 10:56:00,CUST-84252,PROD-5846,Boat Nirvana Ion Earbuds,Electronics,boAt,4990.0,61.1,1941.11,1,1941.11,99.56,Kerala,Kozhikode,UPI,5.0,2,0
BBD-0112966,2025-11-19 13:05:00,CUST-76528,PROD-7180,Philips Series 3000 Beard Trimmer,Beauty & Grooming,Philips,1895.0,30.8,1311.34,1,1311.34,369.05,Uttar Pradesh,Varanasi,UPI,5.0,3,0
BBD-0112967,2025-11-01 14:54:00,CUST-64019,PROD-9399,Motorola Edge 50 Fusion,Mobiles,Motorola,22999.0,14.2,19733.14,1,19733.14,846.77,Rajasthan,Jaipur,Credit Card,4.5,2,0
BBD-0112968,2025-11-10 06:29:00,CUST-67433,PROD-8021,POCO X6 Pro 5G,Mobiles,POCO,24999.0,22.2,19449.22,2,38898.44,1193.65,Telangana,Hyderabad,Credit Card,4.0,2,0
BBD-0112969,2025-11-06 04:29:00,CUST-15341,PROD-5846,Boat Nirvana Ion Earbuds,Electronics,boAt,4990.0,62.8,1856.28,2,3712.56,74.25,Kerala,Thiruvananthapuram,UPI,5.0,3,0
BBD-0112970,2025-10-22 03:48:00,CUST-51770,PROD-6098,OnePlus 12R,Mobiles,OnePlus,39999.0,9.2,36319.09,1,36319.09,2901.11,Maharashtra,Pune,UPI,3.5,2,0
BBD-0112971,2025-11-01 02:10:00,CUST-95649,PROD-0694,Bajaj New Shakti Neo Water Heater,Home & Kitchen,Bajaj,6999.0,26.7,5130.27,1,5130.27,858.01,Telangana,Nizamabad,Credit Card,5.0,2,0
BBD-0112972,2025-10-16 07:02:00,CUST-84318,PROD-9252,Levi's 511 Slim Fit Jeans,Fashion,Levi's,3999.0,50.4,1983.5,3,5950.5,1375.64,Tamil Nadu,Salem,UPI,4.5,3,0
BBD-0112973,2025-11-19 22:07:00,CUST-20814,PROD-5353,Samsung Galaxy S24 5G,Mobiles,Samsung,74999.0,23.9,57074.24,1,57074.24,2480.76,Tamil Nadu,Salem,UPI,4.0,2,0
BBD-0112974,2025-11-02 04:01:00,CUST-39763,PROD-6684,Apple iPhone 15 (128GB),Mobiles,Apple,79900.0,14.2,68554.2,1,68554.2,3393.02,Rajasthan,Udaipur,Debit Card,5.0,1,1
BBD-0112975,2025-11-03 01:33:00,CUST-14543,PROD-7725,Milton Thermosteel 1L Flask,Home & Kitchen,Milton,1150.0,16.0,966.0,2,1932.0,326.63,Karnataka,Bangalore,Credit Card,3.5,1,0
BBD-0112976,2025-10-19 09:29:00,CUST-83357,PROD-5353,Samsung Galaxy S24 5G,Mobiles,Samsung,74999.0,25.7,55724.26,1,55724.26,3008.85,Haryana,Faridabad,Credit Card,4.0,5,0
BBD-0112977,2025-10-29 12:49:00,CUST-34859,PROD-9632,Google Pixel 8a,Mobiles,Google,52999.0,26.5,38954.26,1,38954.26,779.09,Uttar Pradesh,Varanasi,Credit Card,4.0,1,0
BBD-0112978,2025-11-08 04:43:00,CUST-63001,PROD-4226,JBL Flip 6 Bluetooth Speaker,Electronics,JBL,11999.0,25.6,8927.26,1,8927.26,812.99,Karnataka,Bangalore,UPI,1.0,3,0
BBD-0112979,2025-11-17 18:16:00,CUST-15143,PROD-1208,Adidas Originals Trefoil Hoodie,Fashion,Adidas,4599.0,46.5,2460.46,1,2460.46,584.19,Telangana,Hyderabad,Net Banking,3.5,5,0
BBD-0112980,2025-11-18 15:48:00,CUST-95592,PROD-9235,Nike Air Max Impact Shoes,Fashion,Nike,7995.0,32.9,5364.65,1,5364.65,1412.53,Delhi,South Delhi,Debit Card,4.5,2,0
BBD-0112981,2025-11-04 19:40:00,CUST-37661,PROD-7356,Biba Women Embroidered Kurta,Fashion,Biba,3299.0,49.5,1666.0,4,6664.0,1677.69,Maharashtra,Nagpur,Net Banking,4.0,1,0
BBD-0112982,2025-11-03 14:54:00,CUST-36657,PROD-8482,Kent Grand Plus RO Water Purifier,Home & Kitchen,Kent,18500.0,24.9,13893.5,1,13893.5,2241.97,Gujarat,Surat,UPI,4.5,3,0
BBD-0112983,2025-10-22 07:15:00,CUST-55547,PROD-1462,Sony WH-1000XM5 Headphones,Electronics,Sony,29990.0,26.2,22132.62,1,22132.62,2564.75,Tamil Nadu,Chennai,UPI,4.0,3,0
BBD-0112984,2025-10-22 18:46:00,CUST-40576,PROD-6098,OnePlus 12R,Mobiles,OnePlus,39999.0,9.8,36079.1,1,36079.1,1839.3,West Bengal,Durgapur,EMI,5.0,4,0
BBD-0112985,2025-11-18 13:51:00,CUST-58673,PROD-7725,Milton Thermosteel 1L Flask,Home & Kitchen,Milton,1150.0,15.6,970.6,3,2911.8,662.14,Rajasthan,Jodhpur,UPI,5.0,1,0
BBD-0112986,2025-11-03 21:47:00,CUST-64617,PROD-5353,Samsung Galaxy S24 5G,Mobiles,Samsung,74999.0,12.1,65924.12,1,65924.12,4942.61,Haryana,Panipat,UPI,5.0,3,0
BBD-0112987,2025-11-20 21:12:00,CUST-78293,PROD-5353,Samsung Galaxy S24 5G,Mobiles,Samsung,74999.0,26.1,55424.26,1,55424.26,2937.78,Karnataka,Mysore,Cash on Delivery,5.0,3,0
BBD-0112988,2025-11-18 16:35:00,CUST-32820,PROD-5387,Minimalist 10% Niacinamide Serum,Beauty & Grooming,Minimalist,599.0,5.5,566.05,2,1132.1,388.52,Kerala,Kochi,Cash on Delivery,5.0,5,0
BBD-0112989,2025-10-28 15:09:00,CUST-13938,PROD-7725,Milton Thermosteel 1L Flask,Home & Kitchen,Milton,1150.0,27.5,833.75,1,833.75,131.06,Maharashtra,Pune,Debit Card,4.0,4,0
BBD-0112990,2025-10-19 16:02:00,CUST-47100,PROD-6082,Samsung 55-inch 4K Smart TV,Electronics,Samsung,54990.0,30.7,38108.07,1,38108.07,4408.74,Haryana,Panipat,UPI,4.0,1,0
BBD-0112991,2025-11-19 13:58:00,CUST-39988,PROD-9399,Motorola Edge 50 Fusion,Mobiles,Motorola,22999.0,23.2,17663.23,1,17663.23,1065.98,West Bengal,Howrah,UPI,4.5,2,0
BBD-0112992,2025-11-16 23:52:00,CUST-27998,PROD-0694,Bajaj New Shakti Neo Water Heater,Home & Kitchen,Bajaj,6999.0,39.7,4220.4,1,4220.4,513.06,Rajasthan,Kota,EMI,4.5,2,1
BBD-0112993,2025-11-07 04:52:00,CUST-65573,PROD-7725,Milton Thermosteel 1L Flask,Home & Kitchen,Milton,1150.0,27.2,837.2,1,837.2,147.77,Karnataka,Hubli,Debit Card,5.0,3,0
BBD-0112994,2025-10-27 17:49:00,CUST-36657,PROD-7180,Philips Series 3000 Beard Trimmer,Beauty & Grooming,Philips,1895.0,22.4,1470.52,3,4411.56,1452.31,Delhi,West Delhi,UPI,3.5,3,1
BBD-0112995,2025-10-25 11:58:00,CUST-75751,PROD-3168,Puma Men Motorsport Sneakers,Fashion,Puma,5499.0,39.6,3321.4,1,3321.4,795.31,Maharashtra,Mumbai,Debit Card,5.0,1,0
BBD-0112996,2025-11-18 17:52:00,CUST-89329,PROD-3168,Puma Men Motorsport Sneakers,Fashion,Puma,5499.0,52.0,2639.52,1,2639.52,604.92,Maharashtra,Pune,Cash on Delivery,5.0,3,0
BBD-0112997,2025-10-17 07:12:00,CUST-55081,PROD-8409,Zara Textured Casual Shirt,Fashion,Zara,2990.0,34.7,1952.47,2,3904.94,999.07,Uttar Pradesh,Agra,Credit Card,3.5,3,0
BBD-0112998,2025-11-10 13:18:00,CUST-59712,PROD-3168,Puma Men Motorsport Sneakers,Fashion,Puma,5499.0,51.7,2656.02,1,2656.02,569.94,Tamil Nadu,Chennai,EMI,4.5,2,0
BBD-0112999,2025-10-30 02:54:00,CUST-18145,PROD-9252,Levi's 511 Slim Fit Jeans,Fashion,Levi's,3999.0,42.1,2315.42,1,2315.42,552.0,Rajasthan,Jodhpur,UPI,4.5,2,0
BBD-0113000,2025-11-08 23:40:00,CUST-85936,PROD-6684,Apple iPhone 15 (128GB),Mobiles,Apple,79900.0,16.0,67116.0,2,134232.0,2684.64,Delhi,New Delhi,Credit Card,5.0,2,0
BBD-0113001,2025-10-18 18:49:00,CUST-63902,PROD-8347,FabIndia Cotton Printed Saree,Fashion,FabIndia,4990.0,31.0,3443.1,2,6886.2,1850.28,Tamil Nadu,Chennai,Cash on Delivery,4.5,2,1
BBD-0113002,2025-11-04 18:07:00,CUST-27990,PROD-2480,Allen Solly Formal Trousers,Fashion,Allen Solly,2499.0,32.2,1694.32,4,6777.28,1955.31,Tamil Nadu,Coimbatore,Debit Card,5.0,3,0
BBD-0113003,2025-10-31 05:52:00,CUST-94575,PROD-5910,LG 43-inch UHD Smart TV,Electronics,LG,38990.0,37.7,24290.77,2,48581.54,4850.94,Telangana,Warangal,Credit Card,4.5,2,0
BBD-0113004,2025-11-07 23:27:00,CUST-89425,PROD-4226,JBL Flip 6 Bluetooth Speaker,Electronics,JBL,11999.0,29.0,8519.29,1,8519.29,644.26,Kerala,Kochi,UPI,4.5,3,0
BBD-0113005,2025-10-28 14:11:00,CUST-81389,PROD-7356,Biba Women Embroidered Kurta,Fashion,Biba,3299.0,58.8,1359.19,1,1359.19,269.48,Delhi,South Delhi,Credit Card,4.5,5,0
BBD-0113006,2025-11-13 14:31:00,CUST-87355,PROD-7180,Philips Series 3000 Beard Trimmer,Beauty & Grooming,Philips,1895.0,25.8,1406.09,1,1406.09,413.17,Tamil Nadu,Chennai,EMI,4.0,2,0
BBD-0113007,2025-11-11 14:58:00,CUST-80062,PROD-1712,Prestige Iris 750W Mixer Grinder,Home & Kitchen,Prestige,4295.0,50.0,2147.5,1,2147.5,264.69,Uttar Pradesh,Kanpur,Credit Card,4.0,1,0
BBD-0113008,2025-11-19 04:01:00,CUST-12456,PROD-5305,Maybelline New York Matte Lipstick,Beauty & Grooming,Maybelline,449.0,25.5,334.5,2,669.0,200.9,Haryana,Panipat,Cash on Delivery,4.5,2,0
BBD-0113009,2025-11-12 03:27:00,CUST-62510,PROD-5910,LG 43-inch UHD Smart TV,Electronics,LG,38990.0,31.5,26708.15,1,26708.15,1739.92,West Bengal,Durgapur,UPI,4.5,4,0
BBD-0113010,2025-11-18 17:24:00,CUST-64852,PROD-5353,Samsung Galaxy S24 5G,Mobiles,Samsung,74999.0,15.2,63599.15,1,63599.15,1589.23,Maharashtra,Nagpur,Credit Card,5.0,3,0
BBD-0113011,2025-10-22 11:01:00,CUST-96225,PROD-9252,Levi's 511 Slim Fit Jeans,Fashion,Levi's,3999.0,43.8,2247.44,2,4494.88,1158.99,Delhi,South Delhi,Debit Card,4.5,1,0
BBD-0113012,2025-11-20 18:01:00,CUST-34476,PROD-2405,HP Pavilion Gaming Laptop,Electronics,HP,68990.0,27.4,50086.74,1,50086.74,4849.94,Telangana,Warangal,UPI,5.0,3,1
BBD-0113013,2025-11-13 00:09:00,CUST-53202,PROD-6684,Apple iPhone 15 (128GB),Mobiles,Apple,79900.0,20.5,63520.5,1,63520.5,3534.47,West Bengal,Siliguri,UPI,5.0,4,0
BBD-0113014,2025-10-23 14:54:00,CUST-67700,PROD-9760,Wakefit Orthopedic Memory Mattress,Home & Kitchen,Wakefit,12499.0,36.9,7886.87,1,7886.87,1430.69,Uttar Pradesh,Noida,UPI,5.0,2,0
BBD-0113015,2025-11-04 11:13:00,CUST-87640,PROD-2405,HP Pavilion Gaming Laptop,Electronics,HP,68990.0,22.8,53260.28,1,53260.28,6724.86,Telangana,Warangal,Debit Card,4.0,4,0
BBD-0113016,2025-11-13 00:39:00,CUST-32165,PROD-0694,Bajaj New Shakti Neo Water Heater,Home & Kitchen,Bajaj,6999.0,28.6,4997.29,1,4997.29,980.3,Tamil Nadu,Coimbatore,Credit Card,5.0,2,0
BBD-0113017,2025-11-04 22:48:00,CUST-91412,PROD-8021,POCO X6 Pro 5G,Mobiles,POCO,24999.0,28.6,17849.29,1,17849.29,443.71,Haryana,Panipat,Credit Card,3.5,1,0
BBD-0113018,2025-11-03 10:57:00,CUST-53607,PROD-2405,HP Pavilion Gaming Laptop,Electronics,HP,68990.0,33.1,46154.31,1,46154.31,5110.55,Uttar Pradesh,Kanpur,UPI,3.5,2,0
BBD-0113019,2025-10-20 03:38:00,CUST-29949,PROD-8627,Apple iPad 10th Gen,Electronics,Apple,39900.0,8.0,36708.0,3,110124.0,13658.56,Maharashtra,Nagpur,UPI,4.5,3,0
BBD-0113020,2025-11-10 08:23:00,CUST-29586,PROD-1208,Adidas Originals Trefoil Hoodie,Fashion,Adidas,4599.0,43.5,2598.43,1,2598.43,661.68,Uttar Pradesh,Varanasi,Credit Card,4.5,1,0
BBD-0113021,2025-11-18 20:42:00,CUST-88277,PROD-8595,IFB 6.5kg Top Load Washer,Appliances,IFB,21990.0,18.2,17987.82,1,17987.82,1933.91,West Bengal,Siliguri,EMI,4.0,3,0
BBD-0113022,2025-11-02 21:48:00,CUST-12295,PROD-2405,HP Pavilion Gaming Laptop,Electronics,HP,68990.0,16.6,57537.66,1,57537.66,7157.69,Telangana,Nizamabad,UPI,5.0,5,0
BBD-0113023,2025-11-11 07:16:00,CUST-25580,PROD-9399,Motorola Edge 50 Fusion,Mobiles,Motorola,22999.0,18.3,18790.18,1,18790.18,1042.28,Maharashtra,Pune,Debit Card,3.0,3,0
BBD-0113024,2025-10-23 11:41:00,CUST-80072,PROD-9632,Google Pixel 8a,Mobiles,Google,52999.0,10.1,47646.1,1,47646.1,3555.93,Tamil Nadu,Chennai,UPI,5.0,1,0
BBD-0113025,2025-11-01 19:20:00,CUST-80795,PROD-0694,Bajaj New Shakti Neo Water Heater,Home & Kitchen,Bajaj,6999.0,33.8,4633.34,2,9266.68,1718.28,Maharashtra,Nagpur,UPI,5.0,3,0
BBD-0113026,2025-11-13 19:34:00,CUST-87800,PROD-9632,Google Pixel 8a,Mobiles,Google,52999.0,18.4,43247.18,1,43247.18,1052.13,Telangana,Nizamabad,Debit Card,5.0,2,0
BBD-0113027,2025-11-18 19:32:00,CUST-99949,PROD-5910,LG 43-inch UHD Smart TV,Electronics,LG,38990.0,25.4,29086.54,1,29086.54,3317.13,Maharashtra,Pune,Credit Card,3.5,2,0
BBD-0113028,2025-11-09 08:31:00,CUST-72389,PROD-8627,Apple iPad 10th Gen,Electronics,Apple,39900.0,18.1,32678.1,1,32678.1,4255.47,Uttar Pradesh,Kanpur,UPI,5.0,3,0
BBD-0113029,2025-10-22 03:57:00,CUST-59600,PROD-6684,Apple iPhone 15 (128GB),Mobiles,Apple,79900.0,25.3,59685.3,1,59685.3,1193.71,West Bengal,Howrah,Debit Card,3.0,1,0
BBD-0113030,2025-10-21 17:25:00,CUST-16591,PROD-1712,Prestige Iris 750W Mixer Grinder,Home & Kitchen,Prestige,4295.0,51.3,2091.66,1,2091.66,256.5,West Bengal,Durgapur,UPI,3.5,3,0
BBD-0113031,2025-11-09 21:44:00,CUST-82692,PROD-8595,IFB 6.5kg Top Load Washer,Appliances,IFB,21990.0,26.7,16118.67,1,16118.67,1466.23,Uttar Pradesh,Agra,Credit Card,3.0,7,0
BBD-0113032,2025-10-25 01:01:00,CUST-62323,PROD-9252,Levi's 511 Slim Fit Jeans,Fashion,Levi's,3999.0,41.4,2343.41,4,9373.64,2177.48,Tamil Nadu,Madurai,Cash on Delivery,5.0,2,0
BBD-0113033,2025-10-27 05:47:00,CUST-23151,PROD-8482,Kent Grand Plus RO Water Purifier,Home & Kitchen,Kent,18500.0,28.4,13246.0,2,26492.0,4177.16,West Bengal,Howrah,Credit Card,5.0,4,0
BBD-0113034,2025-11-20 01:19:00,CUST-70752,PROD-8595,IFB 6.5kg Top Load Washer,Appliances,IFB,21990.0,30.3,15327.03,1,15327.03,1448.04,West Bengal,Howrah,UPI,4.0,2,0
BBD-0113035,2025-10-20 11:49:00,CUST-54485,PROD-9252,Levi's 511 Slim Fit Jeans,Fashion,Levi's,3999.0,46.6,2135.47,1,2135.47,472.67,Karnataka,Mangalore,EMI,5.0,5,0
BBD-0113036,2025-10-16 09:29:00,CUST-16887,PROD-8595,IFB 6.5kg Top Load Washer,Appliances,IFB,21990.0,27.6,15920.76,1,15920.76,915.16,West Bengal,Howrah,Net Banking,5.0,2,0
BBD-0113037,2025-11-13 09:57:00,CUST-64058,PROD-2993,Xiaomi Redmi Note 13 Pro,Mobiles,Xiaomi,25999.0,21.4,20435.21,1,20435.21,839.81,Gujarat,Surat,UPI,4.5,3,0
BBD-0113038,2025-11-14 14:29:00,CUST-52530,PROD-5353,Samsung Galaxy S24 5G,Mobiles,Samsung,74999.0,27.4,54449.27,1,54449.27,1088.99,Kerala,Thiruvananthapuram,Debit Card,4.5,3,1
BBD-0113039,2025-10-19 00:10:00,CUST-57638,PROD-9632,Google Pixel 8a,Mobiles,Google,52999.0,14.5,45314.14,1,45314.14,2427.73,Maharashtra,Pune,Debit Card,4.5,2,0
BBD-0113040,2025-10-30 16:02:00,CUST-68752,PROD-2405,HP Pavilion Gaming Laptop,Electronics,HP,68990.0,18.6,56157.86,1,56157.86,4899.88,Tamil Nadu,Madurai,UPI,4.5,2,0
BBD-0113041,2025-10-22 08:40:00,CUST-40718,PROD-8409,Zara Textured Casual Shirt,Fashion,Zara,2990.0,28.2,2146.82,2,4293.64,1181.77,Tamil Nadu,Salem,Cash on Delivery,5.0,2,0
BBD-0113042,2025-10-29 20:12:00,CUST-18099,PROD-8409,Zara Textured Casual Shirt,Fashion,Zara,2990.0,28.8,2128.88,1,2128.88,517.94,Tamil Nadu,Chennai,UPI,5.0,1,0
BBD-0113043,2025-10-26 08:40:00,CUST-65306,PROD-8409,Zara Textured Casual Shirt,Fashion,Zara,2990.0,32.4,2021.24,1,2021.24,587.19,Haryana,Faridabad,Cash on Delivery,5.0,2,1
BBD-0113044,2025-10-18 08:21:00,CUST-33230,PROD-7214,Realme 12 Pro+ 5G,Mobiles,Realme,29999.0,20.0,23999.2,1,23999.2,1528.12,West Bengal,Kolkata,Cash on Delivery,3.0,3,1
BBD-0113045,2025-10-24 19:51:00,CUST-48455,PROD-6684,Apple iPhone 15 (128GB),Mobiles,Apple,79900.0,22.2,62162.2,1,62162.2,2152.18,Tamil Nadu,Chennai,Credit Card,5.0,1,0
BBD-0113046,2025-11-19 06:45:00,CUST-23899,PROD-7214,Realme 12 Pro+ 5G,Mobiles,Realme,29999.0,17.9,24629.18,1,24629.18,532.91,Telangana,Warangal,UPI,4.0,7,0
BBD-0113047,2025-10-18 21:02:00,CUST-35582,PROD-8409,Zara Textured Casual Shirt,Fashion,Zara,2990.0,27.2,2176.72,1,2176.72,653.52,Telangana,Nizamabad,Cash on Delivery,5.0,5,0
BBD-0113048,2025-11-03 16:28:00,CUST-37212,PROD-8021,POCO X6 Pro 5G,Mobiles,POCO,24999.0,23.1,19224.23,1,19224.23,384.48,Gujarat,Vadodara,UPI,5.0,2,0
BBD-0113049,2025-11-08 22:16:00,CUST-25012,PROD-8347,FabIndia Cotton Printed Saree,Fashion,FabIndia,4990.0,30.8,3453.08,1,3453.08,1010.03,Rajasthan,Udaipur,UPI,3.0,6,0
BBD-0113050,2025-11-12 09:16:00,CUST-84374,PROD-6684,Apple iPhone 15 (128GB),Mobiles,Apple,79900.0,24.9,60004.9,1,60004.9,2577.58,Rajasthan,Udaipur,UPI,5.0,3,0
BBD-0113051,2025-10-21 22:11:00,CUST-23481,PROD-9399,Motorola Edge 50 Fusion,Mobiles,Motorola,22999.0,17.6,18951.18,1,18951.18,1248.87,Haryana,Faridabad,Cash on Delivery,5.0,3,0
BBD-0113052,2025-11-17 21:28:00,CUST-47232,PROD-5910,LG 43-inch UHD Smart TV,Electronics,LG,38990.0,32.2,26435.22,2,52870.44,3794.94,West Bengal,Durgapur,Credit Card,5.0,1,0
BBD-0113053,2025-10-18 22:40:00,CUST-50117,PROD-2993,Xiaomi Redmi Note 13 Pro,Mobiles,Xiaomi,25999.0,28.4,18615.28,1,18615.28,926.58,Uttar Pradesh,Agra,UPI,5.0,3,0
BBD-0113054,2025-11-13 05:11:00,CUST-84660,PROD-1712,Prestige Iris 750W Mixer Grinder,Home & Kitchen,Prestige,4295.0,45.3,2349.37,1,2349.37,322.3,Haryana,Faridabad,Debit Card,4.5,3,0
BBD-0113055,2025-11-01 14:54:00,CUST-53607,PROD-6082,Samsung 55-inch 4K Smart TV,Electronics,Samsung,54990.0,42.2,31784.22,2,63568.44,4166.1,Uttar Pradesh,Agra,Credit Card,5.0,2,0
BBD-0113056,2025-11-18 19:37:00,CUST-41628,PROD-7180,Philips Series 3000 Beard Trimmer,Beauty & Grooming,Philips,1895.0,26.7,1389.04,3,4167.12,1175.08,Haryana,Gurgaon,Credit Card,5.0,1,0
BBD-0113057,2025-10-20 18:41:00,CUST-39242,PROD-2897,Bombay Shaving Co Grooming Kit,Beauty & Grooming,Bombay Shaving Co,1499.0,35.3,969.85,2,1939.7,565.71,Haryana,Gurgaon,UPI,5.0,1,0
BBD-0113058,2025-10-26 10:16:00,CUST-81595,PROD-5910,LG 43-inch UHD Smart TV,Electronics,LG,38990.0,32.1,26474.21,1,26474.21,2134.3,West Bengal,Kolkata,Credit Card,4.5,1,0
BBD-0113059,2025-11-01 19:08:00,CUST-42583,PROD-7214,Realme 12 Pro+ 5G,Mobiles,Realme,29999.0,31.2,20639.31,1,20639.31,412.79,Kerala,Kozhikode,Credit Card,5.0,3,0
BBD-0113060,2025-11-07 21:44:00,CUST-49587,PROD-5353,Samsung Galaxy S24 5G,Mobiles,Samsung,74999.0,15.8,63149.16,2,126298.32,3137.0,Tamil Nadu,Madurai,UPI,5.0,4,0
BBD-0113061,2025-11-14 05:49:00,CUST-38001,PROD-6814,Noise ColorFit Pro 5 Smartwatch,Electronics,Noise,3999.0,50.4,1983.5,1,1983.5,143.46,Tamil Nadu,Coimbatore,UPI,3.0,2,1
BBD-0113062,2025-11-15 15:01:00,CUST-51223,PROD-1712,Prestige Iris 750W Mixer Grinder,Home & Kitchen,Prestige,4295.0,47.2,2267.76,1,2267.76,261.85,Delhi,North Delhi,UPI,4.0,2,0
BBD-0113063,2025-10-21 06:55:00,CUST-73062,PROD-5675,L'Oreal Paris Total Repair Hair Mask,Beauty & Grooming,L'Oreal,499.0,21.4,392.21,1,392.21,116.4,Haryana,Faridabad,Cash on Delivery,4.5,3,0
BBD-0113064,2025-11-05 18:34:00,CUST-63123,PROD-8347,FabIndia Cotton Printed Saree,Fashion,FabIndia,4990.0,33.8,3303.38,2,6606.76,1663.59,Telangana,Nizamabad,UPI,5.0,3,1
BBD-0113065,2025-11-03 20:44:00,CUST-77558,PROD-8482,Kent Grand Plus RO Water Purifier,Home & Kitchen,Kent,18500.0,18.5,15077.5,1,15077.5,2972.12,Karnataka,Mysore,Credit Card,5.0,2,0
BBD-0113066,2025-11-02 12:42:00,CUST-12838,PROD-5387,Minimalist 10% Niacinamide Serum,Beauty & Grooming,Minimalist,599.0,16.8,498.37,1,498.37,162.47,Uttar Pradesh,Lucknow,Credit Card,3.5,3,0
BBD-0113067,2025-11-16 16:37:00,CUST-44435,PROD-2405,HP Pavilion Gaming Laptop,Electronics,HP,68990.0,17.8,56709.78,2,113419.56,16038.91,Gujarat,Rajkot,Credit Card,3.5,3,0
BBD-0113068,2025-11-11 16:43:00,CUST-29142,PROD-8021,POCO X6 Pro 5G,Mobiles,POCO,24999.0,36.7,15824.37,1,15824.37,316.49,Tamil Nadu,Madurai,Cash on Delivery,5.0,4,0
BBD-0113069,2025-10-19 04:47:00,CUST-85188,PROD-9399,Motorola Edge 50 Fusion,Mobiles,Motorola,22999.0,15.3,19480.15,1,19480.15,1158.91,Telangana,Warangal,Credit Card,3.5,1,0
BBD-0113070,2025-11-13 19:28:00,CUST-51862,PROD-9235,Nike Air Max Impact Shoes,Fashion,Nike,7995.0,38.1,4948.9,2,9897.8,2741.67,Rajasthan,Kota,Credit Card,4.0,1,0
BBD-0113071,2025-11-12 17:04:00,CUST-77827,PROD-8347,FabIndia Cotton Printed Saree,Fashion,FabIndia,4990.0,24.0,3792.4,2,7584.8,2323.56,Gujarat,Surat,UPI,3.5,2,0
BBD-0113072,2025-10-22 08:35:00,CUST-29729,PROD-1462,Sony WH-1000XM5 Headphones,Electronics,Sony,29990.0,23.7,22882.37,2,45764.74,5331.94,Gujarat,Surat,Cash on Delivery,4.5,2,0
BBD-0113073,2025-10-18 14:45:00,CUST-41341,PROD-2875,Dell Inspiron 15 Laptop,Electronics,Dell,56990.0,25.4,42514.54,1,42514.54,3910.98,Rajasthan,Jaipur,Cash on Delivery,4.5,2,0
BBD-0113074,2025-10-27 09:19:00,CUST-66052,PROD-7214,Realme 12 Pro+ 5G,Mobiles,Realme,29999.0,14.1,25769.14,1,25769.14,1206.5,West Bengal,Howrah,Net Banking,5.0,2,0
BBD-0113075,2025-11-10 07:50:00,CUST-81762,PROD-9399,Motorola Edge 50 Fusion,Mobiles,Motorola,22999.0,25.9,17042.26,1,17042.26,953.1,Tamil Nadu,Madurai,UPI,4.5,3,0
BBD-0113076,2025-10-27 20:16:00,CUST-52530,PROD-0694,Bajaj New Shakti Neo Water Heater,Home & Kitchen,Bajaj,6999.0,27.3,5088.27,1,5088.27,747.5,Haryana,Faridabad,Credit Card,5.0,1,0
BBD-0113077,2025-11-03 04:30:00,CUST-95374,PROD-9252,Levi's 511 Slim Fit Jeans,Fashion,Levi's,3999.0,37.4,2503.37,3,7510.11,1960.66,Karnataka,Bangalore,Debit Card,4.0,3,1
BBD-0113078,2025-10-28 07:07:00,CUST-43679,PROD-8409,Zara Textured Casual Shirt,Fashion,Zara,2990.0,30.3,2084.03,2,4168.06,1136.06,Karnataka,Bangalore,UPI,5.0,4,0
BBD-0113079,2025-11-02 10:17:00,CUST-26918,PROD-6305,The Derma Co 1% Hyaluronic Sunscreen,Beauty & Grooming,The Derma Co,499.0,25.8,370.26,2,740.52,234.87,Gujarat,Vadodara,UPI,4.0,1,0
BBD-0113080,2025-11-12 23:49:00,CUST-98953,PROD-2405,HP Pavilion Gaming Laptop,Electronics,HP,68990.0,28.2,49534.82,3,148604.46,14877.5,Telangana,Nizamabad,Credit Card,5.0,2,0
BBD-0113081,2025-11-07 14:51:00,CUST-55213,PROD-0694,Bajaj New Shakti Neo Water Heater,Home & Kitchen,Bajaj,6999.0,39.8,4213.4,2,8426.8,1093.95,Karnataka,Bangalore,Debit Card,3.5,1,0
BBD-0113082,2025-11-20 22:03:00,CUST-88690,PROD-9252,Levi's 511 Slim Fit Jeans,Fashion,Levi's,3999.0,36.8,2527.37,3,7582.11,1848.37,Kerala,Thiruvananthapuram,UPI,4.5,1,0
BBD-0113083,2025-11-20 06:41:00,CUST-82254,PROD-9632,Google Pixel 8a,Mobiles,Google,52999.0,14.4,45367.14,1,45367.14,2927.3,Maharashtra,Mumbai,Cash on Delivery,3.0,1,0
BBD-0113084,2025-11-08 17:07:00,CUST-91869,PROD-9252,Levi's 511 Slim Fit Jeans,Fashion,Levi's,3999.0,47.2,2111.47,1,2111.47,509.18,Tamil Nadu,Chennai,Net Banking,5.0,4,0
BBD-0113085,2025-11-18 20:20:00,CUST-23160,PROD-3168,Puma Men Motorsport Sneakers,Fashion,Puma,5499.0,39.6,3321.4,1,3321.4,783.8,Kerala,Kochi,Credit Card,5.0,7,1
BBD-0113086,2025-11-04 19:25:00,CUST-49296,PROD-6684,Apple iPhone 15 (128GB),Mobiles,Apple,79900.0,22.4,62002.4,1,62002.4,2387.33,Karnataka,Hubli,Debit Card,4.5,2,0
BBD-0113087,2025-10-31 01:55:00,CUST-79141,PROD-5910,LG 43-inch UHD Smart TV,Electronics,LG,38990.0,27.3,28345.73,1,28345.73,3271.86,Tamil Nadu,Madurai,Debit Card,4.0,5,0
BBD-0113088,2025-10-27 18:55:00,CUST-73555,PROD-7725,Milton Thermosteel 1L Flask,Home & Kitchen,Milton,1150.0,20.2,917.7,1,917.7,190.61,West Bengal,Kolkata,UPI,3.5,4,0
BBD-0113089,2025-11-20 02:28:00,CUST-30626,PROD-7214,Realme 12 Pro+ 5G,Mobiles,Realme,29999.0,14.7,25589.15,1,25589.15,1761.92,Kerala,Kochi,Debit Card,5.0,3,0
BBD-0113090,2025-11-09 22:51:00,CUST-44200,PROD-9632,Google Pixel 8a,Mobiles,Google,52999.0,18.7,43088.19,1,43088.19,2515.44,Tamil Nadu,Madurai,UPI,5.0,1,0
BBD-0113091,2025-10-31 05:08:00,CUST-38679,PROD-9252,Levi's 511 Slim Fit Jeans,Fashion,Levi's,3999.0,44.4,2223.44,1,2223.44,529.39,Haryana,Gurgaon,UPI,4.0,1,1
BBD-0113092,2025-10-28 12:25:00,CUST-29808,PROD-8627,Apple iPad 10th Gen,Electronics,Apple,39900.0,20.3,31800.3,2,63600.6,5784.56,Haryana,Gurgaon,UPI,5.0,3,0
BBD-0113093,2025-10-29 22:06:00,CUST-17956,PROD-6814,Noise ColorFit Pro 5 Smartwatch,Electronics,Noise,3999.0,54.8,1807.55,1,1807.55,63.76,West Bengal,Durgapur,UPI,4.5,2,0
BBD-0113094,2025-11-17 07:44:00,CUST-44313,PROD-5846,Boat Nirvana Ion Earbuds,Electronics,boAt,4990.0,54.2,2285.42,2,4570.84,112.52,Maharashtra,Nagpur,Cash on Delivery,4.5,2,0
BBD-0113095,2025-11-06 11:59:00,CUST-96336,PROD-6814,Noise ColorFit Pro 5 Smartwatch,Electronics,Noise,3999.0,66.9,1323.67,1,1323.67,59.38,Telangana,Nizamabad,Debit Card,4.5,3,0
BBD-0113096,2025-11-06 11:22:00,CUST-37533,PROD-8021,POCO X6 Pro 5G,Mobiles,POCO,24999.0,34.9,16274.35,2,32548.7,650.97,West Bengal,Howrah,EMI,4.5,2,0
BBD-0113097,2025-10-28 19:30:00,CUST-41820,PROD-2897,Bombay Shaving Co Grooming Kit,Beauty & Grooming,Bombay Shaving Co,1499.0,49.4,758.49,2,1516.98,433.07,Maharashtra,Nashik,UPI,4.0,1,0
BBD-0113098,2025-10-25 12:05:00,CUST-22909,PROD-5910,LG 43-inch UHD Smart TV,Electronics,LG,38990.0,25.0,29242.5,1,29242.5,2374.8,Haryana,Gurgaon,Debit Card,4.0,2,0
BBD-0113099,2025-11-10 01:42:00,CUST-45470,PROD-6684,Apple iPhone 15 (128GB),Mobiles,Apple,79900.0,27.0,58327.0,1,58327.0,1526.3,Gujarat,Surat,UPI,5.0,3,0
BBD-0113100,2025-11-14 08:15:00,CUST-15387,PROD-8482,Kent Grand Plus RO Water Purifier,Home & Kitchen,Kent,18500.0,27.8,13357.0,1,13357.0,2004.43,Uttar Pradesh,Noida,UPI,4.0,1,0
BBD-0113101,2025-11-14 20:31:00,CUST-13261,PROD-2875,Dell Inspiron 15 Laptop,Electronics,Dell,56990.0,14.7,48612.47,1,48612.47,7140.49,Rajasthan,Kota,UPI,5.0,2,0
BBD-0113102,2025-11-10 03:24:00,CUST-68687,PROD-5675,L'Oreal Paris Total Repair Hair Mask,Beauty & Grooming,L'Oreal,499.0,18.1,408.68,2,817.36,283.35,Telangana,Warangal,Credit Card,3.5,3,0
BBD-0113103,2025-11-10 20:09:00,CUST-44050,PROD-9235,Nike Air Max Impact Shoes,Fashion,Nike,7995.0,37.6,4988.88,1,4988.88,1369.46,Maharashtra,Pune,Credit Card,4.5,2,0
BBD-0113104,2025-11-14 02:25:00,CUST-89110,PROD-0367,Whirlpool 265L Frost Free Refrigerator,Appliances,Whirlpool,32490.0,25.8,24107.58,2,48215.16,2339.44,Maharashtra,Nagpur,UPI,5.0,2,0
BBD-0113105,2025-10-29 18:27:00,CUST-12962,PROD-5805,LG 8kg Front Load Washing Machine,Appliances,LG,41990.0,29.0,29812.9,2,59625.8,3896.91,Kerala,Kochi,UPI,5.0,3,0
BBD-0113106,2025-11-04 02:50:00,CUST-59537,PROD-5353,Samsung Galaxy S24 5G,Mobiles,Samsung,74999.0,28.4,53699.28,1,53699.28,1315.33,Rajasthan,Jodhpur,Debit Card,4.0,3,0
BBD-0113107,2025-11-11 19:03:00,CUST-50764,PROD-8627,Apple iPad 10th Gen,Electronics,Apple,39900.0,13.6,34473.6,3,103420.8,15487.36,Telangana,Hyderabad,Net Banking,5.0,3,0
BBD-0113108,2025-10-29 04:50:00,CUST-64712,PROD-7180,Philips Series 3000 Beard Trimmer,Beauty & Grooming,Philips,1895.0,31.6,1296.18,1,1296.18,391.72,Rajasthan,Kota,Credit Card,5.0,2,0
BBD-0113109,2025-11-07 09:05:00,CUST-18215,PROD-8347,FabIndia Cotton Printed Saree,Fashion,FabIndia,4990.0,30.2,3483.02,2,6966.04,1980.69,Gujarat,Ahmedabad,UPI,5.0,2,0
BBD-0113110,2025-11-13 07:33:00,CUST-56770,PROD-5910,LG 43-inch UHD Smart TV,Electronics,LG,38990.0,38.7,23900.87,1,23900.87,2257.54,Delhi,New Delhi,UPI,3.5,1,0
BBD-0113111,2025-10-20 02:01:00,CUST-14043,PROD-5805,LG 8kg Front Load Washing Machine,Appliances,LG,41990.0,23.9,31954.39,1,31954.39,2838.83,Maharashtra,Nagpur,EMI,4.5,2,0
BBD-0113112,2025-11-10 06:08:00,CUST-59204,PROD-2993,Xiaomi Redmi Note 13 Pro,Mobiles,Xiaomi,25999.0,22.3,20201.22,1,20201.22,404.02,Gujarat,Ahmedabad,Debit Card,4.0,3,0
BBD-0113113,2025-11-03 11:12:00,CUST-95211,PROD-0694,Bajaj New Shakti Neo Water Heater,Home & Kitchen,Bajaj,6999.0,31.3,4808.31,1,4808.31,816.15,West Bengal,Siliguri,Credit Card,5.0,5,0
BBD-0113114,2025-10-19 12:34:00,CUST-69845,PROD-8595,IFB 6.5kg Top Load Washer,Appliances,IFB,21990.0,34.6,14381.46,1,14381.46,1132.97,Maharashtra,Mumbai,UPI,5.0,2,0
BBD-0113115,2025-10-22 04:51:00,CUST-65553,PROD-9632,Google Pixel 8a,Mobiles,Google,52999.0,11.5,46904.11,2,93808.22,8010.81,Telangana,Warangal,UPI,4.0,4,0
BBD-0113116,2025-11-09 07:08:00,CUST-91752,PROD-1712,Prestige Iris 750W Mixer Grinder,Home & Kitchen,Prestige,4295.0,36.6,2723.03,1,2723.03,495.55,West Bengal,Siliguri,EMI,5.0,4,0
BBD-0113117,2025-10-27 23:56:00,CUST-65961,PROD-9235,Nike Air Max Impact Shoes,Fashion,Nike,7995.0,37.3,5012.86,2,10025.72,2420.31,Maharashtra,Pune,Credit Card,5.0,1,0
BBD-0113118,2025-10-30 23:16:00,CUST-91383,PROD-2480,Allen Solly Formal Trousers,Fashion,Allen Solly,2499.0,38.2,1544.38,1,1544.38,424.86,Uttar Pradesh,Lucknow,Credit Card,5.0,1,0
BBD-0113119,2025-11-15 13:05:00,CUST-43679,PROD-9252,Levi's 511 Slim Fit Jeans,Fashion,Levi's,3999.0,50.3,1987.5,1,1987.5,436.52,Gujarat,Rajkot,Cash on Delivery,4.5,5,0
BBD-0113120,2025-10-27 16:37:00,CUST-27223,PROD-8627,Apple iPad 10th Gen,Electronics,Apple,39900.0,8.5,36508.5,1,36508.5,5209.13,Kerala,Kozhikode,Credit Card,5.0,1,0
BBD-0113121,2025-11-10 11:07:00,CUST-58959,PROD-6082,Samsung 55-inch 4K Smart TV,Electronics,Samsung,54990.0,46.9,29199.69,1,29199.69,868.41,Uttar Pradesh,Agra,UPI,4.5,1,0
BBD-0113122,2025-11-16 02:21:00,CUST-57498,PROD-3168,Puma Men Motorsport Sneakers,Fashion,Puma,5499.0,42.4,3167.42,2,6334.84,1448.04,Karnataka,Hubli,Credit Card,5.0,1,0
BBD-0113123,2025-10-27 06:42:00,CUST-33750,PROD-5305,Maybelline New York Matte Lipstick,Beauty & Grooming,Maybelline,449.0,32.9,301.28,1,301.28,91.73,Gujarat,Rajkot,Debit Card,4.5,4,0
BBD-0113124,2025-11-03 20:21:00,CUST-37766,PROD-8627,Apple iPad 10th Gen,Electronics,Apple,39900.0,11.0,35511.0,1,35511.0,3802.4,Karnataka,Bangalore,UPI,1.0,3,0
BBD-0113125,2025-10-22 05:56:00,CUST-42172,PROD-9252,Levi's 511 Slim Fit Jeans,Fashion,Levi's,3999.0,47.1,2115.47,2,4230.94,1086.92,West Bengal,Siliguri,EMI,5.0,2,0
BBD-0113126,2025-10-31 12:18:00,CUST-32586,PROD-8021,POCO X6 Pro 5G,Mobiles,POCO,24999.0,35.7,16074.36,1,16074.36,364.95,Kerala,Thiruvananthapuram,Credit Card,4.5,5,0
BBD-0113127,2025-11-09 09:52:00,CUST-78065,PROD-5387,Minimalist 10% Niacinamide Serum,Beauty & Grooming,Minimalist,599.0,18.0,491.18,1,491.18,146.49,Gujarat,Rajkot,Credit Card,5.0,3,0
BBD-0113128,2025-10-22 08:50:00,CUST-35543,PROD-8021,POCO X6 Pro 5G,Mobiles,POCO,24999.0,35.8,16049.36,1,16049.36,320.99,Maharashtra,Nashik,EMI,4.5,3,0
BBD-0113129,2025-10-29 14:07:00,CUST-87753,PROD-8021,POCO X6 Pro 5G,Mobiles,POCO,24999.0,24.6,18849.25,1,18849.25,940.06,Karnataka,Bangalore,Debit Card,5.0,4,0
BBD-0113130,2025-10-17 17:25:00,CUST-36856,PROD-2875,Dell Inspiron 15 Laptop,Electronics,Dell,56990.0,16.7,47472.67,1,47472.67,5466.19,Kerala,Kochi,UPI,4.0,3,0
BBD-0113131,2025-11-19 13:54:00,CUST-98407,PROD-7214,Realme 12 Pro+ 5G,Mobiles,Realme,29999.0,24.5,22649.24,1,22649.24,1189.59,Karnataka,Mangalore,Debit Card,4.5,1,0
BBD-0113132,2025-10-22 18:41:00,CUST-70424,PROD-8409,Zara Textured Casual Shirt,Fashion,Zara,2990.0,20.9,2365.09,1,2365.09,736.85,Kerala,Kochi,Debit Card,3.0,4,0
BBD-0113133,2025-11-01 08:47:00,CUST-37917,PROD-6082,Samsung 55-inch 4K Smart TV,Electronics,Samsung,54990.0,45.5,29969.55,1,29969.55,1643.82,Karnataka,Mysore,Debit Card,5.0,3,0
BBD-0113134,2025-10-31 20:17:00,CUST-97509,PROD-5353,Samsung Galaxy S24 5G,Mobiles,Samsung,74999.0,16.6,62549.17,1,62549.17,2090.7,Tamil Nadu,Coimbatore,Credit Card,5.0,4,0
BBD-0113135,2025-10-24 23:26:00,CUST-26571,PROD-1712,Prestige Iris 750W Mixer Grinder,Home & Kitchen,Prestige,4295.0,37.4,2688.67,1,2688.67,473.87,Maharashtra,Mumbai,UPI,4.0,2,0
BBD-0113136,2025-11-14 16:43:00,CUST-94444,PROD-6098,OnePlus 12R,Mobiles,OnePlus,39999.0,13.1,34759.13,1,34759.13,2813.07,Karnataka,Bangalore,Credit Card,4.0,1,0
BBD-0113137,2025-10-30 20:33:00,CUST-49296,PROD-2480,Allen Solly Formal Trousers,Fashion,Allen Solly,2499.0,33.3,1666.83,1,1666.83,449.52,Rajasthan,Kota,UPI,5.0,3,0
BBD-0113138,2025-11-04 07:48:00,CUST-49987,PROD-9235,Nike Air Max Impact Shoes,Fashion,Nike,7995.0,39.8,4812.99,1,4812.99,1317.58,Gujarat,Surat,Credit Card,5.0,4,0
BBD-0113139,2025-11-13 12:54:00,CUST-77683,PROD-6305,The Derma Co 1% Hyaluronic Sunscreen,Beauty & Grooming,The Derma Co,499.0,10.9,444.61,1,444.61,143.48,Kerala,Thiruvananthapuram,UPI,4.5,3,0
BBD-0113140,2025-11-18 00:53:00,CUST-89017,PROD-9632,Google Pixel 8a,Mobiles,Google,52999.0,14.0,45579.14,1,45579.14,1101.52,Rajasthan,Udaipur,Net Banking,5.0,2,0
BBD-0113141,2025-10-26 16:22:00,CUST-65052,PROD-8409,Zara Textured Casual Shirt,Fashion,Zara,2990.0,29.1,2119.91,1,2119.91,631.22,Uttar Pradesh,Lucknow,Cash on Delivery,5.0,3,0
BBD-0113142,2025-10-27 12:48:00,CUST-23032,PROD-4226,JBL Flip 6 Bluetooth Speaker,Electronics,JBL,11999.0,23.9,9131.24,2,18262.48,2050.98,Gujarat,Surat,UPI,5.0,1,0
BBD-0113143,2025-10-21 09:29:00,CUST-85283,PROD-8482,Kent Grand Plus RO Water Purifier,Home & Kitchen,Kent,18500.0,28.1,13301.5,1,13301.5,2620.25,Telangana,Warangal,Credit Card,4.5,3,0
BBD-0113144,2025-11-08 20:13:00,CUST-71916,PROD-9252,Levi's 511 Slim Fit Jeans,Fashion,Levi's,3999.0,42.2,2311.42,2,4622.84,1215.92,Delhi,South Delhi,Credit Card,4.5,1,0
BBD-0113145,2025-10-23 12:21:00,CUST-19055,PROD-7180,Philips Series 3000 Beard Trimmer,Beauty & Grooming,Philips,1895.0,33.0,1269.65,4,5078.6,1639.55,Kerala,Kozhikode,Credit Card,4.5,6,0
BBD-0113146,2025-10-30 20:27:00,CUST-38128,PROD-2993,Xiaomi Redmi Note 13 Pro,Mobiles,Xiaomi,25999.0,33.3,17341.33,1,17341.33,422.55,Rajasthan,Udaipur,Debit Card,4.0,3,0
BBD-0113147,2025-10-26 16:22:00,CUST-84920,PROD-8595,IFB 6.5kg Top Load Washer,Appliances,IFB,21990.0,25.9,16294.59,1,16294.59,887.58,Tamil Nadu,Chennai,UPI,5.0,4,0
BBD-0113148,2025-11-08 11:22:00,CUST-88276,PROD-2897,Bombay Shaving Co Grooming Kit,Beauty & Grooming,Bombay Shaving Co,1499.0,34.9,975.85,1,975.85,264.46,West Bengal,Durgapur,UPI,5.0,7,0
BBD-0113149,2025-11-15 19:25:00,CUST-62914,PROD-2405,HP Pavilion Gaming Laptop,Electronics,HP,68990.0,23.4,52846.34,1,52846.34,5612.31,Karnataka,Hubli,UPI,5.0,1,0
BBD-0113150,2025-10-16 09:13:00,CUST-84374,PROD-0367,Whirlpool 265L Frost Free Refrigerator,Appliances,Whirlpool,32490.0,32.6,21898.26,1,21898.26,872.3,Telangana,Warangal,Debit Card,5.0,1,0
BBD-0113151,2025-10-16 09:07:00,CUST-33487,PROD-9252,Levi's 511 Slim Fit Jeans,Fashion,Levi's,3999.0,47.6,2095.48,3,6286.44,1353.77,Gujarat,Rajkot,Credit Card,5.0,1,1
BBD-0113152,2025-11-15 17:18:00,CUST-34859,PROD-8021,POCO X6 Pro 5G,Mobiles,POCO,24999.0,24.8,18799.25,1,18799.25,1014.23,Maharashtra,Pune,Credit Card,5.0,2,0
BBD-0113153,2025-10-17 20:34:00,CUST-22412,PROD-2405,HP Pavilion Gaming Laptop,Electronics,HP,68990.0,29.4,48706.94,2,97413.88,7865.12,Gujarat,Rajkot,Credit Card,4.5,2,0
BBD-0113154,2025-11-12 22:41:00,CUST-67693,PROD-2480,Allen Solly Formal Trousers,Fashion,Allen Solly,2499.0,40.5,1486.9,2,2973.8,823.27,Telangana,Hyderabad,EMI,5.0,1,0
BBD-0113155,2025-11-04 00:25:00,CUST-82512,PROD-1462,Sony WH-1000XM5 Headphones,Electronics,Sony,29990.0,31.9,20423.19,1,20423.19,2096.6,Kerala,Kozhikode,UPI,5.0,6,0
BBD-0113156,2025-10-19 00:47:00,CUST-77527,PROD-1462,Sony WH-1000XM5 Headphones,Electronics,Sony,29990.0,17.5,24741.75,1,24741.75,3422.19,Karnataka,Mangalore,Net Banking,4.5,6,0
BBD-0113157,2025-10-25 12:31:00,CUST-87177,PROD-8595,IFB 6.5kg Top Load Washer,Appliances,IFB,21990.0,23.2,16888.32,1,16888.32,1315.31,Maharashtra,Pune,Net Banking,5.0,2,0
BBD-0113158,2025-11-04 04:48:00,CUST-33074,PROD-6684,Apple iPhone 15 (128GB),Mobiles,Apple,79900.0,9.2,72549.2,1,72549.2,5421.12,Karnataka,Hubli,Cash on Delivery,5.0,3,0
BBD-0113159,2025-10-21 08:40:00,CUST-17248,PROD-6684,Apple iPhone 15 (128GB),Mobiles,Apple,79900.0,19.4,64399.4,1,64399.4,2078.31,Delhi,North Delhi,UPI,4.5,4,0
BBD-0113160,2025-10-23 14:24:00,CUST-21008,PROD-8021,POCO X6 Pro 5G,Mobiles,POCO,24999.0,20.2,19949.2,1,19949.2,546.97,West Bengal,Howrah,Debit Card,5.0,2,0
BBD-0113161,2025-11-07 00:44:00,CUST-32433,PROD-6082,Samsung 55-inch 4K Smart TV,Electronics,Samsung,54990.0,30.8,38053.08,1,38053.08,3073.92,Haryana,Faridabad,UPI,5.0,5,0
BBD-0113162,2025-11-11 17:33:00,CUST-56276,PROD-2405,HP Pavilion Gaming Laptop,Electronics,HP,68990.0,23.2,52984.32,1,52984.32,4944.09,Tamil Nadu,Madurai,Debit Card,4.0,3,0
BBD-0113163,2025-10-21 03:30:00,CUST-98492,PROD-5846,Boat Nirvana Ion Earbuds,Electronics,boAt,4990.0,60.7,1961.07,1,1961.07,113.06,Maharashtra,Nashik,Debit Card,4.5,2,0
BBD-0113164,2025-10-29 07:05:00,CUST-17714,PROD-6684,Apple iPhone 15 (128GB),Mobiles,Apple,79900.0,12.8,69672.8,1,69672.8,2344.54,Kerala,Thiruvananthapuram,UPI,5.0,1,0
BBD-0113165,2025-10-30 10:57:00,CUST-34756,PROD-9760,Wakefit Orthopedic Memory Mattress,Home & Kitchen,Wakefit,12499.0,38.9,7636.89,1,7636.89,1272.05,Telangana,Hyderabad,UPI,4.5,1,0
BBD-0113166,2025-11-18 20:20:00,CUST-10891,PROD-8627,Apple iPad 10th Gen,Electronics,Apple,39900.0,15.4,33755.4,1,33755.4,3480.51,West Bengal,Kolkata,Net Banking,5.0,1,1
BBD-0113167,2025-11-03 01:50:00,CUST-50280,PROD-5387,Minimalist 10% Niacinamide Serum,Beauty & Grooming,Minimalist,599.0,13.0,521.13,1,521.13,177.63,Gujarat,Surat,UPI,4.0,2,0
BBD-0113168,2025-10-26 16:13:00,CUST-62276,PROD-2993,Xiaomi Redmi Note 13 Pro,Mobiles,Xiaomi,25999.0,33.6,17263.34,1,17263.34,345.27,Maharashtra,Pune,UPI,5.0,2,0
BBD-0113169,2025-11-01 22:22:00,CUST-46399,PROD-2993,Xiaomi Redmi Note 13 Pro,Mobiles,Xiaomi,25999.0,19.4,20955.19,1,20955.19,419.1,Haryana,Panipat,Debit Card,4.5,4,0
BBD-0113170,2025-11-12 11:01:00,CUST-18824,PROD-7180,Philips Series 3000 Beard Trimmer,Beauty & Grooming,Philips,1895.0,28.6,1353.03,2,2706.06,880.61,Kerala,Thiruvananthapuram,UPI,3.5,2,0
BBD-0113171,2025-11-01 04:05:00,CUST-52747,PROD-5387,Minimalist 10% Niacinamide Serum,Beauty & Grooming,Minimalist,599.0,13.4,518.73,1,518.73,172.73,Delhi,West Delhi,Credit Card,5.0,6,1
BBD-0113172,2025-10-31 06:27:00,CUST-58845,PROD-5305,Maybelline New York Matte Lipstick,Beauty & Grooming,Maybelline,449.0,31.5,307.56,1,307.56,95.13,West Bengal,Siliguri,Cash on Delivery,5.0,4,0
BBD-0113173,2025-10-20 11:52:00,CUST-91846,PROD-5910,LG 43-inch UHD Smart TV,Electronics,LG,38990.0,30.7,27020.07,1,27020.07,2047.4,Tamil Nadu,Salem,UPI,4.5,1,0
BBD-0113174,2025-10-21 12:11:00,CUST-13582,PROD-2875,Dell Inspiron 15 Laptop,Electronics,Dell,56990.0,17.9,46788.79,1,46788.79,6636.43,Telangana,Nizamabad,UPI,3.0,5,0
BBD-0113175,2025-11-18 04:35:00,CUST-53825,PROD-4226,JBL Flip 6 Bluetooth Speaker,Electronics,JBL,11999.0,30.1,8387.3,1,8387.3,926.93,Maharashtra,Nagpur,UPI,5.0,1,0
BBD-0113176,2025-11-15 20:25:00,CUST-52150,PROD-2480,Allen Solly Formal Trousers,Fashion,Allen Solly,2499.0,36.7,1581.87,3,4745.61,1248.15,Maharashtra,Nagpur,UPI,5.0,2,0
BBD-0113177,2025-11-05 09:38:00,CUST-92843,PROD-9632,Google Pixel 8a,Mobiles,Google,52999.0,23.9,40332.24,1,40332.24,1680.78,Telangana,Hyderabad,UPI,4.5,2,0
BBD-0113178,2025-11-05 04:19:00,CUST-72841,PROD-8347,FabIndia Cotton Printed Saree,Fashion,FabIndia,4990.0,31.2,3433.12,1,3433.12,920.89,West Bengal,Siliguri,Debit Card,4.5,3,0
BBD-0113179,2025-11-20 22:16:00,CUST-35582,PROD-2875,Dell Inspiron 15 Laptop,Electronics,Dell,56990.0,28.4,40804.84,1,40804.84,4986.62,Haryana,Faridabad,Credit Card,4.0,2,0
BBD-0113180,2025-10-27 14:31:00,CUST-86097,PROD-5353,Samsung Galaxy S24 5G,Mobiles,Samsung,74999.0,23.3,57524.23,1,57524.23,2483.84,Uttar Pradesh,Kanpur,Cash on Delivery,4.5,2,0
BBD-0113181,2025-11-08 02:09:00,CUST-95444,PROD-8409,Zara Textured Casual Shirt,Fashion,Zara,2990.0,34.0,1973.4,1,1973.4,555.73,Delhi,South Delhi,UPI,4.5,2,1
BBD-0113182,2025-10-23 02:58:00,CUST-39441,PROD-9252,Levi's 511 Slim Fit Jeans,Fashion,Levi's,3999.0,44.1,2235.44,3,6706.32,1817.58,Gujarat,Rajkot,Cash on Delivery,4.5,1,0
BBD-0113183,2025-10-25 18:58:00,CUST-23975,PROD-2993,Xiaomi Redmi Note 13 Pro,Mobiles,Xiaomi,25999.0,25.9,19265.26,1,19265.26,385.31,Telangana,Hyderabad,Net Banking,5.0,2,0
BBD-0113184,2025-11-13 17:15:00,CUST-64188,PROD-2405,HP Pavilion Gaming Laptop,Electronics,HP,68990.0,27.2,50224.72,2,100449.44,6914.93,Haryana,Panipat,Debit Card,5.0,3,0
BBD-0113185,2025-10-23 00:46:00,CUST-39581,PROD-5910,LG 43-inch UHD Smart TV,Electronics,LG,38990.0,32.1,26474.21,2,52948.42,5670.33,Gujarat,Vadodara,EMI,5.0,3,0
BBD-0113186,2025-10-16 19:26:00,CUST-70263,PROD-5910,LG 43-inch UHD Smart TV,Electronics,LG,38990.0,28.0,28072.8,1,28072.8,3114.48,Tamil Nadu,Coimbatore,Cash on Delivery,5.0,2,0
BBD-0113187,2025-11-17 09:44:00,CUST-57665,PROD-7356,Biba Women Embroidered Kurta,Fashion,Biba,3299.0,55.5,1468.05,1,1468.05,277.96,Uttar Pradesh,Agra,Debit Card,4.0,2,0
BBD-0113188,2025-10-28 07:53:00,CUST-77587,PROD-5910,LG 43-inch UHD Smart TV,Electronics,LG,38990.0,41.6,22770.16,1,22770.16,1116.9,Tamil Nadu,Coimbatore,Cash on Delivery,4.5,2,0
BBD-0113189,2025-10-21 05:25:00,CUST-37986,PROD-4226,JBL Flip 6 Bluetooth Speaker,Electronics,JBL,11999.0,31.3,8243.31,1,8243.31,810.15,Kerala,Kochi,Net Banking,5.0,2,0
BBD-0113190,2025-10-30 05:56:00,CUST-92342,PROD-7725,Milton Thermosteel 1L Flask,Home & Kitchen,Milton,1150.0,14.6,982.1,2,1964.2,397.19,Telangana,Warangal,UPI,1.0,1,0
BBD-0113191,2025-10-18 22:33:00,CUST-78572,PROD-2480,Allen Solly Formal Trousers,Fashion,Allen Solly,2499.0,44.1,1396.94,2,2793.88,724.66,Tamil Nadu,Coimbatore,UPI,4.5,1,0
BBD-0113192,2025-11-06 00:29:00,CUST-90092,PROD-6157,Godrej 190L Direct Cool Refrigerator,Appliances,Godrej,16990.0,22.2,13218.22,1,13218.22,1324.73,West Bengal,Kolkata,UPI,5.0,1,0
BBD-0113193,2025-11-10 19:55:00,CUST-39416,PROD-6684,Apple iPhone 15 (128GB),Mobiles,Apple,79900.0,23.0,61523.0,1,61523.0,1230.46,Karnataka,Mysore,UPI,4.5,2,0
BBD-0113194,2025-11-10 04:49:00,CUST-86883,PROD-4226,JBL Flip 6 Bluetooth Speaker,Electronics,JBL,11999.0,31.1,8267.31,1,8267.31,664.13,Uttar Pradesh,Kanpur,Credit Card,4.0,2,0
BBD-0113195,2025-10-18 08:48:00,CUST-30007,PROD-6684,Apple iPhone 15 (128GB),Mobiles,Apple,79900.0,17.8,65677.8,1,65677.8,1447.8,Uttar Pradesh,Varanasi,UPI,4.5,2,0
BBD-0113196,2025-10-17 20:18:00,CUST-45798,PROD-9252,Levi's 511 Slim Fit Jeans,Fashion,Levi's,3999.0,51.7,1931.52,2,3863.04,923.84,Maharashtra,Mumbai,UPI,5.0,5,0
BBD-0113197,2025-11-09 02:05:00,CUST-14043,PROD-3168,Puma Men Motorsport Sneakers,Fashion,Puma,5499.0,44.5,3051.94,2,6103.88,1385.87,Delhi,South Delhi,UPI,5.0,3,0
BBD-0113198,2025-10-24 08:53:00,CUST-58858,PROD-9399,Motorola Edge 50 Fusion,Mobiles,Motorola,22999.0,26.3,16950.26,1,16950.26,339.01,Haryana,Gurgaon,EMI,5.0,3,0
BBD-0113199,2025-10-25 10:38:00,CUST-42320,PROD-5353,Samsung Galaxy S24 5G,Mobiles,Samsung,74999.0,23.3,57524.23,1,57524.23,1649.29,Delhi,South Delhi,Credit Card,5.0,2,0
BBD-0113200,2025-10-21 06:43:00,CUST-85159,PROD-6684,Apple iPhone 15 (128GB),Mobiles,Apple,79900.0,25.8,59285.8,1,59285.8,3219.23,Kerala,Kochi,Credit Card,5.0,1,0
BBD-0113201,2025-11-06 20:01:00,CUST-51223,PROD-3168,Puma Men Motorsport Sneakers,Fashion,Puma,5499.0,46.6,2936.47,1,2936.47,633.85,Karnataka,Hubli,Credit Card,4.0,3,0
BBD-0113202,2025-11-04 23:16:00,CUST-14043,PROD-6684,Apple iPhone 15 (128GB),Mobiles,Apple,79900.0,12.7,69752.7,1,69752.7,5483.38,Tamil Nadu,Madurai,UPI,4.0,1,0
BBD-0113203,2025-11-03 08:28:00,CUST-17375,PROD-8482,Kent Grand Plus RO Water Purifier,Home & Kitchen,Kent,18500.0,26.6,13579.0,2,27158.0,4786.3,Maharashtra,Nashik,Credit Card,4.5,7,0
BBD-0113204,2025-10-27 20:38:00,CUST-11660,PROD-9760,Wakefit Orthopedic Memory Mattress,Home & Kitchen,Wakefit,12499.0,28.6,8924.29,1,8924.29,1747.69,Maharashtra,Nashik,Net Banking,4.5,2,0
BBD-0113205,2025-11-17 07:36:00,CUST-15900,PROD-7214,Realme 12 Pro+ 5G,Mobiles,Realme,29999.0,19.7,24089.2,1,24089.2,902.55,West Bengal,Howrah,UPI,5.0,4,1
BBD-0113206,2025-11-12 14:10:00,CUST-74390,PROD-5846,Boat Nirvana Ion Earbuds,Electronics,boAt,4990.0,68.3,1581.83,1,1581.83,31.64,Gujarat,Ahmedabad,Credit Card,4.0,1,0
BBD-0113207,2025-11-20 01:02:00,CUST-96376,PROD-8409,Zara Textured Casual Shirt,Fashion,Zara,2990.0,34.2,1967.42,2,3934.84,1071.46,West Bengal,Siliguri,Credit Card,5.0,1,0
BBD-0113208,2025-11-14 08:33:00,CUST-18371,PROD-9399,Motorola Edge 50 Fusion,Mobiles,Motorola,22999.0,25.3,17180.25,1,17180.25,806.4,Rajasthan,Kota,UPI,5.0,2,0
BBD-0113209,2025-11-09 21:04:00,CUST-10991,PROD-5387,Minimalist 10% Niacinamide Serum,Beauty & Grooming,Minimalist,599.0,15.1,508.55,2,1017.1,343.82,Gujarat,Rajkot,UPI,4.5,3,0
BBD-0113210,2025-11-20 18:00:00,CUST-15721,PROD-5846,Boat Nirvana Ion Earbuds,Electronics,boAt,4990.0,61.3,1931.13,1,1931.13,53.2,Kerala,Kochi,Debit Card,5.0,4,0
BBD-0113211,2025-11-17 07:03:00,CUST-27998,PROD-4226,JBL Flip 6 Bluetooth Speaker,Electronics,JBL,11999.0,19.2,9695.19,1,9695.19,960.07,Kerala,Kozhikode,Credit Card,4.5,2,1
BBD-0113212,2025-10-21 09:17:00,CUST-77999,PROD-5846,Boat Nirvana Ion Earbuds,Electronics,boAt,4990.0,71.1,1442.11,1,1442.11,28.84,Gujarat,Rajkot,Debit Card,5.0,2,0
BBD-0113213,2025-11-14 03:48:00,CUST-17611,PROD-5846,Boat Nirvana Ion Earbuds,Electronics,boAt,4990.0,60.0,1996.0,1,1996.0,54.22,Kerala,Kozhikode,UPI,4.5,3,0
BBD-0113214,2025-10-25 08:12:00,CUST-53650,PROD-5805,LG 8kg Front Load Washing Machine,Appliances,LG,41990.0,24.6,31660.46,1,31660.46,1977.1,Maharashtra,Nashik,UPI,4.0,6,0
BBD-0113215,2025-10-28 22:24:00,CUST-29979,PROD-2480,Allen Solly Formal Trousers,Fashion,Allen Solly,2499.0,37.3,1566.87,1,1566.87,428.92,Rajasthan,Jaipur,UPI,3.0,6,0
BBD-0113216,2025-10-26 00:22:00,CUST-88716,PROD-8627,Apple iPad 10th Gen,Electronics,Apple,39900.0,12.9,34752.9,1,34752.9,3444.21,Telangana,Nizamabad,Credit Card,3.0,1,0
BBD-0113217,2025-11-01 17:19:00,CUST-70168,PROD-8482,Kent Grand Plus RO Water Purifier,Home & Kitchen,Kent,18500.0,23.7,14115.5,1,14115.5,2856.77,Gujarat,Rajkot,UPI,5.0,6,0
BBD-0113218,2025-11-12 16:00:00,CUST-29808,PROD-5353,Samsung Galaxy S24 5G,Mobiles,Samsung,74999.0,12.7,65474.13,1,65474.13,5132.1,Karnataka,Hubli,Credit Card,5.0,1,0
BBD-0113219,2025-10-20 12:59:00,CUST-90048,PROD-2405,HP Pavilion Gaming Laptop,Electronics,HP,68990.0,16.3,57744.63,1,57744.63,7110.99,Uttar Pradesh,Noida,UPI,5.0,1,0
BBD-0113220,2025-11-19 08:48:00,CUST-12428,PROD-2875,Dell Inspiron 15 Laptop,Electronics,Dell,56990.0,27.4,41374.74,1,41374.74,3282.15,Tamil Nadu,Coimbatore,Debit Card,4.0,2,0
BBD-0113221,2025-11-03 02:25:00,CUST-45115,PROD-6082,Samsung 55-inch 4K Smart TV,Electronics,Samsung,54990.0,35.5,35468.55,1,35468.55,2865.29,Rajasthan,Jodhpur,Debit Card,4.0,2,0
BBD-0113222,2025-11-16 11:55:00,CUST-24256,PROD-8021,POCO X6 Pro 5G,Mobiles,POCO,24999.0,22.6,19349.23,1,19349.23,750.12,Tamil Nadu,Coimbatore,Debit Card,4.0,3,0
BBD-0113223,2025-10-26 03:17:00,CUST-93426,PROD-5846,Boat Nirvana Ion Earbuds,Electronics,boAt,4990.0,66.7,1661.67,1,1661.67,46.82,West Bengal,Kolkata,Debit Card,5.0,2,0
BBD-0113224,2025-11-06 19:28:00,CUST-87659,PROD-4226,JBL Flip 6 Bluetooth Speaker,Electronics,JBL,11999.0,33.9,7931.34,1,7931.34,868.93,Delhi,South Delhi,Credit Card,5.0,2,0
BBD-0113225,2025-11-08 06:06:00,CUST-17411,PROD-5846,Boat Nirvana Ion Earbuds,Electronics,boAt,4990.0,56.9,2150.69,1,2150.69,77.11,Rajasthan,Jaipur,UPI,5.0,3,0
BBD-0113226,2025-10-31 04:15:00,CUST-69797,PROD-2405,HP Pavilion Gaming Laptop,Electronics,HP,68990.0,25.1,51673.51,1,51673.51,4469.54,Haryana,Gurgaon,UPI,5.0,5,0
BBD-0113227,2025-11-06 04:14:00,CUST-49350,PROD-8595,IFB 6.5kg Top Load Washer,Appliances,IFB,21990.0,34.0,14513.4,1,14513.4,795.48,Gujarat,Ahmedabad,UPI,5.0,5,0
BBD-0113228,2025-11-04 22:33:00,CUST-50518,PROD-5387,Minimalist 10% Niacinamide Serum,Beauty & Grooming,Minimalist,599.0,8.4,548.68,4,2194.72,691.73,Uttar Pradesh,Lucknow,UPI,5.0,2,0
BBD-0113229,2025-10-23 10:20:00,CUST-18518,PROD-1462,Sony WH-1000XM5 Headphones,Electronics,Sony,29990.0,28.1,21562.81,1,21562.81,2121.47,Maharashtra,Nagpur,UPI,2.0,7,0
BBD-0113230,2025-11-15 22:33:00,CUST-57898,PROD-8627,Apple iPad 10th Gen,Electronics,Apple,39900.0,7.9,36747.9,2,73495.8,10791.51,Tamil Nadu,Chennai,UPI,4.5,4,1
BBD-0113231,2025-11-08 00:11:00,CUST-10021,PROD-0694,Bajaj New Shakti Neo Water Heater,Home & Kitchen,Bajaj,6999.0,38.2,4325.38,2,8650.76,1450.82,Uttar Pradesh,Kanpur,UPI,5.0,3,0
BBD-0113232,2025-10-19 13:26:00,CUST-77924,PROD-6684,Apple iPhone 15 (128GB),Mobiles,Apple,79900.0,22.0,62322.0,1,62322.0,1246.44,Tamil Nadu,Madurai,Credit Card,4.5,3,0
BBD-0113233,2025-10-20 17:36:00,CUST-77922,PROD-9399,Motorola Edge 50 Fusion,Mobiles,Motorola,22999.0,17.1,19066.17,1,19066.17,526.31,Rajasthan,Udaipur,EMI,4.5,5,0
BBD-0113234,2025-10-30 23:28:00,CUST-46724,PROD-8627,Apple iPad 10th Gen,Electronics,Apple,39900.0,13.2,34633.2,1,34633.2,3955.28,West Bengal,Durgapur,UPI,5.0,3,0
BBD-0113235,2025-11-13 13:52:00,CUST-83552,PROD-9235,Nike Air Max Impact Shoes,Fashion,Nike,7995.0,36.0,5116.8,2,10233.6,2592.79,Maharashtra,Nashik,UPI,5.0,3,0
BBD-0113236,2025-11-10 23:40:00,CUST-12593,PROD-8409,Zara Textured Casual Shirt,Fashion,Zara,2990.0,20.6,2374.06,1,2374.06,752.96,Kerala,Thiruvananthapuram,UPI,5.0,2,1
BBD-0113237,2025-10-24 10:07:00,CUST-61912,PROD-6082,Samsung 55-inch 4K Smart TV,Electronics,Samsung,54990.0,33.2,36733.32,1,36733.32,2905.19,Telangana,Warangal,Credit Card,5.0,2,0
BBD-0113238,2025-10-30 06:27:00,CUST-65882,PROD-5675,L'Oreal Paris Total Repair Hair Mask,Beauty & Grooming,L'Oreal,499.0,17.4,412.17,1,412.17,139.87,Gujarat,Vadodara,UPI,5.0,2,0
BBD-0113239,2025-11-17 01:21:00,CUST-50746,PROD-8482,Kent Grand Plus RO Water Purifier,Home & Kitchen,Kent,18500.0,32.5,12487.5,1,12487.5,2066.19,Delhi,New Delhi,Debit Card,3.5,3,0
BBD-0113240,2025-10-21 00:48:00,CUST-51143,PROD-6082,Samsung 55-inch 4K Smart TV,Electronics,Samsung,54990.0,32.9,36898.29,1,36898.29,3086.83,Tamil Nadu,Madurai,UPI,4.5,1,0
BBD-0113241,2025-10-28 10:23:00,CUST-80660,PROD-8595,IFB 6.5kg Top Load Washer,Appliances,IFB,21990.0,19.5,17701.95,1,17701.95,1686.79,Tamil Nadu,Coimbatore,UPI,5.0,2,0
BBD-0113242,2025-11-10 23:36:00,CUST-83152,PROD-2480,Allen Solly Formal Trousers,Fashion,Allen Solly,2499.0,33.7,1656.84,1,1656.84,484.4,Kerala,Thiruvananthapuram,UPI,2.0,3,0
BBD-0113243,2025-10-21 22:13:00,CUST-82329,PROD-7214,Realme 12 Pro+ 5G,Mobiles,Realme,29999.0,28.5,21449.29,1,21449.29,851.47,Tamil Nadu,Chennai,Credit Card,4.5,2,0
BBD-0113244,2025-11-13 05:46:00,CUST-20637,PROD-6814,Noise ColorFit Pro 5 Smartwatch,Electronics,Noise,3999.0,62.9,1483.63,1,1483.63,37.39,Kerala,Kozhikode,UPI,3.0,2,0
BBD-0113245,2025-11-11 17:45:00,CUST-10941,PROD-9252,Levi's 511 Slim Fit Jeans,Fashion,Levi's,3999.0,50.8,1967.51,1,1967.51,403.24,Maharashtra,Mumbai,Net Banking,2.0,1,0
BBD-0113246,2025-10-17 12:07:00,CUST-93590,PROD-6082,Samsung 55-inch 4K Smart TV,Electronics,Samsung,54990.0,29.4,38822.94,1,38822.94,3105.5,Uttar Pradesh,Noida,UPI,4.0,2,1
BBD-0113247,2025-10-30 05:32:00,CUST-77527,PROD-2875,Dell Inspiron 15 Laptop,Electronics,Dell,56990.0,24.2,43198.42,1,43198.42,3605.8,Delhi,West Delhi,Credit Card,4.5,2,0
BBD-0113248,2025-11-07 18:29:00,CUST-24115,PROD-6305,The Derma Co 1% Hyaluronic Sunscreen,Beauty & Grooming,The Derma Co,499.0,15.3,422.65,3,1267.95,450.05,Gujarat,Ahmedabad,UPI,5.0,3,0
BBD-0113249,2025-11-03 15:10:00,CUST-53318,PROD-2405,HP Pavilion Gaming Laptop,Electronics,HP,68990.0,23.7,52639.37,1,52639.37,6145.34,Gujarat,Vadodara,UPI,3.0,2,0
BBD-0113250,2025-11-20 08:21:00,CUST-79615,PROD-8482,Kent Grand Plus RO Water Purifier,Home & Kitchen,Kent,18500.0,17.6,15244.0,1,15244.0,2527.49,Karnataka,Mangalore,Credit Card,5.0,4,0
BBD-0113251,2025-11-04 18:59:00,CUST-74784,PROD-6098,OnePlus 12R,Mobiles,OnePlus,39999.0,12.8,34879.13,1,34879.13,1467.7,Uttar Pradesh,Noida,UPI,4.5,2,0
BBD-0113252,2025-11-14 23:16:00,CUST-80457,PROD-7725,Milton Thermosteel 1L Flask,Home & Kitchen,Milton,1150.0,17.9,944.15,2,1888.3,406.44,Kerala,Kozhikode,UPI,5.0,3,0
BBD-0113253,2025-11-20 01:46:00,CUST-64753,PROD-7356,Biba Women Embroidered Kurta,Fashion,Biba,3299.0,46.3,1771.56,2,3543.12,906.23,Haryana,Faridabad,Credit Card,5.0,2,0
BBD-0113254,2025-11-08 03:41:00,CUST-19343,PROD-8595,IFB 6.5kg Top Load Washer,Appliances,IFB,21990.0,18.1,18009.81,1,18009.81,1927.75,Telangana,Warangal,UPI,4.5,2,0
BBD-0113255,2025-11-11 02:57:00,CUST-79079,PROD-6814,Noise ColorFit Pro 5 Smartwatch,Electronics,Noise,3999.0,55.3,1787.55,1,1787.55,66.72,Tamil Nadu,Madurai,UPI,4.0,2,0
BBD-0113256,2025-10-16 03:16:00,CUST-17005,PROD-2405,HP Pavilion Gaming Laptop,Electronics,HP,68990.0,30.3,48086.03,2,96172.06,8066.3,Maharashtra,Nagpur,UPI,4.5,3,0
BBD-0113257,2025-10-26 16:25:00,CUST-18824,PROD-5846,Boat Nirvana Ion Earbuds,Electronics,boAt,4990.0,69.4,1526.94,1,1526.94,34.97,Kerala,Thiruvananthapuram,Debit Card,4.0,3,0
BBD-0113258,2025-10-22 13:35:00,CUST-19048,PROD-6814,Noise ColorFit Pro 5 Smartwatch,Electronics,Noise,3999.0,61.9,1523.62,1,1523.62,44.37,Uttar Pradesh,Agra,Debit Card,4.0,2,0
BBD-0113259,2025-11-05 03:29:00,CUST-23160,PROD-2480,Allen Solly Formal Trousers,Fashion,Allen Solly,2499.0,45.1,1371.95,4,5487.8,1423.28,Telangana,Hyderabad,UPI,5.0,3,1
BBD-0113260,2025-11-16 22:06:00,CUST-97156,PROD-6082,Samsung 55-inch 4K Smart TV,Electronics,Samsung,54990.0,34.6,35963.46,1,35963.46,2312.71,Telangana,Hyderabad,UPI,5.0,2,0
BBD-0113261,2025-10-25 21:39:00,CUST-27674,PROD-2480,Allen Solly Formal Trousers,Fashion,Allen Solly,2499.0,31.7,1706.82,3,5120.46,1415.82,Uttar Pradesh,Kanpur,Cash on Delivery,4.5,3,0
BBD-0113262,2025-11-03 17:00:00,CUST-43537,PROD-5387,Minimalist 10% Niacinamide Serum,Beauty & Grooming,Minimalist,599.0,20.1,478.6,1,478.6,149.76,Kerala,Kozhikode,UPI,5.0,2,0
BBD-0113263,2025-11-11 18:43:00,CUST-23804,PROD-2875,Dell Inspiron 15 Laptop,Electronics,Dell,56990.0,19.7,45762.97,1,45762.97,6336.9,Uttar Pradesh,Lucknow,UPI,5.0,2,0
BBD-0113264,2025-10-25 20:05:00,CUST-64755,PROD-9949,Daikin 1.5 Ton 5 Star Inverter AC,Appliances,Daikin,45990.0,19.0,37251.9,1,37251.9,4244.76,West Bengal,Kolkata,UPI,4.0,3,0
BBD-0113265,2025-11-06 04:00:00,CUST-17578,PROD-7356,Biba Women Embroidered Kurta,Fashion,Biba,3299.0,49.7,1659.4,3,4978.2,1170.76,Maharashtra,Pune,UPI,3.5,3,0
BBD-0113266,2025-10-24 19:35:00,CUST-32618,PROD-2993,Xiaomi Redmi Note 13 Pro,Mobiles,Xiaomi,25999.0,33.9,17185.34,1,17185.34,343.71,Uttar Pradesh,Noida,UPI,4.0,2,0
BBD-0113267,2025-10-22 23:29:00,CUST-17057,PROD-8021,POCO X6 Pro 5G,Mobiles,POCO,24999.0,33.6,16599.34,1,16599.34,407.08,Kerala,Kochi,Net Banking,5.0,3,0
BBD-0113268,2025-10-27 23:30:00,CUST-12593,PROD-6098,OnePlus 12R,Mobiles,OnePlus,39999.0,12.2,35119.12,1,35119.12,1548.71,West Bengal,Siliguri,EMI,3.5,2,0
BBD-0113269,2025-11-18 10:29:00,CUST-13458,PROD-6098,OnePlus 12R,Mobiles,OnePlus,39999.0,18.0,32799.18,1,32799.18,1056.05,Uttar Pradesh,Agra,Net Banking,4.0,3,0
BBD-0113270,2025-10-24 13:07:00,CUST-10098,PROD-9760,Wakefit Orthopedic Memory Mattress,Home & Kitchen,Wakefit,12499.0,32.8,8399.33,1,8399.33,1267.1,West Bengal,Siliguri,UPI,5.0,3,0
BBD-0113271,2025-10-17 06:04:00,CUST-59783,PROD-1462,Sony WH-1000XM5 Headphones,Electronics,Sony,29990.0,15.1,25461.51,1,25461.51,3676.43,Uttar Pradesh,Lucknow,UPI,3.5,3,0
BBD-0113272,2025-11-12 05:40:00,CUST-80457,PROD-2875,Dell Inspiron 15 Laptop,Electronics,Dell,56990.0,21.3,44851.13,1,44851.13,4510.1,Delhi,West Delhi,UPI,5.0,2,1
BBD-0113273,2025-10-22 12:06:00,CUST-92820,PROD-6684,Apple iPhone 15 (128GB),Mobiles,Apple,79900.0,18.0,65518.0,1,65518.0,2812.78,West Bengal,Siliguri,Debit Card,4.5,4,0
BBD-0113274,2025-10-19 07:29:00,CUST-15747,PROD-6082,Samsung 55-inch 4K Smart TV,Electronics,Samsung,54990.0,32.3,37228.23,1,37228.23,3275.24,Gujarat,Rajkot,UPI,4.0,2,0
BBD-0113275,2025-11-19 23:27:00,CUST-97107,PROD-9235,Nike Air Max Impact Shoes,Fashion,Nike,7995.0,35.1,5188.76,1,5188.76,1267.86,Delhi,North Delhi,Credit Card,5.0,6,0
BBD-0113276,2025-10-18 20:55:00,CUST-25291,PROD-1208,Adidas Originals Trefoil Hoodie,Fashion,Adidas,4599.0,29.4,3246.89,2,6493.78,1681.87,Rajasthan,Jaipur,UPI,5.0,3,0
BBD-0113277,2025-10-24 16:54:00,CUST-87986,PROD-9235,Nike Air Max Impact Shoes,Fashion,Nike,7995.0,26.6,5868.33,1,5868.33,1665.73,West Bengal,Siliguri,Debit Card,5.0,2,0
BBD-0113278,2025-10-16 03:19:00,CUST-32172,PROD-3168,Puma Men Motorsport Sneakers,Fashion,Puma,5499.0,48.7,2820.99,1,2820.99,721.8,Rajasthan,Kota,Net Banking,3.0,3,0
BBD-0113279,2025-10-25 02:16:00,CUST-29001,PROD-5353,Samsung Galaxy S24 5G,Mobiles,Samsung,74999.0,22.8,57899.23,1,57899.23,1276.53,Maharashtra,Nagpur,UPI,3.0,4,0
BBD-0113280,2025-11-17 06:39:00,CUST-85935,PROD-1712,Prestige Iris 750W Mixer Grinder,Home & Kitchen,Prestige,4295.0,39.9,2581.3,1,2581.3,421.31,Gujarat,Vadodara,Credit Card,4.5,2,0
BBD-0113281,2025-11-10 15:20:00,CUST-86648,PROD-7214,Realme 12 Pro+ 5G,Mobiles,Realme,29999.0,21.4,23579.21,1,23579.21,1253.89,Uttar Pradesh,Kanpur,Credit Card,5.0,3,0
BBD-0113282,2025-11-11 13:44:00,CUST-94611,PROD-2480,Allen Solly Formal Trousers,Fashion,Allen Solly,2499.0,33.9,1651.84,1,1651.84,478.48,Karnataka,Hubli,UPI,3.0,1,1
BBD-0113283,2025-10-17 14:33:00,CUST-77947,PROD-6814,Noise ColorFit Pro 5 Smartwatch,Electronics,Noise,3999.0,53.5,1859.53,2,3719.06,177.83,Delhi,West Delhi,Debit Card,5.0,3,0
BBD-0113284,2025-11-03 19:44:00,CUST-40962,PROD-7180,Philips Series 3000 Beard Trimmer,Beauty & Grooming,Philips,1895.0,19.2,1531.16,3,4593.48,1412.24,Gujarat,Rajkot,Credit Card,4.0,3,0
BBD-0113285,2025-10-30 23:31:00,CUST-52427,PROD-9252,Levi's 511 Slim Fit Jeans,Fashion,Levi's,3999.0,35.1,2595.35,1,2595.35,633.46,West Bengal,Kolkata,Debit Card,3.5,3,1
BBD-0113286,2025-11-11 04:36:00,CUST-24751,PROD-9235,Nike Air Max Impact Shoes,Fashion,Nike,7995.0,31.2,5500.56,1,5500.56,1343.33,Haryana,Panipat,Credit Card,5.0,4,0
BBD-0113287,2025-11-18 19:31:00,CUST-46437,PROD-9632,Google Pixel 8a,Mobiles,Google,52999.0,19.2,42823.19,1,42823.19,3015.56,Kerala,Thiruvananthapuram,Cash on Delivery,5.0,4,0
BBD-0113288,2025-11-13 09:47:00,CUST-28067,PROD-6814,Noise ColorFit Pro 5 Smartwatch,Electronics,Noise,3999.0,49.2,2031.49,2,4062.98,310.98,Telangana,Nizamabad,UPI,3.5,3,0
BBD-0113289,2025-10-22 11:10:00,CUST-70109,PROD-6684,Apple iPhone 15 (128GB),Mobiles,Apple,79900.0,13.1,69433.1,1,69433.1,3561.53,Tamil Nadu,Salem,Credit Card,4.5,7,0
BBD-0113290,2025-10-17 17:45:00,CUST-58556,PROD-9252,Levi's 511 Slim Fit Jeans,Fashion,Levi's,3999.0,41.3,2347.41,2,4694.82,1283.03,Delhi,West Delhi,UPI,4.5,2,0
BBD-0113291,2025-10-18 00:35:00,CUST-71634,PROD-8409,Zara Textured Casual Shirt,Fashion,Zara,2990.0,33.3,1994.33,1,1994.33,541.82,Rajasthan,Jaipur,UPI,5.0,3,0
BBD-0113292,2025-10-27 16:02:00,CUST-59783,PROD-5910,LG 43-inch UHD Smart TV,Electronics,LG,38990.0,38.8,23861.88,1,23861.88,1397.9,Tamil Nadu,Coimbatore,UPI,3.5,2,1
BBD-0113293,2025-10-21 14:21:00,CUST-38394,PROD-0694,Bajaj New Shakti Neo Water Heater,Home & Kitchen,Bajaj,6999.0,30.6,4857.31,3,14571.93,2610.53,Delhi,West Delhi,UPI,3.5,3,1
BBD-0113294,2025-11-20 13:03:00,CUST-58087,PROD-6684,Apple iPhone 15 (128GB),Mobiles,Apple,79900.0,14.5,68314.5,1,68314.5,1556.52,Haryana,Gurgaon,UPI,5.0,3,0
BBD-0113295,2025-10-19 20:21:00,CUST-29813,PROD-9399,Motorola Edge 50 Fusion,Mobiles,Motorola,22999.0,20.6,18261.21,2,36522.42,1462.73,Haryana,Faridabad,UPI,5.0,2,0
BBD-0113296,2025-11-18 06:30:00,CUST-35353,PROD-0694,Bajaj New Shakti Neo Water Heater,Home & Kitchen,Bajaj,6999.0,30.5,4864.31,2,9728.62,1897.07,Telangana,Hyderabad,Credit Card,4.0,1,0
BBD-0113297,2025-11-04 23:34:00,CUST-71863,PROD-9760,Wakefit Orthopedic Memory Mattress,Home & Kitchen,Wakefit,12499.0,33.1,8361.83,1,8361.83,1431.49,Rajasthan,Jaipur,Debit Card,4.5,2,0
BBD-0113298,2025-10-31 20:25:00,CUST-21819,PROD-7356,Biba Women Embroidered Kurta,Fashion,Biba,3299.0,52.2,1576.92,1,1576.92,362.35,Maharashtra,Nagpur,UPI,4.5,3,0
BBD-0113299,2025-10-30 19:39:00,CUST-20734,PROD-6814,Noise ColorFit Pro 5 Smartwatch,Electronics,Noise,3999.0,49.4,2023.49,1,2023.49,134.96,Karnataka,Hubli,UPI,4.5,4,0
BBD-0113300,2025-10-26 21:15:00,CUST-78336,PROD-1208,Adidas Originals Trefoil Hoodie,Fashion,Adidas,4599.0,42.3,2653.62,4,10614.48,2814.51,Maharashtra,Nashik,UPI,3.5,2,0
BBD-0113301,2025-11-14 08:14:00,CUST-89232,PROD-9632,Google Pixel 8a,Mobiles,Google,52999.0,21.0,41869.21,1,41869.21,1234.38,Gujarat,Ahmedabad,Credit Card,4.0,3,0
BBD-0113302,2025-11-05 18:18:00,CUST-96984,PROD-6098,OnePlus 12R,Mobiles,OnePlus,39999.0,18.9,32439.19,1,32439.19,2271.54,Kerala,Kochi,Cash on Delivery,5.0,1,0
BBD-0113303,2025-11-10 07:58:00,CUST-52530,PROD-1208,Adidas Originals Trefoil Hoodie,Fashion,Adidas,4599.0,39.0,2805.39,2,5610.78,1509.82,Kerala,Kozhikode,EMI,5.0,2,0
BBD-0113304,2025-11-08 08:19:00,CUST-39175,PROD-2480,Allen Solly Formal Trousers,Fashion,Allen Solly,2499.0,44.7,1381.95,3,4145.85,1117.86,West Bengal,Howrah,UPI,3.0,1,0
BBD-0113305,2025-10-16 10:38:00,CUST-97997,PROD-0367,Whirlpool 265L Frost Free Refrigerator,Appliances,Whirlpool,32490.0,33.4,21638.34,1,21638.34,756.7,Rajasthan,Jaipur,UPI,4.5,3,0
BBD-0113306,2025-10-18 15:46:00,CUST-16479,PROD-6684,Apple iPhone 15 (128GB),Mobiles,Apple,79900.0,12.0,70312.0,1,70312.0,3553.14,Uttar Pradesh,Agra,Credit Card,5.0,1,0
BBD-0113307,2025-11-06 17:34:00,CUST-12961,PROD-0023,Philips Digital Air Fryer,Home & Kitchen,Philips,10995.0,45.4,6003.27,1,6003.27,775.76,West Bengal,Kolkata,Credit Card,4.5,1,0
BBD-0113308,2025-11-08 09:00:00,CUST-88059,PROD-7214,Realme 12 Pro+ 5G,Mobiles,Realme,29999.0,25.8,22259.26,1,22259.26,845.5,Delhi,New Delhi,Debit Card,5.0,5,0
BBD-0113309,2025-11-17 03:54:00,CUST-71141,PROD-8482,Kent Grand Plus RO Water Purifier,Home & Kitchen,Kent,18500.0,23.6,14134.0,1,14134.0,2859.36,Kerala,Kozhikode,Cash on Delivery,3.5,2,0
BBD-0113310,2025-10-16 05:27:00,CUST-10039,PROD-6814,Noise ColorFit Pro 5 Smartwatch,Electronics,Noise,3999.0,65.9,1363.66,1,1363.66,56.06,Telangana,Nizamabad,UPI,5.0,2,0
BBD-0113311,2025-10-16 19:54:00,CUST-89629,PROD-5353,Samsung Galaxy S24 5G,Mobiles,Samsung,74999.0,29.2,53099.29,1,53099.29,1541.67,Gujarat,Ahmedabad,Credit Card,5.0,1,0
BBD-0113312,2025-10-24 08:18:00,CUST-18422,PROD-0023,Philips Digital Air Fryer,Home & Kitchen,Philips,10995.0,43.0,6267.15,1,6267.15,846.66,Maharashtra,Pune,Credit Card,4.0,2,0
BBD-0113313,2025-10-23 02:56:00,CUST-68801,PROD-2993,Xiaomi Redmi Note 13 Pro,Mobiles,Xiaomi,25999.0,24.9,19525.25,1,19525.25,757.29,Gujarat,Rajkot,UPI,4.5,2,0
BBD-0113314,2025-10-31 18:59:00,CUST-12674,PROD-9399,Motorola Edge 50 Fusion,Mobiles,Motorola,22999.0,29.2,16283.29,1,16283.29,325.67,Kerala,Kochi,Debit Card,3.5,3,0
BBD-0113315,2025-10-22 00:36:00,CUST-85602,PROD-9632,Google Pixel 8a,Mobiles,Google,52999.0,20.9,41922.21,1,41922.21,838.44,Tamil Nadu,Salem,Debit Card,4.5,4,0
BBD-0113316,2025-11-14 03:18:00,CUST-70415,PROD-7214,Realme 12 Pro+ 5G,Mobiles,Realme,29999.0,19.5,24149.19,1,24149.19,1223.88,Rajasthan,Jodhpur,Credit Card,4.5,3,0
BBD-0113317,2025-11-11 08:13:00,CUST-24168,PROD-7725,Milton Thermosteel 1L Flask,Home & Kitchen,Milton,1150.0,31.8,784.3,1,784.3,121.36,Gujarat,Rajkot,UPI,3.5,1,0
BBD-0113318,2025-11-07 04:55:00,CUST-48651,PROD-6814,Noise ColorFit Pro 5 Smartwatch,Electronics,Noise,3999.0,57.4,1703.57,1,1703.57,93.78,Karnataka,Hubli,Debit Card,4.5,3,0
BBD-0113319,2025-11-07 08:07:00,CUST-69398,PROD-8595,IFB 6.5kg Top Load Washer,Appliances,IFB,21990.0,31.2,15129.12,1,15129.12,1163.66,Delhi,North Delhi,Credit Card,3.0,5,0
BBD-0113320,2025-11-06 12:49:00,CUST-86648,PROD-9949,Daikin 1.5 Ton 5 Star Inverter AC,Appliances,Daikin,45990.0,19.8,36883.98,2,73767.96,6106.03,Haryana,Panipat,Debit Card,1.0,2,0
BBD-0113321,2025-10-16 13:46:00,CUST-60863,PROD-7725,Milton Thermosteel 1L Flask,Home & Kitchen,Milton,1150.0,22.1,895.85,1,895.85,140.42,Haryana,Panipat,UPI,5.0,2,0
BBD-0113322,2025-10-24 22:03:00,CUST-30508,PROD-9760,Wakefit Orthopedic Memory Mattress,Home & Kitchen,Wakefit,12499.0,37.4,7824.37,2,15648.74,2789.23,Karnataka,Mangalore,Credit Card,2.0,5,0
BBD-0113323,2025-10-20 00:31:00,CUST-52899,PROD-9399,Motorola Edge 50 Fusion,Mobiles,Motorola,22999.0,21.6,18031.22,1,18031.22,1188.25,Kerala,Kochi,Credit Card,4.0,3,0
BBD-0113324,2025-10-26 02:45:00,CUST-39609,PROD-6098,OnePlus 12R,Mobiles,OnePlus,39999.0,12.5,34999.12,1,34999.12,2366.77,Uttar Pradesh,Agra,Credit Card,4.5,2,0
BBD-0113325,2025-11-16 08:25:00,CUST-23887,PROD-6814,Noise ColorFit Pro 5 Smartwatch,Electronics,Noise,3999.0,53.6,1855.54,1,1855.54,41.47,Kerala,Kochi,Debit Card,5.0,1,1
BBD-0113326,2025-10-20 21:26:00,CUST-46074,PROD-2405,HP Pavilion Gaming Laptop,Electronics,HP,68990.0,31.1,47534.11,1,47534.11,5076.99,West Bengal,Siliguri,UPI,5.0,4,0
BBD-0113327,2025-11-18 07:43:00,CUST-10891,PROD-6814,Noise ColorFit Pro 5 Smartwatch,Electronics,Noise,3999.0,63.0,1479.63,2,2959.26,59.19,Uttar Pradesh,Varanasi,UPI,5.0,2,0
BBD-0113328,2025-10-26 18:00:00,CUST-84589,PROD-2405,HP Pavilion Gaming Laptop,Electronics,HP,68990.0,21.4,54226.14,1,54226.14,5399.13,West Bengal,Siliguri,Cash on Delivery,5.0,1,1
BBD-0113329,2025-10-23 00:40:00,CUST-80939,PROD-8627,Apple iPad 10th Gen,Electronics,Apple,39900.0,11.7,35231.7,1,35231.7,5091.8,Rajasthan,Jodhpur,Credit Card,1.0,2,1
BBD-0113330,2025-11-20 08:04:00,CUST-87280,PROD-1712,Prestige Iris 750W Mixer Grinder,Home & Kitchen,Prestige,4295.0,45.6,2336.48,1,2336.48,300.3,Haryana,Gurgaon,Cash on Delivery,5.0,1,0
BBD-0113331,2025-10-21 11:06:00,CUST-42583,PROD-8021,POCO X6 Pro 5G,Mobiles,POCO,24999.0,21.7,19574.22,1,19574.22,391.48,West Bengal,Howrah,EMI,3.5,4,0
BBD-0113332,2025-11-07 00:57:00,CUST-95052,PROD-2405,HP Pavilion Gaming Laptop,Electronics,HP,68990.0,17.0,57261.7,1,57261.7,5716.1,Delhi,New Delhi,Debit Card,5.0,2,0
BBD-0113333,2025-11-03 10:00:00,CUST-63423,PROD-9632,Google Pixel 8a,Mobiles,Google,52999.0,10.7,47328.11,1,47328.11,3486.73,Gujarat,Ahmedabad,Credit Card,5.0,5,0
BBD-0113334,2025-11-02 21:34:00,CUST-31308,PROD-8347,FabIndia Cotton Printed Saree,Fashion,FabIndia,4990.0,27.1,3637.71,1,3637.71,1031.62,Telangana,Nizamabad,UPI,4.0,2,0
BBD-0113335,2025-10-20 09:51:00,CUST-23117,PROD-5675,L'Oreal Paris Total Repair Hair Mask,Beauty & Grooming,L'Oreal,499.0,23.7,380.74,2,761.48,246.54,West Bengal,Howrah,Debit Card,5.0,1,0
BBD-0113336,2025-10-30 14:13:00,CUST-45666,PROD-0694,Bajaj New Shakti Neo Water Heater,Home & Kitchen,Bajaj,6999.0,36.0,4479.36,1,4479.36,604.73,Delhi,New Delhi,Cash on Delivery,5.0,2,0
BBD-0113337,2025-10-30 21:06:00,CUST-61523,PROD-7214,Realme 12 Pro+ 5G,Mobiles,Realme,29999.0,31.0,20699.31,1,20699.31,413.99,Telangana,Warangal,Credit Card,5.0,2,0
BBD-0113338,2025-10-25 16:55:00,CUST-41130,PROD-9252,Levi's 511 Slim Fit Jeans,Fashion,Levi's,3999.0,45.3,2187.45,1,2187.45,526.55,Tamil Nadu,Madurai,UPI,5.0,3,0
BBD-0113339,2025-11-02 19:26:00,CUST-74582,PROD-0694,Bajaj New Shakti Neo Water Heater,Home & Kitchen,Bajaj,6999.0,27.6,5067.28,1,5067.28,1022.8,Uttar Pradesh,Varanasi,UPI,5.0,3,0
BBD-0113340,2025-10-19 16:43:00,CUST-49596,PROD-2480,Allen Solly Formal Trousers,Fashion,Allen Solly,2499.0,40.2,1494.4,3,4483.2,1197.97,Delhi,North Delhi,Debit Card,2.0,2,1
BBD-0113341,2025-11-04 01:32:00,CUST-43337,PROD-9760,Wakefit Orthopedic Memory Mattress,Home & Kitchen,Wakefit,12499.0,36.3,7961.86,1,7961.86,1136.91,Gujarat,Surat,Credit Card,5.0,5,0
BBD-0113342,2025-10-19 14:52:00,CUST-98873,PROD-7214,Realme 12 Pro+ 5G,Mobiles,Realme,29999.0,16.8,24959.17,1,24959.17,1350.53,Telangana,Hyderabad,Credit Card,5.0,1,0
BBD-0113343,2025-11-14 11:01:00,CUST-22612,PROD-9949,Daikin 1.5 Ton 5 Star Inverter AC,Appliances,Daikin,45990.0,23.0,35412.3,1,35412.3,1979.8,Karnataka,Mysore,Credit Card,4.5,1,0
BBD-0113344,2025-10-29 09:34:00,CUST-25443,PROD-8627,Apple iPad 10th Gen,Electronics,Apple,39900.0,18.4,32558.4,1,32558.4,4635.32,Maharashtra,Pune,Credit Card,4.0,1,0
BBD-0113345,2025-11-12 16:20:00,CUST-78067,PROD-8482,Kent Grand Plus RO Water Purifier,Home & Kitchen,Kent,18500.0,34.0,12210.0,1,12210.0,1710.35,Gujarat,Vadodara,UPI,3.5,2,1
BBD-0113346,2025-11-20 08:35:00,CUST-70569,PROD-6098,OnePlus 12R,Mobiles,OnePlus,39999.0,12.4,35039.12,1,35039.12,2257.54,Maharashtra,Pune,UPI,4.5,2,0
BBD-0113347,2025-11-06 12:28:00,CUST-36915,PROD-9399,Motorola Edge 50 Fusion,Mobiles,Motorola,22999.0,22.6,17801.23,1,17801.23,628.23,West Bengal,Siliguri,UPI,3.5,3,0
BBD-0113348,2025-10-27 11:35:00,CUST-24326,PROD-8347,FabIndia Cotton Printed Saree,Fashion,FabIndia,4990.0,37.8,3103.78,1,3103.78,844.15,Kerala,Kozhikode,UPI,4.5,1,1
BBD-0113349,2025-10-27 10:18:00,CUST-65561,PROD-9949,Daikin 1.5 Ton 5 Star Inverter AC,Appliances,Daikin,45990.0,23.8,35044.38,1,35044.38,1985.56,Maharashtra,Mumbai,Cash on Delivery,5.0,1,0
BBD-0113350,2025-10-29 17:20:00,CUST-51758,PROD-2875,Dell Inspiron 15 Laptop,Electronics,Dell,56990.0,19.6,45819.96,1,45819.96,4876.81,Uttar Pradesh,Varanasi,Debit Card,5.0,2,0
BBD-0113351,2025-11-15 18:20:00,CUST-56311,PROD-2480,Allen Solly Formal Trousers,Fashion,Allen Solly,2499.0,44.6,1384.45,3,4153.35,913.9,Haryana,Faridabad,Debit Card,5.0,4,0
BBD-0113352,2025-11-05 02:52:00,CUST-99081,PROD-8347,FabIndia Cotton Printed Saree,Fashion,FabIndia,4990.0,37.6,3113.76,4,12455.04,3066.14,Uttar Pradesh,Varanasi,Credit Card,5.0,4,0
BBD-0113353,2025-11-15 14:30:00,CUST-92802,PROD-6305,The Derma Co 1% Hyaluronic Sunscreen,Beauty & Grooming,The Derma Co,499.0,26.2,368.26,2,736.52,213.13,Gujarat,Rajkot,Credit Card,4.5,1,0
BBD-0113354,2025-11-20 06:35:00,CUST-85305,PROD-8347,FabIndia Cotton Printed Saree,Fashion,FabIndia,4990.0,37.7,3108.77,1,3108.77,785.35,West Bengal,Howrah,Credit Card,5.0,2,0
BBD-0113355,2025-10-26 23:15:00,CUST-13946,PROD-7180,Philips Series 3000 Beard Trimmer,Beauty & Grooming,Philips,1895.0,34.9,1233.64,4,4934.56,1366.45,West Bengal,Kolkata,Credit Card,4.5,4,0
BBD-0113356,2025-11-01 10:43:00,CUST-25041,PROD-9235,Nike Air Max Impact Shoes,Fashion,Nike,7995.0,25.4,5964.27,1,5964.27,1514.73,Tamil Nadu,Coimbatore,Cash on Delivery,4.0,1,0
BBD-0113357,2025-10-27 17:42:00,CUST-46578,PROD-3168,Puma Men Motorsport Sneakers,Fashion,Puma,5499.0,55.6,2441.56,1,2441.56,527.99,Uttar Pradesh,Varanasi,EMI,5.0,2,0
BBD-0113358,2025-11-12 09:42:00,CUST-96057,PROD-6098,OnePlus 12R,Mobiles,OnePlus,39999.0,11.1,35559.11,1,35559.11,1997.95,Gujarat,Surat,Debit Card,3.5,1,0
BBD-0113359,2025-11-19 01:23:00,CUST-51609,PROD-0694,Bajaj New Shakti Neo Water Heater,Home & Kitchen,Bajaj,6999.0,33.3,4668.33,2,9336.66,1763.97,Karnataka,Mysore,Cash on Delivery,5.0,3,0
BBD-0113360,2025-11-16 02:13:00,CUST-12333,PROD-7725,Milton Thermosteel 1L Flask,Home & Kitchen,Milton,1150.0,29.9,806.15,1,806.15,125.19,Kerala,Kozhikode,Credit Card,5.0,4,0
BBD-0113361,2025-11-02 15:11:00,CUST-16701,PROD-1712,Prestige Iris 750W Mixer Grinder,Home & Kitchen,Prestige,4295.0,40.1,2572.7,1,2572.7,410.28,Karnataka,Bangalore,Debit Card,5.0,2,0
BBD-0113362,2025-10-25 11:59:00,CUST-29315,PROD-6684,Apple iPhone 15 (128GB),Mobiles,Apple,79900.0,15.3,67675.3,1,67675.3,4952.81,Maharashtra,Nagpur,Credit Card,4.5,2,0
BBD-0113363,2025-10-26 14:41:00,CUST-30942,PROD-1462,Sony WH-1000XM5 Headphones,Electronics,Sony,29990.0,30.8,20753.08,1,20753.08,2084.03,Haryana,Panipat,UPI,5.0,2,0
BBD-0113364,2025-11-08 21:09:00,CUST-41274,PROD-2405,HP Pavilion Gaming Laptop,Electronics,HP,68990.0,17.0,57261.7,3,171785.1,22436.23,Telangana,Nizamabad,UPI,5.0,2,0
BBD-0113365,2025-10-28 14:23:00,CUST-44278,PROD-2993,Xiaomi Redmi Note 13 Pro,Mobiles,Xiaomi,25999.0,17.4,21475.17,1,21475.17,1514.95,Haryana,Panipat,Debit Card,4.5,3,0
BBD-0113366,2025-11-01 11:57:00,CUST-18336,PROD-1712,Prestige Iris 750W Mixer Grinder,Home & Kitchen,Prestige,4295.0,35.3,2778.87,1,2778.87,464.18,Karnataka,Bangalore,Net Banking,5.0,2,0
BBD-0113367,2025-11-12 05:19:00,CUST-80661,PROD-9632,Google Pixel 8a,Mobiles,Google,52999.0,16.5,44254.17,1,44254.17,2472.32,West Bengal,Kolkata,UPI,4.0,6,0
BBD-0113368,2025-11-12 00:15:00,CUST-83159,PROD-9399,Motorola Edge 50 Fusion,Mobiles,Motorola,22999.0,25.2,17203.25,1,17203.25,344.06,Karnataka,Bangalore,Cash on Delivery,4.0,2,0
BBD-0113369,2025-10-23 02:37:00,CUST-84211,PROD-3168,Puma Men Motorsport Sneakers,Fashion,Puma,5499.0,56.7,2381.07,1,2381.07,451.73,Haryana,Panipat,Debit Card,4.0,3,0
BBD-0113370,2025-11-02 23:14:00,CUST-82756,PROD-9632,Google Pixel 8a,Mobiles,Google,52999.0,10.7,47328.11,1,47328.11,3127.61,Telangana,Hyderabad,Debit Card,3.0,3,0
BBD-0113371,2025-11-20 22:29:00,CUST-94674,PROD-5910,LG 43-inch UHD Smart TV,Electronics,LG,38990.0,36.3,24836.63,1,24836.63,1792.79,Gujarat,Vadodara,Credit Card,4.5,4,0
BBD-0113372,2025-11-11 18:13:00,CUST-54587,PROD-5353,Samsung Galaxy S24 5G,Mobiles,Samsung,74999.0,20.5,59624.21,1,59624.21,2778.58,Karnataka,Mangalore,UPI,4.5,7,0
BBD-0113373,2025-10-17 02:20:00,CUST-43265,PROD-7214,Realme 12 Pro+ 5G,Mobiles,Realme,29999.0,28.8,21359.29,1,21359.29,761.54,Uttar Pradesh,Varanasi,Credit Card,5.0,2,0
BBD-0113374,2025-11-09 20:01:00,CUST-85929,PROD-6684,Apple iPhone 15 (128GB),Mobiles,Apple,79900.0,26.0,59126.0,1,59126.0,2726.21,Tamil Nadu,Coimbatore,Net Banking,5.0,1,0
BBD-0113375,2025-11-18 05:24:00,CUST-76600,PROD-9252,Levi's 511 Slim Fit Jeans,Fashion,Levi's,3999.0,49.7,2011.5,3,6034.5,1293.41,Gujarat,Surat,UPI,4.5,3,0
BBD-0113376,2025-11-16 23:54:00,CUST-22227,PROD-0023,Philips Digital Air Fryer,Home & Kitchen,Philips,10995.0,35.1,7135.76,1,7135.76,1266.18,Uttar Pradesh,Noida,Credit Card,5.0,2,0
BBD-0113377,2025-11-06 23:22:00,CUST-78838,PROD-6157,Godrej 190L Direct Cool Refrigerator,Appliances,Godrej,16990.0,27.1,12385.71,1,12385.71,984.73,Uttar Pradesh,Lucknow,Cash on Delivery,3.0,3,0
BBD-0113378,2025-11-17 20:36:00,CUST-36633,PROD-6684,Apple iPhone 15 (128GB),Mobiles,Apple,79900.0,19.0,64719.0,1,64719.0,3313.51,Kerala,Kozhikode,Cash on Delivery,2.0,3,0
BBD-0113379,2025-11-16 00:46:00,CUST-46305,PROD-0023,Philips Digital Air Fryer,Home & Kitchen,Philips,10995.0,43.2,6245.16,1,6245.16,1016.18,Rajasthan,Jaipur,Debit Card,3.5,3,0
BBD-0113380,2025-10-18 15:59:00,CUST-32099,PROD-6684,Apple iPhone 15 (128GB),Mobiles,Apple,79900.0,13.7,68953.7,1,68953.7,3978.81,West Bengal,Kolkata,EMI,4.5,2,1
BBD-0113381,2025-11-10 22:53:00,CUST-13946,PROD-2993,Xiaomi Redmi Note 13 Pro,Mobiles,Xiaomi,25999.0,32.8,17471.33,2,34942.66,698.85,Delhi,West Delhi,UPI,4.0,3,0
BBD-0113382,2025-11-05 02:24:00,CUST-51259,PROD-6098,OnePlus 12R,Mobiles,OnePlus,39999.0,12.7,34919.13,1,34919.13,1859.41,Haryana,Faridabad,Credit Card,5.0,2,0
BBD-0113383,2025-10-23 05:26:00,CUST-18081,PROD-8347,FabIndia Cotton Printed Saree,Fashion,FabIndia,4990.0,25.7,3707.57,1,3707.57,922.65,Kerala,Thiruvananthapuram,Credit Card,5.0,2,0
BBD-0113384,2025-11-10 16:25:00,CUST-78192,PROD-9632,Google Pixel 8a,Mobiles,Google,52999.0,22.0,41339.22,2,82678.44,2231.64,Rajasthan,Jodhpur,Credit Card,3.0,1,0
BBD-0113385,2025-11-18 15:36:00,CUST-55636,PROD-9632,Google Pixel 8a,Mobiles,Google,52999.0,26.0,39219.26,1,39219.26,1630.57,Uttar Pradesh,Varanasi,UPI,4.5,2,0
BBD-0113386,2025-10-19 15:23:00,CUST-36677,PROD-9632,Google Pixel 8a,Mobiles,Google,52999.0,14.0,45579.14,1,45579.14,1432.51,Uttar Pradesh,Noida,Credit Card,4.5,2,0
BBD-0113387,2025-11-07 20:43:00,CUST-35355,PROD-5305,Maybelline New York Matte Lipstick,Beauty & Grooming,Maybelline,449.0,28.8,319.69,2,639.38,186.24,Karnataka,Mysore,Credit Card,5.0,2,0
BBD-0113388,2025-11-18 10:34:00,CUST-54693,PROD-5305,Maybelline New York Matte Lipstick,Beauty & Grooming,Maybelline,449.0,39.5,271.64,1,271.64,75.08,Kerala,Kozhikode,Debit Card,4.5,3,1
BBD-0113389,2025-11-01 20:53:00,CUST-19048,PROD-7356,Biba Women Embroidered Kurta,Fashion,Biba,3299.0,46.9,1751.77,2,3503.54,800.1,Haryana,Gurgaon,UPI,4.5,2,0
BBD-0113390,2025-11-03 08:04:00,CUST-94196,PROD-9760,Wakefit Orthopedic Memory Mattress,Home & Kitchen,Wakefit,12499.0,30.1,8736.8,1,8736.8,1225.97,Delhi,North Delhi,Debit Card,4.5,2,1
BBD-0113391,2025-10-21 09:06:00,CUST-38628,PROD-4226,JBL Flip 6 Bluetooth Speaker,Electronics,JBL,11999.0,24.1,9107.24,1,9107.24,767.52,Haryana,Panipat,UPI,3.5,2,0
BBD-0113392,2025-10-29 03:57:00,CUST-74641,PROD-8021,POCO X6 Pro 5G,Mobiles,POCO,24999.0,24.0,18999.24,1,18999.24,379.98,Karnataka,Mysore,UPI,3.5,2,0
BBD-0113393,2025-10-17 18:58:00,CUST-62195,PROD-2405,HP Pavilion Gaming Laptop,Electronics,HP,68990.0,24.7,51949.47,1,51949.47,6490.96,Gujarat,Vadodara,UPI,5.0,3,0
BBD-0113394,2025-11-16 10:02:00,CUST-10971,PROD-9399,Motorola Edge 50 Fusion,Mobiles,Motorola,22999.0,16.2,19273.16,1,19273.16,724.12,Karnataka,Mysore,Credit Card,4.5,2,0
BBD-0113395,2025-11-11 16:38:00,CUST-17248,PROD-7214,Realme 12 Pro+ 5G,Mobiles,Realme,29999.0,22.4,23279.22,1,23279.22,878.94,Rajasthan,Kota,Cash on Delivery,5.0,1,0
BBD-0113396,2025-10-28 06:53:00,CUST-43074,PROD-1712,Prestige Iris 750W Mixer Grinder,Home & Kitchen,Prestige,4295.0,47.5,2254.88,1,2254.88,282.05,West Bengal,Howrah,UPI,4.0,2,0
BBD-0113397,2025-10-18 21:01:00,CUST-82615,PROD-6098,OnePlus 12R,Mobiles,OnePlus,39999.0,7.9,36839.08,2,73678.16,3330.07,Gujarat,Surat,Debit Card,4.5,1,0
BBD-0113398,2025-10-26 04:32:00,CUST-61456,PROD-2875,Dell Inspiron 15 Laptop,Electronics,Dell,56990.0,19.1,46104.91,1,46104.91,6223.4,Karnataka,Mysore,UPI,3.0,1,0
BBD-0113399,2025-11-20 06:24:00,CUST-48179,PROD-2993,Xiaomi Redmi Note 13 Pro,Mobiles,Xiaomi,25999.0,28.8,18511.29,2,37022.58,1673.31,Rajasthan,Udaipur,UPI,4.5,3,0
BBD-0113400,2025-11-10 21:46:00,CUST-48549,PROD-7725,Milton Thermosteel 1L Flask,Home & Kitchen,Milton,1150.0,18.2,940.7,2,1881.4,352.42,Rajasthan,Jodhpur,UPI,5.0,2,0
BBD-0113401,2025-11-07 11:39:00,CUST-93755,PROD-6684,Apple iPhone 15 (128GB),Mobiles,Apple,79900.0,11.6,70631.6,1,70631.6,5617.94,Telangana,Nizamabad,UPI,5.0,3,0
BBD-0113402,2025-11-08 21:24:00,CUST-50791,PROD-1462,Sony WH-1000XM5 Headphones,Electronics,Sony,29990.0,30.1,20963.01,1,20963.01,1659.97,West Bengal,Kolkata,UPI,4.5,2,0
BBD-0113403,2025-10-27 20:14:00,CUST-57395,PROD-1712,Prestige Iris 750W Mixer Grinder,Home & Kitchen,Prestige,4295.0,40.3,2564.11,1,2564.11,361.03,Gujarat,Rajkot,UPI,5.0,3,0
BBD-0113404,2025-10-29 12:48:00,CUST-54267,PROD-3168,Puma Men Motorsport Sneakers,Fashion,Puma,5499.0,40.8,3255.41,1,3255.41,851.12,Telangana,Warangal,Cash on Delivery,4.5,3,0
BBD-0113405,2025-10-22 13:42:00,CUST-86326,PROD-2875,Dell Inspiron 15 Laptop,Electronics,Dell,56990.0,16.7,47472.67,1,47472.67,4559.34,Karnataka,Bangalore,UPI,5.0,2,0
BBD-0113406,2025-11-06 23:48:00,CUST-57928,PROD-2480,Allen Solly Formal Trousers,Fashion,Allen Solly,2499.0,33.7,1656.84,1,1656.84,474.15,Uttar Pradesh,Varanasi,UPI,2.0,4,0
BBD-0113407,2025-11-04 18:02:00,CUST-86394,PROD-6684,Apple iPhone 15 (128GB),Mobiles,Apple,79900.0,25.1,59845.1,1,59845.1,1754.2,Rajasthan,Udaipur,Credit Card,5.0,1,0
BBD-0113408,2025-11-09 19:55:00,CUST-87963,PROD-4226,JBL Flip 6 Bluetooth Speaker,Electronics,JBL,11999.0,19.5,9659.19,2,19318.38,1737.43,Uttar Pradesh,Noida,EMI,4.5,7,0
BBD-0113409,2025-11-04 19:01:00,CUST-77347,PROD-8021,POCO X6 Pro 5G,Mobiles,POCO,24999.0,34.7,16324.35,1,16324.35,326.49,Delhi,North Delhi,UPI,5.0,1,0
BBD-0113410,2025-10-23 09:51:00,CUST-71290,PROD-5846,Boat Nirvana Ion Earbuds,Electronics,boAt,4990.0,64.3,1781.43,1,1781.43,66.46,Maharashtra,Pune,UPI,5.0,5,0
BBD-0113411,2025-11-11 18:11:00,CUST-78254,PROD-3168,Puma Men Motorsport Sneakers,Fashion,Puma,5499.0,55.0,2474.55,1,2474.55,559.04,West Bengal,Siliguri,Debit Card,4.5,1,0
BBD-0113412,2025-11-05 23:54:00,CUST-47802,PROD-8347,FabIndia Cotton Printed Saree,Fashion,FabIndia,4990.0,27.1,3637.71,1,3637.71,1032.21,Gujarat,Vadodara,Debit Card,3.0,2,0
BBD-0113413,2025-11-08 08:54:00,CUST-75293,PROD-4226,JBL Flip 6 Bluetooth Speaker,Electronics,JBL,11999.0,31.1,8267.31,1,8267.31,894.16,Maharashtra,Nagpur,UPI,4.5,2,0
BBD-0113414,2025-10-23 19:29:00,CUST-84960,PROD-5846,Boat Nirvana Ion Earbuds,Electronics,boAt,4990.0,68.2,1586.82,1,1586.82,31.74,Kerala,Thiruvananthapuram,Debit Card,5.0,5,0
BBD-0113415,2025-10-20 20:03:00,CUST-10082,PROD-3168,Puma Men Motorsport Sneakers,Fashion,Puma,5499.0,39.5,3326.89,1,3326.89,833.11,Delhi,North Delhi,Credit Card,3.5,1,0
BBD-0113416,2025-11-10 07:15:00,CUST-37284,PROD-5910,LG 43-inch UHD Smart TV,Electronics,LG,38990.0,41.3,22887.13,1,22887.13,1382.17,Telangana,Hyderabad,UPI,5.0,3,0
BBD-0113417,2025-11-19 05:15:00,CUST-47493,PROD-6082,Samsung 55-inch 4K Smart TV,Electronics,Samsung,54990.0,30.7,38108.07,1,38108.07,4342.52,Karnataka,Mangalore,UPI,5.0,1,0
BBD-0113418,2025-10-25 13:13:00,CUST-64617,PROD-9760,Wakefit Orthopedic Memory Mattress,Home & Kitchen,Wakefit,12499.0,28.8,8899.29,2,17798.58,2905.51,West Bengal,Howrah,Cash on Delivery,5.0,1,0
BBD-0113419,2025-11-18 07:46:00,CUST-15289,PROD-2875,Dell Inspiron 15 Laptop,Electronics,Dell,56990.0,22.9,43939.29,1,43939.29,3637.19,Uttar Pradesh,Agra,UPI,5.0,6,0
BBD-0113420,2025-11-06 15:37:00,CUST-51297,PROD-6098,OnePlus 12R,Mobiles,OnePlus,39999.0,16.5,33399.17,1,33399.17,1596.5,Kerala,Kochi,Debit Card,2.0,2,0
BBD-0113421,2025-11-17 03:04:00,CUST-28956,PROD-0367,Whirlpool 265L Frost Free Refrigerator,Appliances,Whirlpool,32490.0,35.6,20923.56,2,41847.12,2773.99,Kerala,Thiruvananthapuram,UPI,5.0,5,0
BBD-0113422,2025-10-28 12:27:00,CUST-41082,PROD-1208,Adidas Originals Trefoil Hoodie,Fashion,Adidas,4599.0,35.8,2952.56,1,2952.56,756.98,Tamil Nadu,Coimbatore,UPI,4.5,1,0
BBD-0113423,2025-10-27 00:11:00,CUST-58214,PROD-9399,Motorola Edge 50 Fusion,Mobiles,Motorola,22999.0,27.9,16582.28,1,16582.28,763.43,Uttar Pradesh,Noida,Debit Card,5.0,3,0
BBD-0113424,2025-11-01 06:11:00,CUST-69906,PROD-6814,Noise ColorFit Pro 5 Smartwatch,Electronics,Noise,3999.0,51.0,1959.51,1,1959.51,86.34,Tamil Nadu,Salem,UPI,5.0,3,0
BBD-0113425,2025-10-21 11:37:00,CUST-89240,PROD-6814,Noise ColorFit Pro 5 Smartwatch,Electronics,Noise,3999.0,55.5,1779.55,1,1779.55,35.59,Rajasthan,Udaipur,EMI,5.0,2,0
BBD-0113426,2025-11-05 19:36:00,CUST-90855,PROD-6305,The Derma Co 1% Hyaluronic Sunscreen,Beauty & Grooming,The Derma Co,499.0,17.0,414.17,2,828.34,258.79,Maharashtra,Mumbai,UPI,5.0,2,0
BBD-0113427,2025-11-15 06:26:00,CUST-22795,PROD-2993,Xiaomi Redmi Note 13 Pro,Mobiles,Xiaomi,25999.0,19.5,20929.19,1,20929.19,915.43,Tamil Nadu,Salem,Credit Card,4.0,3,0
BBD-0113428,2025-11-05 08:46:00,CUST-48575,PROD-2405,HP Pavilion Gaming Laptop,Electronics,HP,68990.0,24.3,52225.43,1,52225.43,5107.73,Delhi,South Delhi,Credit Card,4.5,2,0
BBD-0113429,2025-11-14 12:33:00,CUST-69923,PROD-1712,Prestige Iris 750W Mixer Grinder,Home & Kitchen,Prestige,4295.0,41.9,2495.39,1,2495.39,335.7,Delhi,West Delhi,UPI,5.0,1,0
BBD-0113430,2025-11-12 21:31:00,CUST-95613,PROD-8021,POCO X6 Pro 5G,Mobiles,POCO,24999.0,30.1,17474.3,1,17474.3,837.25,Uttar Pradesh,Lucknow,Debit Card,5.0,1,0
BBD-0113431,2025-10-26 08:35:00,CUST-51862,PROD-2405,HP Pavilion Gaming Laptop,Electronics,HP,68990.0,17.8,56709.78,1,56709.78,5587.41,West Bengal,Kolkata,UPI,4.0,3,0
BBD-0113432,2025-11-12 20:11:00,CUST-36847,PROD-5910,LG 43-inch UHD Smart TV,Electronics,LG,38990.0,34.1,25694.41,1,25694.41,1477.29,Gujarat,Ahmedabad,UPI,1.0,7,1
BBD-0113433,2025-11-17 01:55:00,CUST-66609,PROD-8347,FabIndia Cotton Printed Saree,Fashion,FabIndia,4990.0,25.2,3732.52,1,3732.52,1098.29,Kerala,Kochi,UPI,4.5,2,0
BBD-0113434,2025-11-11 10:56:00,CUST-72684,PROD-7214,Realme 12 Pro+ 5G,Mobiles,Realme,29999.0,23.4,22979.23,1,22979.23,459.58,Delhi,West Delhi,UPI,4.5,2,0
BBD-0113435,2025-11-02 23:39:00,CUST-61229,PROD-9399,Motorola Edge 50 Fusion,Mobiles,Motorola,22999.0,26.6,16881.27,1,16881.27,337.63,Gujarat,Ahmedabad,Cash on Delivery,4.0,1,0
BBD-0113436,2025-10-26 23:34:00,CUST-59968,PROD-8021,POCO X6 Pro 5G,Mobiles,POCO,24999.0,21.1,19724.21,1,19724.21,1157.21,Delhi,West Delhi,Credit Card,1.0,1,0
BBD-0113437,2025-11-01 11:50:00,CUST-55392,PROD-7725,Milton Thermosteel 1L Flask,Home & Kitchen,Milton,1150.0,25.5,856.75,1,856.75,133.51,Maharashtra,Nagpur,Debit Card,4.5,1,0
BBD-0113438,2025-11-19 12:57:00,CUST-54906,PROD-7214,Realme 12 Pro+ 5G,Mobiles,Realme,29999.0,25.2,22439.25,1,22439.25,582.54,Karnataka,Mangalore,UPI,4.5,4,0
BBD-0113439,2025-10-28 01:25:00,CUST-99221,PROD-5387,Minimalist 10% Niacinamide Serum,Beauty & Grooming,Minimalist,599.0,10.6,535.51,3,1606.53,543.93,Telangana,Warangal,UPI,5.0,1,0
BBD-0113440,2025-11-07 07:43:00,CUST-34021,PROD-1712,Prestige Iris 750W Mixer Grinder,Home & Kitchen,Prestige,4295.0,51.1,2100.26,1,2100.26,248.39,Haryana,Faridabad,UPI,4.5,5,0
BBD-0113441,2025-10-24 08:46:00,CUST-91119,PROD-2993,Xiaomi Redmi Note 13 Pro,Mobiles,Xiaomi,25999.0,24.5,19629.24,1,19629.24,392.58,Haryana,Panipat,UPI,4.5,2,0
BBD-0113442,2025-10-20 18:46:00,CUST-82534,PROD-2875,Dell Inspiron 15 Laptop,Electronics,Dell,56990.0,24.2,43198.42,2,86396.84,6828.28,Haryana,Gurgaon,UPI,5.0,6,0
BBD-0113443,2025-11-15 00:51:00,CUST-80099,PROD-4226,JBL Flip 6 Bluetooth Speaker,Electronics,JBL,11999.0,30.6,8327.31,1,8327.31,493.54,Rajasthan,Kota,Credit Card,5.0,4,0
BBD-0113444,2025-10-18 21:44:00,CUST-98815,PROD-8347,FabIndia Cotton Printed Saree,Fashion,FabIndia,4990.0,33.6,3313.36,1,3313.36,793.11,West Bengal,Siliguri,Cash on Delivery,5.0,6,1
BBD-0113445,2025-11-02 13:51:00,CUST-76600,PROD-5353,Samsung Galaxy S24 5G,Mobiles,Samsung,74999.0,24.4,56699.24,1,56699.24,2013.03,Telangana,Warangal,Cash on Delivery,5.0,5,0
BBD-0113446,2025-11-19 04:30:00,CUST-79047,PROD-8409,Zara Textured Casual Shirt,Fashion,Zara,2990.0,34.7,1952.47,1,1952.47,547.85,Maharashtra,Mumbai,UPI,4.0,3,0
BBD-0113447,2025-11-11 17:27:00,CUST-62837,PROD-9399,Motorola Edge 50 Fusion,Mobiles,Motorola,22999.0,21.4,18077.21,1,18077.21,1157.9,Uttar Pradesh,Noida,Debit Card,5.0,1,0
BBD-0113448,2025-11-01 08:10:00,CUST-50955,PROD-5387,Minimalist 10% Niacinamide Serum,Beauty & Grooming,Minimalist,599.0,19.7,481.0,1,481.0,143.58,Haryana,Panipat,Credit Card,4.5,7,0
BBD-0113449,2025-11-01 07:49:00,CUST-25654,PROD-9632,Google Pixel 8a,Mobiles,Google,52999.0,13.1,46056.13,1,46056.13,3061.92,Gujarat,Ahmedabad,Debit Card,5.0,2,0
BBD-0113450,2025-10-19 06:11:00,CUST-23073,PROD-8482,Kent Grand Plus RO Water Purifier,Home & Kitchen,Kent,18500.0,25.6,13764.0,1,13764.0,2811.61,Telangana,Warangal,Cash on Delivery,5.0,5,0
BBD-0113451,2025-11-09 07:33:00,CUST-13851,PROD-2875,Dell Inspiron 15 Laptop,Electronics,Dell,56990.0,18.8,46275.88,1,46275.88,3908.74,Karnataka,Bangalore,EMI,5.0,4,0
BBD-0113452,2025-10-16 19:01:00,CUST-56878,PROD-2897,Bombay Shaving Co Grooming Kit,Beauty & Grooming,Bombay Shaving Co,1499.0,37.0,944.37,2,1888.74,518.54,Kerala,Kochi,UPI,5.0,2,0
BBD-0113453,2025-10-19 09:11:00,CUST-37409,PROD-5387,Minimalist 10% Niacinamide Serum,Beauty & Grooming,Minimalist,599.0,14.9,509.75,3,1529.25,549.87,Uttar Pradesh,Noida,Debit Card,5.0,1,0
BBD-0113454,2025-10-28 13:11:00,CUST-94946,PROD-1712,Prestige Iris 750W Mixer Grinder,Home & Kitchen,Prestige,4295.0,51.6,2078.78,1,2078.78,231.21,Gujarat,Ahmedabad,UPI,5.0,4,0
BBD-0113455,2025-11-11 02:25:00,CUST-89736,PROD-8627,Apple iPad 10th Gen,Electronics,Apple,39900.0,9.5,36109.5,1,36109.5,5791.85,Delhi,North Delhi,Cash on Delivery,3.5,2,0
BBD-0113456,2025-10-22 15:38:00,CUST-23390,PROD-2480,Allen Solly Formal Trousers,Fashion,Allen Solly,2499.0,29.9,1751.8,3,5255.4,1555.89,Uttar Pradesh,Noida,UPI,5.0,2,0
BBD-0113457,2025-10-24 00:13:00,CUST-15742,PROD-2875,Dell Inspiron 15 Laptop,Electronics,Dell,56990.0,16.0,47871.6,1,47871.6,4855.35,Gujarat,Vadodara,Credit Card,5.0,2,0
BBD-0113458,2025-10-17 01:47:00,CUST-15747,PROD-9632,Google Pixel 8a,Mobiles,Google,52999.0,18.5,43194.18,1,43194.18,2514.01,Karnataka,Hubli,UPI,4.5,2,0
BBD-0113459,2025-10-21 00:11:00,CUST-32924,PROD-6098,OnePlus 12R,Mobiles,OnePlus,39999.0,21.5,31399.22,1,31399.22,1340.53,Delhi,New Delhi,Net Banking,4.0,3,0
BBD-0113460,2025-10-20 08:26:00,CUST-75554,PROD-5675,L'Oreal Paris Total Repair Hair Mask,Beauty & Grooming,L'Oreal,499.0,30.0,349.3,1,349.3,97.46,Delhi,New Delhi,UPI,4.5,2,0
BBD-0113461,2025-10-20 07:36:00,CUST-79091,PROD-3168,Puma Men Motorsport Sneakers,Fashion,Puma,5499.0,46.9,2919.97,1,2919.97,609.71,Uttar Pradesh,Lucknow,Net Banking,5.0,4,0
BBD-0113462,2025-11-06 03:51:00,CUST-84566,PROD-6082,Samsung 55-inch 4K Smart TV,Electronics,Samsung,54990.0,34.3,36128.43,1,36128.43,2458.95,West Bengal,Kolkata,Debit Card,5.0,4,0
BBD-0113463,2025-10-23 03:48:00,CUST-55636,PROD-3168,Puma Men Motorsport Sneakers,Fashion,Puma,5499.0,41.4,3222.41,1,3222.41,824.79,Telangana,Hyderabad,Credit Card,5.0,3,1
BBD-0113464,2025-10-19 04:06:00,CUST-31682,PROD-2405,HP Pavilion Gaming Laptop,Electronics,HP,68990.0,33.7,45740.37,1,45740.37,2757.19,Delhi,West Delhi,UPI,4.0,6,0
BBD-0113465,2025-11-20 13:31:00,CUST-64626,PROD-8021,POCO X6 Pro 5G,Mobiles,POCO,24999.0,26.5,18374.26,1,18374.26,990.1,Kerala,Kozhikode,Credit Card,5.0,1,0
BBD-0113466,2025-10-16 23:41:00,CUST-64694,PROD-5846,Boat Nirvana Ion Earbuds,Electronics,boAt,4990.0,59.2,2035.92,1,2035.92,40.72,Maharashtra,Nashik,Credit Card,4.5,2,0
BBD-0113467,2025-10-29 19:47:00,CUST-76287,PROD-5387,Minimalist 10% Niacinamide Serum,Beauty & Grooming,Minimalist,599.0,15.1,508.55,3,1525.65,510.04,Gujarat,Vadodara,Debit Card,5.0,1,0
BBD-0113468,2025-10-29 23:05:00,CUST-72431,PROD-5910,LG 43-inch UHD Smart TV,Electronics,LG,38990.0,25.1,29203.51,1,29203.51,3289.65,Uttar Pradesh,Varanasi,Credit Card,4.5,1,0
BBD-0113469,2025-11-01 09:57:00,CUST-46036,PROD-8347,FabIndia Cotton Printed Saree,Fashion,FabIndia,4990.0,31.8,3403.18,1,3403.18,808.2,Maharashtra,Nagpur,Net Banking,4.0,1,0
BBD-0113470,2025-11-05 06:28:00,CUST-79451,PROD-0023,Philips Digital Air Fryer,Home & Kitchen,Philips,10995.0,30.0,7696.5,1,7696.5,1161.01,West Bengal,Howrah,Net Banking,3.5,4,0
BBD-0113471,2025-10-26 23:43:00,CUST-43872,PROD-9252,Levi's 511 Slim Fit Jeans,Fashion,Levi's,3999.0,38.8,2447.39,1,2447.39,609.99,Telangana,Nizamabad,UPI,5.0,2,0
BBD-0113472,2025-10-19 10:56:00,CUST-40877,PROD-0023,Philips Digital Air Fryer,Home & Kitchen,Philips,10995.0,30.5,7641.53,1,7641.53,1287.43,Kerala,Kozhikode,UPI,5.0,4,0
BBD-0113473,2025-11-09 07:00:00,CUST-87083,PROD-8347,FabIndia Cotton Printed Saree,Fashion,FabIndia,4990.0,29.0,3542.9,2,7085.8,2094.32,Maharashtra,Nashik,UPI,5.0,4,0
BBD-0113474,2025-11-17 23:55:00,CUST-84920,PROD-2875,Dell Inspiron 15 Laptop,Electronics,Dell,56990.0,25.3,42571.53,1,42571.53,3071.03,Karnataka,Hubli,Cash on Delivery,1.0,2,0
BBD-0113475,2025-10-21 18:25:00,CUST-90306,PROD-6098,OnePlus 12R,Mobiles,OnePlus,39999.0,15.5,33799.15,1,33799.15,1108.61,Delhi,South Delhi,UPI,4.0,1,0
BBD-0113476,2025-10-23 04:54:00,CUST-92077,PROD-5846,Boat Nirvana Ion Earbuds,Electronics,boAt,4990.0,64.0,1796.4,1,1796.4,77.63,Maharashtra,Mumbai,Net Banking,4.5,3,0
BBD-0113477,2025-11-09 07:31:00,CUST-78860,PROD-6082,Samsung 55-inch 4K Smart TV,Electronics,Samsung,54990.0,30.0,38493.0,1,38493.0,4330.49,Kerala,Kochi,UPI,2.0,1,0
BBD-0113478,2025-10-23 15:36:00,CUST-50480,PROD-7356,Biba Women Embroidered Kurta,Fashion,Biba,3299.0,56.4,1438.36,3,4315.08,990.98,Rajasthan,Jodhpur,UPI,3.0,6,0
BBD-0113479,2025-11-06 03:35:00,CUST-89744,PROD-6082,Samsung 55-inch 4K Smart TV,Electronics,Samsung,54990.0,35.9,35248.59,1,35248.59,3116.94,Haryana,Panipat,EMI,4.0,6,0
BBD-0113480,2025-10-29 16:29:00,CUST-32977,PROD-8021,POCO X6 Pro 5G,Mobiles,POCO,24999.0,27.3,18174.27,1,18174.27,457.12,Uttar Pradesh,Kanpur,UPI,5.0,5,0
BBD-0113481,2025-11-13 10:51:00,CUST-68612,PROD-8347,FabIndia Cotton Printed Saree,Fashion,FabIndia,4990.0,30.5,3468.05,3,10404.15,2725.36,Uttar Pradesh,Lucknow,Credit Card,4.5,2,0
BBD-0113482,2025-11-08 23:28:00,CUST-11740,PROD-6684,Apple iPhone 15 (128GB),Mobiles,Apple,79900.0,22.0,62322.0,2,124644.0,7481.29,Tamil Nadu,Salem,Credit Card,5.0,4,0
BBD-0113483,2025-11-02 06:40:00,CUST-60098,PROD-9235,Nike Air Max Impact Shoes,Fashion,Nike,7995.0,40.0,4797.0,1,4797.0,1110.53,Karnataka,Mangalore,UPI,5.0,3,1
BBD-0113484,2025-11-18 21:57:00,CUST-50146,PROD-8409,Zara Textured Casual Shirt,Fashion,Zara,2990.0,23.2,2296.32,1,2296.32,637.91,Uttar Pradesh,Noida,UPI,4.0,2,0
BBD-0113485,2025-10-21 18:38:00,CUST-25516,PROD-0694,Bajaj New Shakti Neo Water Heater,Home & Kitchen,Bajaj,6999.0,28.4,5011.28,1,5011.28,942.82,Kerala,Kozhikode,Debit Card,4.0,2,0
BBD-0113486,2025-11-09 00:36:00,CUST-63403,PROD-6082,Samsung 55-inch 4K Smart TV,Electronics,Samsung,54990.0,30.5,38218.05,1,38218.05,4498.54,Delhi,West Delhi,Credit Card,4.5,1,0
BBD-0113487,2025-10-19 22:41:00,CUST-63037,PROD-6814,Noise ColorFit Pro 5 Smartwatch,Electronics,Noise,3999.0,56.9,1723.57,1,1723.57,103.76,Tamil Nadu,Coimbatore,UPI,5.0,1,0
BBD-0113488,2025-10-17 11:25:00,CUST-10751,PROD-2897,Bombay Shaving Co Grooming Kit,Beauty & Grooming,Bombay Shaving Co,1499.0,46.2,806.46,1,806.46,202.28,West Bengal,Howrah,Credit Card,5.0,3,0
BBD-0113489,2025-11-19 18:48:00,CUST-51914,PROD-5910,LG 43-inch UHD Smart TV,Electronics,LG,38990.0,27.7,28189.77,1,28189.77,2090.22,Uttar Pradesh,Kanpur,UPI,4.0,3,0
BBD-0113490,2025-11-19 10:36:00,CUST-52236,PROD-6082,Samsung 55-inch 4K Smart TV,Electronics,Samsung,54990.0,34.0,36293.4,1,36293.4,2504.6,Delhi,New Delhi,UPI,3.0,3,0
BBD-0113491,2025-11-17 10:33:00,CUST-49941,PROD-0023,Philips Digital Air Fryer,Home & Kitchen,Philips,10995.0,42.3,6344.11,1,6344.11,1047.84,Tamil Nadu,Coimbatore,Net Banking,4.0,1,0
BBD-0113492,2025-10-28 17:24:00,CUST-17956,PROD-5353,Samsung Galaxy S24 5G,Mobiles,Samsung,74999.0,16.5,62624.17,1,62624.17,4332.82,Rajasthan,Udaipur,EMI,3.5,1,0
BBD-0113493,2025-10-24 07:25:00,CUST-68761,PROD-1208,Adidas Originals Trefoil Hoodie,Fashion,Adidas,4599.0,45.3,2515.65,1,2515.65,663.29,Gujarat,Rajkot,Debit Card,5.0,2,0
BBD-0113494,2025-11-10 20:02:00,CUST-63676,PROD-5805,LG 8kg Front Load Washing Machine,Appliances,LG,41990.0,25.9,31114.59,1,31114.59,2021.12,Telangana,Nizamabad,Credit Card,3.5,5,1
BBD-0113495,2025-10-16 10:34:00,CUST-86666,PROD-6684,Apple iPhone 15 (128GB),Mobiles,Apple,79900.0,14.0,68714.0,2,137428.0,6149.94,Gujarat,Surat,EMI,5.0,1,0
BBD-0113496,2025-11-04 04:07:00,CUST-18288,PROD-9399,Motorola Edge 50 Fusion,Mobiles,Motorola,22999.0,14.0,19779.14,1,19779.14,1104.75,Maharashtra,Nagpur,Credit Card,4.0,4,0
BBD-0113497,2025-10-21 22:43:00,CUST-27731,PROD-6684,Apple iPhone 15 (128GB),Mobiles,Apple,79900.0,11.4,70791.4,2,141582.8,5186.49,Maharashtra,Mumbai,Credit Card,4.5,3,0
BBD-0113498,2025-10-28 06:48:00,CUST-50486,PROD-0023,Philips Digital Air Fryer,Home & Kitchen,Philips,10995.0,33.4,7322.67,1,7322.67,1237.06,Tamil Nadu,Salem,UPI,4.0,2,0
BBD-0113499,2025-11-11 13:03:00,CUST-30937,PROD-8627,Apple iPad 10th Gen,Electronics,Apple,39900.0,20.6,31680.6,1,31680.6,3003.71,West Bengal,Howrah,UPI,3.0,4,0
